transaction_id,amount_minor,amount_log,mcc,mcc_risk,hour_of_day,weekend,velocity_5m,device_trust,network_trust,impossible_travel,new_device,distance_km,is_fraud
tx_00000,2867,7.961370201719511,4814,0.55,17,1,4,-1,1,0,0,1.86,0
tx_00001,4870,8.491054533806542,5814,0.3,2,0,1,-1,1,0,0,9.11,0
tx_00002,10547,9.263691547473178,5812,0.45,5,1,1,1,1,0,0,1.59,0
tx_00003,4484,8.408493774492896,5412,0.2,18,0,9,0,1,0,0,35.66,0
tx_00004,6252,8.740816627567298,5412,0.2,19,1,2,1,1,1,0,3899.67,1
tx_00005,12388,9.424564261115739,6011,0.85,3,1,2,1,1,0,0,4.69,0
tx_00006,5848,8.674025985443025,4814,0.55,21,0,3,1,1,0,0,2.35,0
tx_00007,10096,9.219993629004321,5812,0.45,20,0,0,1,1,0,0,6.44,0
tx_00008,36985,10.518294741644821,4829,0.8,20,0,2,1,1,0,0,1.9,0
tx_00009,6918,8.842026529498812,4814,0.55,5,0,5,1,1,0,0,6.17,0
tx_00010,24973,10.125590562675091,5691,0.35,16,1,0,1,1,0,0,7.69,0
tx_00011,13857,9.536617962187327,7995,0.3,3,0,1,1,1,0,0,9.15,0
tx_00012,2021,7.611842399580417,5814,0.3,4,0,1,1,0,0,0,39.4,0
tx_00013,2859,7.958576903813898,5814,0.3,1,0,3,1,1,0,0,4.47,0
tx_00014,3690,8.213652703029998,5814,0.3,11,1,0,-1,1,0,0,3.4,0
tx_00015,3616,8.193400231952097,5968,0.7,17,1,1,1,1,0,0,3.78,0
tx_00016,7476,8.919586920999915,5691,0.35,4,0,4,0,0,0,0,0.83,0
tx_00017,14604,9.58911921482184,4814,0.55,4,0,2,-1,1,0,0,15.08,0
tx_00018,26838,10.197611332567385,5968,0.7,6,0,2,1,1,0,0,1.47,0
tx_00019,10915,9.29798488182823,5412,0.2,4,0,9,0,1,0,0,16.94,0
tx_00020,5334,8.582044163735853,5691,0.35,19,0,1,1,1,0,0,1.66,0
tx_00021,1127,7.028201432058005,5411,0.1,4,1,3,-1,1,0,0,0.65,0
tx_00022,8710,9.072341873818893,4829,0.8,6,0,3,1,0,0,0,0.27,0
tx_00023,8347,9.029777268197092,6011,0.85,7,1,2,0,1,0,0,13.73,0
tx_00024,9691,9.179056081936416,5814,0.3,4,0,1,1,1,0,0,22.44,0
tx_00025,60240,11.006108462601597,5812,0.45,22,0,3,1,1,0,0,7.52,0
tx_00026,26469,10.183767295221147,5411,0.1,5,0,5,0,1,0,0,1.39,0
tx_00027,17171,9.751035429344451,5968,0.7,11,0,6,0,1,0,0,1.17,0
tx_00028,3266,8.09162741160107,5691,0.35,13,0,3,0,1,1,0,2864.77,1
tx_00029,5003,8.517992871586802,5412,0.2,6,1,1,-1,1,0,0,14.32,0
tx_00030,7443,8.915163617762142,5412,0.2,11,1,7,0,1,0,1,3.44,0
tx_00031,3899,8.268731832117737,4900,0.1,4,1,3,1,1,0,0,0.82,0
tx_00032,13103,9.480672806092851,4814,0.55,11,0,0,-1,1,0,0,1.65,0
tx_00033,11433,9.344346651823917,5691,0.35,0,1,1,1,1,0,0,6.07,0
tx_00034,2897,7.971776122880628,6011,0.85,10,1,3,1,1,0,0,20.49,0
tx_00035,25391,10.14218944276619,4121,0.2,8,0,0,1,1,0,0,10.29,0
tx_00036,8976,9.10242102975669,6011,0.85,8,0,3,1,1,0,0,1.74,0
tx_00037,1576,7.3632795869630385,5968,0.7,2,1,0,1,1,0,0,4.64,0
tx_00038,7757,8.956479847999912,4900,0.1,23,0,4,0,-1,0,0,16.3,0
tx_00039,10639,9.272375762895635,5712,0.25,0,0,2,1,1,0,0,4.54,0
tx_00040,20523,9.929350212061856,4829,0.8,3,1,5,0,1,0,0,0.7,0
tx_00041,5911,8.684739462628038,5814,0.3,2,0,0,1,1,0,0,2.12,0
tx_00042,17885,9.791773562906126,5812,0.45,23,0,3,-1,0,0,0,0.1,0
tx_00043,9730,9.18307194482199,5311,0.4,7,1,4,1,-1,0,0,6.98,0
tx_00044,2335,7.756195343948118,4121,0.2,10,1,1,1,1,0,0,23.42,0
tx_00045,2123,7.66105638236183,7995,0.3,18,1,3,0,-1,1,0,3180.52,1
tx_00046,23661,10.071625664813608,5412,0.2,1,0,4,1,1,0,0,4.49,0
tx_00047,25371,10.141401482753787,6011,0.85,1,0,3,1,0,0,0,1.68,0
tx_00048,11069,9.311994025702683,5812,0.45,4,0,3,1,1,0,0,3.74,0
tx_00049,33728,10.42611328041787,5814,0.3,16,0,0,1,-1,0,0,5.79,0
tx_00050,22224,10.008973060382106,5814,0.3,23,0,0,1,0,0,0,21.61,0
tx_00051,15594,9.654705629041903,4829,0.8,14,1,3,1,1,0,0,7.54,0
tx_00052,3427,8.13973227971767,5411,0.1,20,0,1,1,1,0,0,0.65,0
tx_00053,42194,10.650057009592066,5412,0.2,21,0,1,1,1,0,0,12.78,0
tx_00054,13557,9.51473205799091,5412,0.2,6,0,1,1,1,0,0,0.49,0
tx_00055,5646,8.638879709672837,4121,0.2,4,0,3,1,1,0,0,6.14,0
tx_00056,4317,8.370547611074752,5691,0.35,3,0,5,0,1,0,0,36.63,0
tx_00057,10395,9.249176395761381,4829,0.8,19,0,10,0,1,0,0,0.69,0
tx_00058,1665,7.418180822726788,5814,0.3,16,1,3,1,1,0,0,4.21,0
tx_00059,15833,9.669914805731379,5812,0.45,20,0,5,0,1,0,0,4.51,0
tx_00060,3292,8.099554282376364,6011,0.85,12,0,5,-1,0,0,0,4.91,0
tx_00061,11582,9.357293784932345,5814,0.3,23,1,0,-1,1,0,0,13.11,0
tx_00062,4962,8.50976567558744,5411,0.1,21,0,0,1,1,0,0,2.17,0
tx_00063,6336,8.754160749323518,7995,0.3,19,0,3,1,1,0,0,10.99,0
tx_00064,3968,8.286269452783065,5411,0.1,19,0,1,1,1,0,0,3.55,0
tx_00065,6988,8.85209276347713,5311,0.4,2,1,3,1,1,0,0,5.71,0
tx_00066,49025,10.800106048612763,6011,0.85,17,1,1,1,1,0,0,0.91,0
tx_00067,30363,10.321012975136659,5411,0.1,22,1,1,1,1,0,0,17.77,0
tx_00068,11406,9.341982481027898,4814,0.55,7,1,0,1,1,0,0,5.96,0
tx_00069,7952,8.981304494957135,5412,0.2,19,0,1,-1,-1,0,0,10.0,0
tx_00070,18163,9.807196892217842,5968,0.7,8,0,1,1,1,0,0,18.96,0
tx_00071,23829,10.078700570092789,4829,0.8,5,1,11,0,1,0,0,3.5,0
tx_00072,3703,8.21716859576607,5412,0.2,17,1,1,-1,-1,0,0,3.65,0
tx_00073,7567,8.931684110731714,4814,0.55,3,0,2,1,0,0,0,0.58,0
tx_00074,1443,7.275172319452771,5812,0.45,11,1,0,1,1,0,0,6.09,0
tx_00075,23674,10.072174918054278,5412,0.2,22,1,7,0,1,0,0,25.56,0
tx_00076,57927,10.966956139068657,5311,0.4,3,1,1,1,1,0,0,4.62,0
tx_00077,8789,9.081369990679223,4900,0.1,3,1,3,1,1,0,0,1.82,0
tx_00078,1082,6.9874902470009905,5691,0.35,22,1,2,1,1,1,0,4623.32,1
tx_00079,14525,9.583695426166113,5812,0.45,18,1,4,1,1,0,0,0.88,0
tx_00080,3451,8.146709052203319,7995,0.3,11,1,2,1,1,0,0,2.38,0
tx_00081,4337,8.37516869138682,5412,0.2,9,0,0,-1,1,0,0,2.21,0
tx_00082,14771,9.600488775972455,4829,0.8,23,0,2,1,0,0,0,14.39,0
tx_00083,10373,9.247057954911346,5968,0.7,17,1,1,-1,1,0,0,6.51,0
tx_00084,5123,8.541690663016626,5712,0.25,21,0,2,1,-1,0,0,2.44,0
tx_00085,4394,8.388222810119277,5812,0.45,2,1,5,0,1,0,0,2.68,0
tx_00086,9179,9.124782483614537,4814,0.55,12,1,12,0,-1,0,0,6.08,0
tx_00087,5520,8.616314282284044,5311,0.4,17,0,2,1,1,0,0,6.3,0
tx_00088,2840,7.951911381854188,5814,0.3,0,0,1,-1,1,0,0,5.92,0
tx_00089,5939,8.68946441235669,5968,0.7,12,0,1,-1,1,0,0,2.22,0
tx_00090,11246,9.327856705404022,5412,0.2,1,1,8,1,1,0,0,18.02,0
tx_00091,6877,8.83608319099221,5968,0.7,21,0,8,0,1,0,0,33.65,0
tx_00092,2127,7.662937850461535,5968,0.7,16,0,1,1,1,0,0,27.08,0
tx_00093,20843,9.944821416029106,5411,0.1,4,0,1,1,1,0,0,21.47,0
tx_00094,604,6.405228458030842,6011,0.85,12,1,1,1,0,0,0,85.97,0
tx_00095,5330,8.581294116822761,5311,0.4,2,0,0,1,1,0,0,2.14,0
tx_00096,4519,8.416267272826277,4900,0.1,19,1,1,1,1,0,0,2.31,0
tx_00097,9376,9.146015161419625,5812,0.45,4,1,1,1,0,0,0,0.93,0
tx_00098,13888,9.53885243891622,5712,0.25,14,0,2,-1,1,0,0,3.73,0
tx_00099,23756,10.075632502878522,4814,0.55,1,1,4,1,1,0,0,1.12,0
tx_00100,4140,8.328692583545568,5968,0.7,3,0,8,0,1,0,0,24.27,1
tx_00101,14220,9.562475024372697,4829,0.8,23,0,1,1,1,0,0,6.48,0
tx_00102,9810,9.19125948416339,5968,0.7,9,0,2,1,1,0,0,3.35,0
tx_00103,1602,7.3796321526095525,4121,0.2,2,1,5,0,1,0,0,1.35,1
tx_00104,49547,10.81069717567409,5968,0.7,16,1,1,1,-1,0,0,1.07,0
tx_00105,2076,7.638679823876112,5968,0.7,4,1,0,1,1,0,1,2.66,0
tx_00106,12133,9.403766708502243,5814,0.3,14,1,1,-1,1,0,1,34.87,0
tx_00107,11797,9.37568530456302,5812,0.45,19,0,1,1,1,0,0,19.7,0
tx_00108,10583,9.267098705794792,5412,0.2,16,1,3,1,0,0,0,12.37,0
tx_00109,5091,8.535425959677298,5812,0.45,5,1,0,1,1,0,0,0.37,0
tx_00110,17873,9.791102421941337,4900,0.1,5,0,0,1,1,0,1,4.43,0
tx_00111,1850,7.523481312573497,5814,0.3,5,1,1,1,1,0,0,3.7,0
tx_00112,7651,8.942722330560143,5691,0.35,15,1,2,1,1,0,0,2.15,0
tx_00113,4767,8.469682208745185,5412,0.2,16,1,3,1,1,0,0,5.31,0
tx_00114,4280,8.361941906144946,5691,0.35,12,0,3,1,1,0,0,1.68,0
tx_00115,12240,9.412546252075513,5691,0.35,9,0,3,1,1,0,0,2.61,0
tx_00116,22669,10.028797743501574,4121,0.2,1,1,3,1,1,0,0,1.76,0
tx_00117,5879,8.679312040892672,4814,0.55,20,0,2,-1,1,0,0,2.31,0
tx_00118,17100,9.746892220313054,4900,0.1,15,1,3,0,1,0,0,0.09,0
tx_00119,8539,9.052516286782616,4814,0.55,15,1,1,1,1,1,0,4150.43,1
tx_00120,3488,8.157370441186774,5412,0.2,2,1,1,-1,-1,0,0,10.53,0
tx_00121,6375,8.760296220470051,5812,0.45,6,0,8,0,1,0,0,1.89,0
tx_00122,6128,8.720786883485731,5812,0.45,7,1,2,1,1,0,0,19.02,0
tx_00123,4202,8.343553835005117,5412,0.2,14,0,3,1,1,0,0,1.75,0
tx_00124,12237,9.412301144022486,5968,0.7,18,1,1,1,1,0,0,1.15,0
tx_00125,10179,9.228180290104513,5691,0.35,20,0,1,1,1,0,0,17.51,0
tx_00126,1797,7.494430215031565,4814,0.55,12,1,2,1,1,0,0,2.63,0
tx_00127,1696,7.436617265234227,5814,0.3,8,0,4,1,-1,0,0,6.57,0
tx_00128,12193,9.408699306467762,5712,0.25,9,1,1,-1,1,0,0,0.86,0
tx_00129,3754,8.230843564198235,5712,0.25,17,0,1,1,1,0,0,4.1,0
tx_00130,10852,9.292196818446016,5691,0.35,7,1,1,1,1,0,0,3.37,0
tx_00131,17104,9.747126097411705,5691,0.35,9,1,0,-1,1,0,0,3.14,0
tx_00132,2435,7.798112628829788,4814,0.55,18,1,0,1,1,0,0,3.22,0
tx_00133,2131,7.664815785285735,5691,0.35,13,0,1,1,0,0,0,6.19,0
tx_00134,39970,10.595909470156478,5968,0.7,11,1,2,1,-1,0,0,5.7,0
tx_00135,11375,9.339261152043022,5311,0.4,17,1,0,1,-1,0,0,9.21,0
tx_00136,5469,8.607033895416027,5712,0.25,6,1,3,1,1,0,0,0.46,0
tx_00137,3354,8.118207049405783,4121,0.2,1,1,2,1,1,0,0,29.97,0
tx_00138,5015,8.520388082312756,5311,0.4,18,0,9,0,1,0,0,3.81,0
tx_00139,2628,7.874358824729881,5412,0.2,10,1,0,1,1,0,0,2.65,0
tx_00140,18853,9.844480371956095,7995,0.3,7,0,8,0,1,1,0,978.48,0
tx_00141,3894,8.267448958304849,4900,0.1,2,0,3,0,1,0,0,3.98,0
tx_00142,23018,10.044075240845775,4900,0.1,22,1,0,1,1,0,0,5.7,0
tx_00143,5567,8.624791202014256,5411,0.1,17,0,1,1,0,0,0,3.16,0
tx_00144,3023,8.014335737299424,7995,0.3,6,1,0,1,0,0,0,9.84,0
tx_00145,5433,8.600430789986293,5968,0.7,14,1,2,1,-1,0,0,0.72,0
tx_00146,673,6.513230110912307,4121,0.2,11,1,3,1,1,0,0,6.6,0
tx_00147,7262,8.890548245606167,4900,0.1,7,1,3,1,0,0,0,2.69,0
tx_00148,6930,8.843759381917984,5968,0.7,7,1,0,1,1,0,0,0.56,0
tx_00149,17831,9.788749875065704,4121,0.2,1,0,2,1,1,0,0,18.64,0
tx_00150,1357,7.213768308118642,5968,0.7,23,1,3,1,1,0,1,3.15,0
tx_00151,24562,10.108996524638528,4900,0.1,22,1,0,1,1,0,1,16.72,0
tx_00152,17761,9.784816622818449,6011,0.85,20,0,1,-1,1,0,0,11.85,0
tx_00153,26759,10.194663514242166,5311,0.4,7,1,0,1,0,0,0,2.04,0
tx_00154,7747,8.955190024526887,5412,0.2,23,0,7,0,1,0,0,20.06,0
tx_00155,21341,9.96843224117651,5812,0.45,6,0,0,1,-1,0,0,3.74,0
tx_00156,2013,7.607878073278507,4814,0.55,19,1,3,1,1,0,0,2.21,0
tx_00157,16036,9.682653831508809,5691,0.35,2,1,4,0,1,0,0,1.51,0
tx_00158,3915,8.272826003650401,5691,0.35,7,1,1,-1,-1,1,0,803.89,0
tx_00159,1697,7.437206366871292,5814,0.3,13,1,3,0,1,0,0,7.73,0
tx_00160,2800,7.937731775260109,7995,0.3,23,0,0,-1,0,0,0,2.05,0
tx_00161,8188,9.010547069270189,5812,0.45,6,1,1,1,1,0,0,8.28,0
tx_00162,3722,8.222285073872717,5411,0.1,10,1,0,-1,1,0,0,2.68,0
tx_00163,11643,9.362546304865514,5411,0.1,20,0,3,0,1,0,0,15.5,0
tx_00164,1462,7.288244401020124,5411,0.1,11,0,5,0,1,0,0,3.12,0
tx_00165,1080,6.985641817639208,5968,0.7,16,0,7,0,1,0,0,3.96,0
tx_00166,30000,10.308985993422082,5311,0.4,10,1,10,0,1,0,0,4.2,1
tx_00167,19221,9.863810735383229,4829,0.8,0,0,1,1,1,0,0,6.17,0
tx_00168,3006,8.008698182988528,5311,0.4,6,0,1,1,1,0,0,5.18,0
tx_00169,8122,9.002454823050954,4121,0.2,13,0,2,1,-1,0,0,1.57,0
tx_00170,21455,9.97375960552146,4814,0.55,0,0,2,1,-1,0,0,48.66,0
tx_00171,12130,9.40351943877092,4814,0.55,5,0,2,1,1,0,0,10.86,0
tx_00172,9377,9.146121799649531,5814,0.3,22,0,6,0,1,0,0,15.05,0
tx_00173,23053,10.045594569160958,5814,0.3,0,1,0,1,1,0,0,20.34,0
tx_00174,4068,8.31115254800169,5812,0.45,5,1,3,1,1,0,0,3.84,0
tx_00175,8390,9.03491498187007,5412,0.2,14,1,5,1,1,0,0,13.35,0
tx_00176,8008,8.988321188323683,5814,0.3,13,1,2,1,0,0,0,25.03,0
tx_00177,6286,8.74623928838306,4829,0.8,4,0,5,1,1,0,0,27.42,0
tx_00178,5624,8.63497622707262,6011,0.85,1,1,1,1,1,0,0,15.23,0
tx_00179,8729,9.074520648833648,5691,0.35,21,1,6,1,1,0,0,3.8,0
tx_00180,8416,9.038008749211576,7995,0.3,13,1,3,1,-1,0,0,25.0,0
tx_00181,3008,8.009363076630045,4829,0.8,13,0,1,1,1,0,0,1.07,0
tx_00182,17446,9.766922993079902,5412,0.2,1,1,0,1,1,0,0,2.3,0
tx_00183,3222,8.078067881815437,5812,0.45,5,0,2,1,1,0,0,0.31,0
tx_00184,6620,8.798001694924846,5412,0.2,1,1,1,1,1,0,1,3.68,0
tx_00185,6153,8.724857555881988,5412,0.2,23,1,9,0,1,0,0,3.01,0
tx_00186,11446,9.345482965918476,4829,0.8,18,1,3,-1,1,0,0,2.81,0
tx_00187,1088,6.9930151229329605,5411,0.1,13,1,1,1,1,0,0,3.81,0
tx_00188,18987,9.851562479671209,4900,0.1,16,1,4,1,1,0,0,1.33,0
tx_00189,4281,8.362175469149628,5311,0.4,3,0,2,1,-1,0,0,10.49,0
tx_00190,25955,10.164158075741058,5812,0.45,23,0,2,1,1,0,0,3.79,0
tx_00191,5171,8.551014739891748,5712,0.25,12,1,2,1,0,0,0,3.35,0
tx_00192,7776,8.958925938694943,5712,0.25,12,1,1,1,1,0,0,0.99,0
tx_00193,50175,10.823292103710079,5411,0.1,23,1,1,1,-1,0,0,1.45,0
tx_00194,6259,8.741935464094144,7995,0.3,2,1,1,1,1,0,0,1.61,1
tx_00195,26425,10.182103652974162,4814,0.55,10,1,0,1,1,0,0,8.74,0
tx_00196,8453,9.042394981126735,5311,0.4,2,0,0,1,1,0,0,136.14,0
tx_00197,12086,9.399885773859458,4814,0.55,10,1,4,0,1,0,0,6.61,0
tx_00198,8705,9.071767722112243,5311,0.4,6,0,6,1,0,0,0,12.67,0
tx_00199,18226,9.810659290224933,7995,0.3,11,0,0,1,1,0,1,13.83,0
tx_00200,4247,8.354203562921775,5411,0.1,16,0,3,1,1,0,0,0.7,0
tx_00201,3198,8.070593539949519,6011,0.85,6,0,2,1,1,0,0,19.69,0
tx_00202,4441,8.398860004454372,5412,0.2,1,0,0,1,1,0,0,6.7,0
tx_00203,8954,9.099967314494812,5812,0.45,3,1,2,1,1,0,0,17.89,0
tx_00204,6604,8.795582216956426,5412,0.2,17,1,4,1,0,0,0,1.45,0
tx_00205,15993,9.679968930891835,4900,0.1,13,0,2,1,1,0,0,6.88,0
tx_00206,28132,10.244698543504514,5814,0.3,23,0,0,1,0,0,0,11.38,0
tx_00207,3223,8.07837810362652,7995,0.3,21,0,7,0,1,0,0,4.45,0
tx_00208,4056,8.308199063206446,4900,0.1,3,1,1,1,1,0,0,1.24,0
tx_00209,2081,7.641084249174914,5814,0.3,17,0,0,1,1,0,0,0.61,0
tx_00210,56051,10.93403511029011,4900,0.1,2,0,1,-1,0,0,0,11.56,0
tx_00211,10879,9.294681520409934,5814,0.3,2,0,0,1,1,0,0,9.9,0
tx_00212,12849,9.461099090323366,5968,0.7,19,1,6,0,1,0,0,2.15,0
tx_00213,2280,7.732369222284388,5412,0.2,9,0,2,1,1,0,0,13.12,0
tx_00214,8136,9.004176840696656,5814,0.3,23,1,1,-1,1,0,0,2.53,0
tx_00215,13213,9.48903215258983,4900,0.1,0,0,2,1,1,0,1,1.51,0
tx_00216,6406,8.765146421639022,4814,0.55,12,1,1,1,1,0,0,8.2,0
tx_00217,22631,10.027120112981404,4814,0.55,7,1,3,-1,1,0,0,0.61,0
tx_00218,73234,11.201428727752408,5412,0.2,23,0,3,1,1,0,0,6.31,0
tx_00219,3313,8.105911197986508,6011,0.85,16,0,0,1,1,0,0,0.65,0
tx_00220,3085,8.034631032923107,4814,0.55,18,1,6,0,1,0,0,1.21,0
tx_00221,3538,8.171599480345463,5412,0.2,6,1,4,0,1,0,0,3.1,0
tx_00222,37461,10.531082364855838,5812,0.45,21,1,1,1,1,0,0,11.43,0
tx_00223,21926,9.9954740331485,4829,0.8,20,0,2,1,1,1,1,2800.42,0
tx_00224,7161,8.876544550558378,5814,0.3,18,1,0,1,1,0,0,11.83,0
tx_00225,8433,9.040026434306505,5311,0.4,11,0,1,-1,1,0,0,20.4,0
tx_00226,3750,8.229777750081887,5968,0.7,22,1,2,1,1,0,0,6.59,0
tx_00227,18972,9.850772194864133,5712,0.25,16,1,1,1,1,0,0,3.98,0
tx_00228,5677,8.644354337032917,5691,0.35,1,1,4,1,1,0,0,4.78,0
tx_00229,6362,8.758255243232792,4829,0.8,21,0,0,1,1,0,0,0.88,0
tx_00230,14523,9.583557732534226,5412,0.2,0,0,1,1,1,0,1,4.63,0
tx_00231,6813,8.826734598220911,5968,0.7,16,0,2,1,-1,1,0,3631.14,0
tx_00232,6516,8.78216942633238,4121,0.2,5,1,1,1,-1,0,0,403.77,0
tx_00233,8227,9.015298250772847,5814,0.3,21,1,2,1,1,0,0,23.03,0
tx_00234,17340,9.760828918798548,5412,0.2,17,0,3,1,1,0,0,4.04,0
tx_00235,38923,10.56936630594188,5814,0.3,19,0,2,1,1,0,0,1.48,0
tx_00236,14205,9.561419689557756,5812,0.45,16,0,1,1,1,0,0,7.41,0
tx_00237,17471,9.768354878544631,5412,0.2,13,0,6,0,1,0,0,4.6,0
tx_00238,6737,8.815518423966498,5311,0.4,20,0,1,1,-1,0,0,7.63,0
tx_00239,4158,8.33302993974291,5712,0.25,7,1,0,1,1,0,0,1.41,0
tx_00240,15161,9.626547576616248,4814,0.55,12,0,0,1,1,0,0,0.67,0
tx_00241,9584,9.167954655479745,5712,0.25,7,0,7,0,1,0,0,7.85,0
tx_00242,2108,7.653969180478774,4814,0.55,2,1,1,1,1,0,0,2.74,0
tx_00243,5964,8.693664334532016,5812,0.45,21,1,1,-1,1,0,0,4.82,0
tx_00244,7528,8.926517509850122,5712,0.25,11,0,1,1,-1,0,0,1.34,0
tx_00245,5015,8.520388082312756,4814,0.55,1,0,2,1,1,0,0,18.31,0
tx_00246,33284,10.412862124034804,5814,0.3,19,0,2,1,1,0,0,1.05,0
tx_00247,12849,9.461099090323366,5411,0.1,22,0,3,1,1,0,0,13.51,0
tx_00248,30022,10.309719033572193,5968,0.7,15,0,0,-1,1,0,1,4.56,0
tx_00249,10461,9.255504923930557,4121,0.2,7,0,2,1,1,0,0,3.7,0
tx_00250,8800,9.082620630373812,4829,0.8,20,1,6,0,1,0,0,6.01,1
tx_00251,3346,8.115819701211327,5412,0.2,17,1,3,-1,0,0,0,3.8,0
tx_00252,8238,9.01663425631559,4829,0.8,6,1,1,0,-1,0,0,3.39,0
tx_00253,8247,9.017726025696795,5311,0.4,7,0,0,1,1,0,0,4.72,0
tx_00254,2223,7.707062655370473,5812,0.45,23,1,5,0,0,0,0,2.7,1
tx_00255,4879,8.492900498847193,4829,0.8,22,1,1,1,1,0,0,7.11,0
tx_00256,5991,8.698180525197055,5812,0.45,16,0,1,1,1,0,0,23.14,0
tx_00257,12064,9.398063978059133,4814,0.55,0,1,5,1,1,0,0,102.53,0
tx_00258,12625,9.44351345892757,4829,0.8,5,0,7,-1,1,1,0,543.42,0
tx_00259,4689,8.453187861440325,5712,0.25,8,1,3,0,0,0,0,11.1,0
tx_00260,12716,9.450694960020746,5968,0.7,12,1,3,1,1,0,0,0.41,0
tx_00261,6851,8.832295859444011,4829,0.8,20,0,2,0,1,0,0,4.11,0
tx_00262,533,6.280395838960195,5311,0.4,20,1,3,1,1,0,0,2.19,0
tx_00263,5139,8.544808358449211,6011,0.85,6,1,2,1,1,0,0,0.79,0
tx_00264,22702,10.030252353327626,7995,0.3,2,1,0,1,-1,1,0,4037.02,1
tx_00265,1648,7.407924322559599,5712,0.25,6,1,2,1,0,0,0,0.68,0
tx_00266,9065,9.112286431500795,5412,0.2,5,1,1,1,1,0,1,1.84,0
tx_00267,36723,10.511185771263591,5311,0.4,21,0,8,0,1,0,0,0.61,0
tx_00268,3954,8.282735880201754,5712,0.25,0,0,0,-1,1,0,0,4.18,0
tx_00269,8162,9.007367027451355,5712,0.25,19,1,3,1,-1,0,0,19.38,0
tx_00270,2360,7.766840537085513,5311,0.4,15,0,0,1,1,0,0,1.14,0
tx_00271,38217,10.551061887801316,4121,0.2,2,0,0,1,1,0,0,2.61,0
tx_00272,7525,8.926118971153382,4829,0.8,16,1,6,0,1,0,0,12.95,0
tx_00273,8514,9.049584593096789,7995,0.3,13,1,2,1,-1,0,0,22.41,0
tx_00274,29488,10.29177259143444,5411,0.1,0,0,0,1,1,0,0,5.05,0
tx_00275,15269,9.633645398212678,5412,0.2,5,1,7,1,1,0,0,1.12,0
tx_00276,3545,8.173575486634153,5412,0.2,8,1,3,1,1,0,0,3.37,0
tx_00277,4404,8.39049553837028,5814,0.3,5,0,2,-1,1,0,0,2.97,0
tx_00278,13034,9.475393326367602,4121,0.2,13,1,1,1,1,0,0,2.39,0
tx_00279,4502,8.412499120301572,4814,0.55,14,0,3,1,0,0,0,1.01,0
tx_00280,1090,6.994849985833071,4900,0.1,4,0,0,1,1,0,0,11.7,0
tx_00281,7743,8.954673628956414,5412,0.2,2,1,3,1,-1,0,0,3.26,0
tx_00282,1996,7.599401333415815,5812,0.45,15,1,1,1,1,0,0,0.56,0
tx_00283,37822,10.540672662176004,5412,0.2,11,1,1,1,0,0,0,9.87,0
tx_00284,9635,9.173261363734762,5412,0.2,6,0,1,1,1,0,0,36.83,0
tx_00285,3447,8.145549631783584,7995,0.3,6,1,2,1,1,0,0,6.9,0
tx_00286,4194,8.341648618901306,4829,0.8,0,0,0,1,1,0,0,1.45,0
tx_00287,1353,7.21081845347222,5712,0.25,20,0,2,1,0,0,0,62.43,0
tx_00288,2866,7.96102146588337,5691,0.35,20,1,2,1,1,0,0,4.79,0
tx_00289,21390,9.970725551801806,5412,0.2,13,1,4,1,1,0,0,12.47,0
tx_00290,67871,11.125378857364408,5968,0.7,8,0,10,0,1,0,0,3.09,0
tx_00291,16240,9.695294188174604,4900,0.1,5,1,1,1,1,0,0,2.26,0
tx_00292,7463,8.91784674252718,7995,0.3,7,1,6,0,1,0,0,11.87,0
tx_00293,5404,8.595079730073309,5311,0.4,22,1,3,1,1,0,0,1.55,0
tx_00294,3283,8.096817470572319,5691,0.35,2,1,0,1,1,0,0,2.94,0
tx_00295,57639,10.961972050113458,5691,0.35,19,0,1,1,1,0,0,4.29,0
tx_00296,6808,8.826000545482966,5968,0.7,7,0,1,1,1,1,0,3959.67,0
tx_00297,60780,11.015032519115959,5412,0.2,6,1,2,1,1,0,0,0.91,0
tx_00298,30608,10.329049362343415,4900,0.1,19,1,8,0,0,0,0,17.68,0
tx_00299,1558,7.351799869057777,4121,0.2,23,0,2,1,1,0,0,12.51,0
tx_00300,4327,8.372860820526318,5411,0.1,23,0,1,1,1,0,0,10.0,0
tx_00301,4314,8.36985260351753,5968,0.7,6,1,1,1,1,0,0,11.44,0
tx_00302,7550,8.929435283803425,4121,0.2,14,1,2,1,0,0,0,1.28,0
tx_00303,7692,8.948066103458935,6011,0.85,7,0,0,1,-1,0,0,0.92,0
tx_00304,140308,11.851602412286883,5691,0.35,4,0,1,1,1,0,1,0.56,0
tx_00305,2927,7.982074875081202,4814,0.55,9,1,1,1,-1,0,0,3.09,0
tx_00306,10124,9.22276289197474,5311,0.4,1,0,4,1,1,0,0,7.11,0
tx_00307,14630,9.590897844378162,5691,0.35,3,0,10,0,-1,0,0,1.51,0
tx_00308,8133,9.00380808646717,5311,0.4,14,0,0,1,-1,0,0,9.79,0
tx_00309,9044,9.109967397829395,4814,0.55,16,0,3,1,1,0,0,4.02,0
tx_00310,3019,8.013012110368916,5812,0.45,6,1,1,1,-1,0,0,4.9,0
tx_00311,9012,9.10642325855641,5812,0.45,13,0,0,1,1,0,0,10.21,0
tx_00312,13240,9.491073355339758,4814,0.55,18,0,2,1,1,0,0,4.95,0
tx_00313,11119,9.316500567804573,4900,0.1,21,1,1,1,0,0,0,1.18,0
tx_00314,14001,9.546955455537143,4900,0.1,13,1,3,1,1,0,0,31.76,0
tx_00315,31168,10.347179290116486,5812,0.45,5,1,0,1,1,0,1,9.39,0
tx_00316,19837,9.895354569305939,5814,0.3,17,0,1,1,1,0,0,1.28,0
tx_00317,8716,9.073030421011577,5814,0.3,4,1,0,1,1,0,0,3.78,0
tx_00318,2676,7.892452043520352,7995,0.3,3,1,2,1,1,0,0,6.0,0
tx_00319,4606,8.435332164935916,5814,0.3,8,1,2,1,0,0,0,1.16,0
tx_00320,6611,8.796641458940915,5311,0.4,7,0,0,1,0,0,1,12.47,0
tx_00321,10352,9.245031611766112,4814,0.55,3,0,7,0,0,0,0,1.28,1
tx_00322,5171,8.551014739891748,5712,0.25,1,1,0,1,1,0,0,37.6,0
tx_00323,3348,8.116417072794205,6011,0.85,22,0,0,1,-1,0,1,15.04,0
tx_00324,2634,7.876638460975463,7995,0.3,16,0,4,0,1,0,1,2.16,0
tx_00325,1697,7.437206366871292,4900,0.1,17,0,1,1,1,0,0,1.36,0
tx_00326,6516,8.78216942633238,4900,0.1,1,1,0,1,1,0,0,5.8,0
tx_00327,2016,7.6093665379542115,4121,0.2,19,0,6,0,1,0,0,0.91,0
tx_00328,3148,8.054840221101024,4814,0.55,8,0,1,1,1,0,0,3.98,0
tx_00329,5602,8.631057447565285,5691,0.35,17,1,3,-1,1,0,0,4.77,0
tx_00330,2289,7.736307096548285,5691,0.35,11,1,8,0,-1,0,0,7.68,0
tx_00331,11684,9.366061246972958,5411,0.1,5,0,3,1,1,0,0,15.89,0
tx_00332,16455,9.708445431332793,5311,0.4,6,1,2,1,0,0,0,13.52,0
tx_00333,4833,8.483429561263428,5968,0.7,3,1,1,1,1,0,1,15.58,0
tx_00334,5378,8.590257762273243,5412,0.2,19,0,4,1,1,0,0,7.7,0
tx_00335,13572,9.515837804297965,5968,0.7,10,1,3,1,1,0,0,5.93,0
tx_00336,4133,8.327000740241713,7995,0.3,18,0,1,-1,-1,0,0,2.22,0
tx_00337,3872,8.261784679514752,5311,0.4,19,1,4,1,1,0,1,0.46,0
tx_00338,25383,10.141874333263031,4829,0.8,4,0,5,0,1,0,0,5.81,1
tx_00339,18867,9.845222644404153,7995,0.3,7,0,3,1,-1,0,0,1.14,0
tx_00340,14424,9.5767180913763,5712,0.25,2,0,0,1,0,0,1,5.63,0
tx_00341,19624,9.884559542650608,5311,0.4,0,1,4,0,0,0,0,0.33,0
tx_00342,1245,7.1276936993473985,5712,0.25,23,1,1,1,1,0,0,1.14,0
tx_00343,29475,10.29133165188689,5691,0.35,15,1,1,1,1,0,0,1.97,0
tx_00344,11821,9.377717481384314,6011,0.85,10,1,1,1,1,0,0,218.54,0
tx_00345,21278,9.965475949870196,4900,0.1,4,1,2,1,1,0,0,2.01,0
tx_00346,11766,9.37305428246393,7995,0.3,14,0,1,1,1,0,0,2.9,0
tx_00347,8533,9.051813463747946,7995,0.3,13,1,2,1,1,0,0,5.26,0
tx_00348,6271,8.743850562030243,4829,0.8,5,1,6,0,-1,0,0,12.64,0
tx_00349,11544,9.354007721788596,4829,0.8,0,0,0,1,1,0,0,2.05,0
tx_00350,6057,8.709134991587183,5691,0.35,11,1,2,0,0,0,0,0.47,0
tx_00351,18576,9.829679535391405,4121,0.2,12,1,4,0,1,0,0,0.76,0
tx_00352,1804,7.498315870766981,5311,0.4,19,0,1,1,1,0,0,3.27,0
tx_00353,4869,8.490849216076635,5412,0.2,9,1,5,0,1,0,1,30.48,0
tx_00354,56826,10.947766843877893,7995,0.3,2,1,2,0,1,0,0,1.46,0
tx_00355,4494,8.410720946905721,7995,0.3,21,1,1,1,1,0,0,12.42,0
tx_00356,6493,8.77863395266279,4829,0.8,9,0,3,1,0,0,0,2.67,0
tx_00357,3522,8.167068178341237,6011,0.85,17,1,9,0,1,0,1,3.88,1
tx_00358,11206,9.324293862052029,4814,0.55,1,0,3,-1,1,0,0,1.23,0
tx_00359,4047,8.305978210967302,5814,0.3,0,1,1,-1,1,0,0,7.74,0
tx_00360,6828,8.82893352896109,5968,0.7,0,1,2,1,1,0,0,9.77,0
tx_00361,18244,9.811646348870548,6011,0.85,18,0,6,0,1,0,0,0.65,0
tx_00362,4194,8.341648618901306,4900,0.1,5,1,3,1,1,0,0,1.8,0
tx_00363,17229,9.754407329521975,6011,0.85,18,0,4,0,1,0,0,4.25,0
tx_00364,17788,9.78633556772527,4814,0.55,22,1,2,1,0,0,0,9.16,0
tx_00365,22190,10.007442080255977,5691,0.35,15,1,0,-1,0,0,0,85.03,0
tx_00366,9309,9.138844370271112,5412,0.2,23,1,1,-1,1,0,0,2.22,0
tx_00367,177082,12.084373828197942,5311,0.4,22,1,0,1,0,0,0,0.2,0
tx_00368,22181,10.007036428164687,4121,0.2,17,0,0,-1,1,0,0,2.44,0
tx_00369,11090,9.313889247604742,5814,0.3,19,1,2,1,1,0,0,7.47,0
tx_00370,3544,8.173293438966228,5311,0.4,14,1,1,1,1,0,0,8.75,0
tx_00371,7428,8.913146539151807,5812,0.45,5,0,2,1,1,0,0,3.84,0
tx_00372,31577,10.360215954581834,5411,0.1,2,0,1,1,-1,0,0,1.35,0
tx_00373,41325,10.62924712082355,5411,0.1,9,1,3,1,0,0,0,7.66,0
tx_00374,33176,10.40961214374347,6011,0.85,11,1,1,1,0,0,0,5.52,0
tx_00375,17173,9.75115189123243,4814,0.55,8,1,0,1,1,0,0,6.57,0
tx_00376,2471,7.812782818577581,5814,0.3,2,0,2,1,1,0,1,2.04,0
tx_00377,12939,9.468078568054892,5814,0.3,12,1,1,1,1,1,0,598.63,0
tx_00378,2504,7.826044013518965,5411,0.1,11,0,5,0,1,0,1,6.2,0
tx_00379,1982,7.592366128519796,4900,0.1,22,0,1,1,0,0,0,4.35,0
tx_00380,10223,9.232493176617316,4121,0.2,22,0,0,1,0,0,1,17.19,0
tx_00381,13389,9.502263438685219,7995,0.3,14,0,0,1,-1,0,0,3.23,0
tx_00382,19214,9.863446502998944,7995,0.3,20,0,6,0,-1,0,0,14.31,0
tx_00383,13062,9.477539085486564,4900,0.1,7,1,2,1,1,0,0,2.47,0
tx_00384,13496,9.510222717509283,4121,0.2,23,1,7,0,0,0,0,1.25,1
tx_00385,3196,8.069968149059841,4814,0.55,22,1,5,0,-1,0,0,4.83,0
tx_00386,7372,8.90557995798965,4121,0.2,3,1,4,0,1,0,0,0.42,1
tx_00387,1946,7.5740450053721995,5968,0.7,16,0,2,1,1,0,0,7.47,0
tx_00388,1214,7.102499355774649,6011,0.85,10,0,0,1,1,1,0,4427.02,1
tx_00389,16462,9.708870717648022,4829,0.8,6,1,2,1,1,0,0,89.72,0
tx_00390,3983,8.290041618704489,5814,0.3,9,1,2,1,1,0,0,16.87,0
tx_00391,18658,9.834083882397248,4829,0.8,21,0,1,1,-1,0,0,43.14,0
tx_00392,23344,10.058138107405037,5411,0.1,22,0,4,1,-1,0,0,7.09,0
tx_00393,4522,8.416930769477844,5712,0.25,8,0,2,1,-1,0,0,26.46,0
tx_00394,14271,9.566054854819791,5814,0.3,11,1,0,1,1,0,0,6.21,0
tx_00395,4346,8.377241230988792,6011,0.85,12,0,2,1,1,0,0,27.16,0
tx_00396,1410,7.252053951852814,4121,0.2,17,0,1,1,1,0,0,0.37,0
tx_00397,9157,9.12238309321704,4829,0.8,11,0,1,1,1,0,0,1.3,0
tx_00398,5207,8.557951183888406,4900,0.1,9,0,3,1,1,0,1,3.17,0
tx_00399,5362,8.587278798982926,5311,0.4,22,1,6,1,-1,0,0,14.27,0
tx_00400,53196,10.881757282762262,7995,0.3,8,0,1,1,0,1,0,3535.8,1
tx_00401,1911,7.555905093611346,5814,0.3,6,0,8,0,0,0,0,1.6,0
tx_00402,11718,9.368966735258603,5311,0.4,7,0,11,0,1,0,0,0.9,0
tx_00403,3166,8.06054004653864,7995,0.3,7,1,1,1,1,0,0,4.23,0
tx_00404,19303,9.868067607304868,5412,0.2,13,1,0,1,1,0,0,2.81,0
tx_00405,10815,9.288781798282745,5691,0.35,15,0,1,1,1,0,0,3.04,0
tx_00406,11679,9.365633256382218,5412,0.2,3,1,4,0,0,0,1,3.55,0
tx_00407,3319,8.107720061910534,4829,0.8,21,0,3,1,1,0,0,3.75,0
tx_00408,3936,8.278174290943738,7995,0.3,6,1,0,1,1,0,0,15.81,0
tx_00409,19654,9.88608703785596,4121,0.2,2,0,2,1,0,0,0,14.53,0
tx_00410,43802,10.687457587169673,4829,0.8,16,0,5,0,1,0,0,2.92,0
tx_00411,12855,9.461565907417349,4900,0.1,5,0,4,1,1,0,0,3.11,0
tx_00412,3472,8.152774052744075,4900,0.1,18,0,5,0,0,0,1,12.87,0
tx_00413,11239,9.327234123447681,4814,0.55,22,1,1,1,1,0,0,6.87,0
tx_00414,81738,11.311286523131027,4121,0.2,16,1,8,0,1,0,0,15.11,0
tx_00415,8977,9.102532419341877,5812,0.45,18,1,1,-1,1,0,1,9.04,0
tx_00416,32660,10.39393698454929,7995,0.3,11,0,1,1,1,0,0,4.77,0
tx_00417,4031,8.302017809751204,4814,0.55,8,1,1,1,1,0,0,6.32,0
tx_00418,7826,8.965334573804839,5311,0.4,14,0,2,1,1,0,0,0.51,0
tx_00419,14673,9.59383249927394,5691,0.35,8,1,7,0,1,0,0,2.33,0
tx_00420,11880,9.382695764458287,6011,0.85,21,1,4,1,1,0,0,29.01,0
tx_00421,3933,8.277411998949004,5812,0.45,11,1,1,1,1,0,0,17.29,0
tx_00422,3775,8.236420527265391,5814,0.3,11,0,2,-1,1,0,1,3.65,0
tx_00423,20828,9.944101525421383,5712,0.25,16,1,1,1,1,0,0,1.31,0
tx_00424,25264,10.137175317726008,5411,0.1,4,0,2,-1,1,0,0,10.91,0
tx_00425,34259,10.441733771878111,4829,0.8,13,1,1,1,0,0,0,0.49,0
tx_00426,45202,10.718918735299235,6011,0.85,18,1,7,1,1,0,0,8.8,0
tx_00427,9256,9.133135301067211,5968,0.7,18,1,3,-1,1,0,0,5.26,0
tx_00428,6060,8.709630081951286,4121,0.2,5,1,1,1,1,0,0,3.57,0
tx_00429,29396,10.288647907303929,5814,0.3,1,0,1,1,1,0,0,17.61,0
tx_00430,16036,9.682653831508809,4814,0.55,4,0,0,1,1,0,0,14.65,0
tx_00431,3203,8.07215530818825,5814,0.3,19,0,1,1,1,0,0,12.5,0
tx_00432,3051,8.023552392404348,5968,0.7,6,1,1,1,1,0,0,32.11,0
tx_00433,12997,9.472550778454295,4814,0.55,1,1,2,1,1,0,0,2.55,0
tx_00434,6883,8.83695515733143,5412,0.2,14,1,3,1,1,0,0,2.61,0
tx_00435,7943,8.980172205725008,4814,0.55,21,1,2,1,1,0,0,5.36,0
tx_00436,22563,10.024110994859866,5691,0.35,5,0,2,1,1,0,0,43.2,0
tx_00437,16752,9.726332625693532,6011,0.85,1,0,2,-1,1,0,0,0.69,0
tx_00438,28812,10.268581953167608,4814,0.55,3,1,5,0,1,0,0,2.62,0
tx_00439,1300,7.170888478512505,5411,0.1,3,1,3,1,1,0,0,2.36,0
tx_00440,10362,9.245997049184217,7995,0.3,4,1,1,-1,0,1,0,3167.98,1
tx_00441,15758,9.665166909622071,5311,0.4,4,0,1,1,1,0,0,1.25,0
tx_00442,1910,7.555381944240273,4814,0.55,15,1,0,1,1,0,0,5.37,0
tx_00443,4372,8.38320455141292,5412,0.2,5,1,3,1,1,0,0,38.66,0
tx_00444,3665,8.20685642839965,5691,0.35,13,0,8,0,1,1,0,4205.12,1
tx_00445,8315,9.025936648977904,5812,0.45,9,1,2,1,1,0,0,1.76,0
tx_00446,38240,10.551663517451031,5311,0.4,15,1,1,1,-1,0,0,5.77,0
tx_00447,55638,10.926639673194344,7995,0.3,15,0,1,-1,1,0,0,14.88,0
tx_00448,3758,8.231908243564177,5691,0.35,14,1,8,0,1,0,0,6.22,0
tx_00449,13432,9.505469645063013,5311,0.4,21,1,3,0,0,0,0,15.64,0
tx_00450,13850,9.536112711175099,7995,0.3,4,1,3,0,1,0,0,15.38,0
tx_00451,11771,9.373479109353363,6011,0.85,12,1,0,1,1,0,0,1.27,0
tx_00452,11899,9.38429367909962,5412,0.2,9,1,2,1,-1,0,0,4.18,0
tx_00453,10870,9.293853972204001,4121,0.2,12,1,9,0,1,0,0,0.45,0
tx_00454,40472,10.608390364106926,5712,0.25,3,1,2,1,1,0,0,9.33,0
tx_00455,23214,10.052553900454022,5691,0.35,7,1,2,1,-1,0,0,63.84,0
tx_00456,2975,7.998335395952982,4829,0.8,22,0,3,-1,1,0,0,2.44,0
tx_00457,17346,9.76117485976141,5712,0.25,19,1,0,1,0,0,0,3.39,0
tx_00458,19014,9.85298342036236,5968,0.7,10,0,2,1,1,0,0,2.13,0
tx_00459,10986,9.30446803470088,4814,0.55,2,0,4,1,1,0,1,29.62,0
tx_00460,23862,10.080084421193217,5814,0.3,15,0,4,0,1,0,1,10.72,0
tx_00461,9738,9.1838937219612,4814,0.55,7,1,1,-1,0,0,0,3.47,0
tx_00462,9854,9.19573421958682,5814,0.3,7,1,1,1,1,0,0,0.95,0
tx_00463,9139,9.120415664448196,5411,0.1,2,0,0,1,1,0,0,3.54,0
tx_00464,1197,7.088408778675395,4121,0.2,6,1,9,0,1,0,0,1.38,0
tx_00465,7546,8.928905412284868,7995,0.3,5,0,1,1,1,0,0,4.37,0
tx_00466,4317,8.370547611074752,4829,0.8,0,1,1,1,1,0,0,5.89,0
tx_00467,2639,7.878534196140362,5712,0.25,14,0,2,1,0,0,0,1.76,0
tx_00468,31808,10.367504547593908,4829,0.8,23,1,0,1,1,0,0,3.1,0
tx_00469,13150,9.484253080341965,7995,0.3,3,0,1,1,1,0,0,16.12,0
tx_00470,7917,8.976893927666076,5814,0.3,1,1,2,0,1,0,0,2.32,0
tx_00471,4763,8.46884293047519,5968,0.7,2,1,2,1,1,0,0,33.13,0
tx_00472,10792,9.286653054825347,5412,0.2,13,0,4,0,1,0,0,9.26,0
tx_00473,20890,9.947073723199049,5412,0.2,19,1,3,1,1,0,0,7.53,0
tx_00474,3713,8.219864741912652,5712,0.25,7,1,4,1,-1,0,0,8.78,0
tx_00475,8108,9.000729834944558,5814,0.3,2,1,4,0,1,0,0,0.34,0
tx_00476,18580,9.829894832232755,5968,0.7,2,1,1,1,1,0,0,15.3,0
tx_00477,1295,7.16703787691222,4121,0.2,14,0,2,1,1,0,0,20.24,0
tx_00478,7712,8.950662495933999,5812,0.45,8,1,0,1,1,0,0,9.56,0
tx_00479,5417,8.59748202264504,4814,0.55,8,1,2,0,0,0,0,0.94,0
tx_00480,7173,8.878218658092228,5311,0.4,5,1,6,0,1,0,0,8.58,0
tx_00481,5057,8.52872642722991,5968,0.7,21,1,3,1,1,0,0,1.43,0
tx_00482,9283,9.136047767394327,4900,0.1,8,0,3,0,0,0,0,11.66,0
tx_00483,50646,10.832635277912791,5968,0.7,16,0,2,1,1,0,0,10.33,0
tx_00484,5988,8.697679732264463,5412,0.2,17,0,1,1,1,0,0,3.2,0
tx_00485,10746,9.282381924841154,4900,0.1,1,1,3,1,1,0,0,6.71,0
tx_00486,54186,10.900196306260026,5311,0.4,5,0,3,-1,1,0,0,7.16,0
tx_00487,4830,8.482808764554406,5691,0.35,21,0,0,1,1,0,0,23.05,0
tx_00488,45666,10.729131215385586,5814,0.3,21,0,0,1,1,0,0,8.91,0
tx_00489,8186,9.010302809376448,5712,0.25,9,1,9,0,0,0,1,1.55,0
tx_00490,44266,10.697994757448491,7995,0.3,3,1,2,1,1,0,0,0.6,0
tx_00491,16612,9.71794080038648,6011,0.85,7,0,2,1,1,0,0,26.05,0
tx_00492,10904,9.29697667863573,5814,0.3,22,0,1,1,1,0,0,1.03,0
tx_00493,7653,8.942983665985647,5712,0.25,16,1,2,1,1,0,0,1.24,0
tx_00494,4502,8.412499120301572,5311,0.4,1,1,2,1,1,0,0,2.87,0
tx_00495,8753,9.07726601775084,5411,0.1,17,1,3,1,1,0,0,2.93,0
tx_00496,19104,9.857705359881,4814,0.55,3,1,5,0,1,0,0,0.75,0
tx_00497,8044,8.992806059426483,5411,0.1,7,1,8,0,1,0,0,5.37,0
tx_00498,6029,8.704502289721232,6011,0.85,11,1,3,-1,1,1,0,2450.12,1
tx_00499,6418,8.767017621311778,5411,0.1,8,0,4,1,1,0,0,7.97,0
tx_00500,20911,9.948078435864003,4814,0.55,16,1,6,1,1,0,0,8.95,0
tx_00501,26084,10.169115715456494,5812,0.45,3,0,0,1,1,0,0,18.64,0
tx_00502,4322,8.371704884667631,7995,0.3,21,1,2,1,1,0,0,8.59,0
tx_00503,4316,8.370315995555478,6011,0.85,14,1,0,1,0,0,0,10.8,0
tx_00504,11679,9.365633256382218,4900,0.1,7,0,1,1,-1,0,0,0.84,0
tx_00505,34764,10.456366412533118,5412,0.2,22,0,2,1,0,0,0,1.85,0
tx_00506,24194,10.093901279227419,5691,0.35,11,0,9,0,0,0,0,4.12,0
tx_00507,2480,7.816416983691801,4900,0.1,9,0,2,1,0,0,0,13.89,0
tx_00508,6338,8.754476306284166,4900,0.1,0,0,1,-1,1,0,0,4.67,0
tx_00509,3365,8.121480374750751,4900,0.1,23,1,0,1,1,0,0,3.57,0
tx_00510,6317,8.75115798136203,7995,0.3,20,1,1,-1,1,0,0,10.0,0
tx_00511,37398,10.529399245077244,5814,0.3,4,1,0,1,1,0,0,0.5,0
tx_00512,2108,7.653969180478774,5968,0.7,22,1,1,1,0,0,0,1.45,0
tx_00513,1750,7.467942332285852,5968,0.7,19,1,2,1,1,0,0,6.13,0
tx_00514,3707,8.218247926685745,7995,0.3,10,1,1,1,1,0,1,5.16,0
tx_00515,10701,9.27818591887125,4814,0.55,22,0,5,0,1,0,0,8.73,0
tx_00516,14689,9.594922269167922,6011,0.85,13,0,3,1,1,0,0,6.81,0
tx_00517,12342,9.42084437974393,4121,0.2,16,0,5,0,1,0,0,7.98,0
tx_00518,24886,10.122100857763806,5412,0.2,4,0,2,1,1,0,0,2.46,0
tx_00519,1526,7.3310603052186325,5712,0.25,2,1,1,-1,1,0,0,24.56,0
tx_00520,25187,10.134122969608633,5411,0.1,12,0,0,1,1,1,0,4589.39,1
tx_00521,6055,8.708804795117285,4829,0.8,7,0,3,1,1,0,0,3.72,0
tx_00522,16319,9.700146628518098,4829,0.8,23,1,7,0,1,0,0,5.15,0
tx_00523,2317,7.748460023899697,5968,0.7,2,0,5,1,1,0,1,10.64,0
tx_00524,8184,9.010058489805235,5311,0.4,18,1,3,1,-1,0,0,1.62,0
tx_00525,10195,9.229750765496005,5311,0.4,14,0,2,1,1,0,0,4.48,0
tx_00526,24419,10.103157747664696,6011,0.85,21,1,3,1,1,0,0,17.28,0
tx_00527,1807,7.4999765409521215,4829,0.8,23,1,5,0,0,0,0,4.92,0
tx_00528,8387,9.03455739202181,6011,0.85,20,1,1,1,0,0,0,6.04,1
tx_00529,2905,7.974532844130228,6011,0.85,8,0,6,0,1,0,0,3.13,0
tx_00530,13166,9.485468978356344,5712,0.25,16,1,0,-1,1,0,0,4.97,0
tx_00531,17044,9.743612184572003,4829,0.8,3,1,5,0,0,0,1,4.78,1
tx_00532,27667,10.228031789720475,4829,0.8,11,0,4,1,1,0,0,8.11,0
tx_00533,4900,8.497194544909547,4900,0.1,6,0,3,1,0,0,0,1.13,0
tx_00534,19654,9.88608703785596,5712,0.25,6,0,1,-1,1,0,1,4.2,0
tx_00535,29674,10.298060219477868,4829,0.8,13,0,6,0,-1,0,0,5.86,0
tx_00536,1710,7.444833273892193,5412,0.2,3,1,1,1,-1,0,0,12.94,0
tx_00537,14573,9.586994398230228,4814,0.55,13,1,2,-1,1,0,0,11.05,0
tx_00538,20247,9.91581130222496,5691,0.35,9,1,1,1,-1,0,0,26.44,0
tx_00539,6370,8.759511722116487,4121,0.2,5,1,5,0,1,0,0,5.09,0
tx_00540,2578,7.8551570058813445,5812,0.45,13,1,1,1,1,0,0,1.04,0
tx_00541,19950,9.901034546375062,4121,0.2,18,1,6,0,1,0,1,4.53,0
tx_00542,2606,7.865955413933502,4829,0.8,14,1,4,0,1,0,0,0.71,0
tx_00543,6876,8.835937789319836,4829,0.8,2,1,0,1,1,0,0,0.7,0
tx_00544,7840,8.967121656230923,5968,0.7,13,1,0,1,1,0,0,2.31,0
tx_00545,16074,9.68502054910582,4121,0.2,14,0,1,-1,1,0,0,6.56,0
tx_00546,4491,8.410053315858335,5412,0.2,16,1,3,0,1,0,0,1.37,0
tx_00547,4251,8.355144739461839,5712,0.25,10,0,1,1,1,0,0,24.45,0
tx_00548,8948,9.099297073182859,5691,0.35,2,1,3,-1,0,0,0,6.46,0
tx_00549,21189,9.961284651262345,5812,0.45,3,0,1,1,1,0,0,21.93,0
tx_00550,71557,11.178263588657464,5968,0.7,7,1,3,1,0,0,0,39.93,0
tx_00551,1945,7.57353126274595,5411,0.1,15,0,3,-1,1,0,1,16.18,0
tx_00552,10990,9.3048320350689,5968,0.7,17,1,1,1,1,0,1,2.78,0
tx_00553,2901,7.973155433444133,5311,0.4,16,1,5,0,-1,0,0,1.4,0
tx_00554,21441,9.973106894416185,7995,0.3,7,0,5,0,1,0,1,1.59,0
tx_00555,3339,8.113726085970747,5691,0.35,10,1,1,1,1,0,1,5.84,0
tx_00556,4291,8.36450810375059,5814,0.3,1,0,0,1,-1,0,0,2.91,0
tx_00557,4653,8.445482343862237,6011,0.85,19,0,12,0,1,0,0,1.43,0
tx_00558,7576,8.932872621931374,5968,0.7,8,1,2,1,1,0,0,10.08,0
tx_00559,11072,9.312264991698108,5968,0.7,12,0,1,1,1,0,0,9.13,0
tx_00560,12896,9.464750005164392,5691,0.35,10,0,2,1,1,0,0,1.64,0
tx_00561,8101,8.999866223762636,4121,0.2,6,1,2,1,1,0,0,2.53,0
tx_00562,2303,7.742402021815782,5412,0.2,4,0,2,1,0,0,0,0.84,0
tx_00563,16262,9.696647867928448,4829,0.8,22,1,2,1,1,0,0,5.47,0
tx_00564,7745,8.954931860074698,6011,0.85,2,0,10,0,1,0,0,2.86,0
tx_00565,24559,10.108874382261078,4900,0.1,22,0,2,1,1,0,0,16.04,0
tx_00566,4158,8.33302993974291,4900,0.1,2,0,2,1,1,0,0,4.83,0
tx_00567,1778,7.483806687665835,4900,0.1,2,0,1,1,1,0,0,1.96,0
tx_00568,7886,8.97297111339799,5712,0.25,21,1,4,0,-1,0,0,4.99,0
tx_00569,27898,10.236346124873199,5691,0.35,22,0,1,1,1,0,0,3.42,0
tx_00570,9491,9.158204617555654,7995,0.3,21,1,0,1,1,0,0,1.95,0
tx_00571,6738,8.815666824946216,5411,0.1,18,0,1,1,1,0,0,4.05,0
tx_00572,3563,8.1786387885907,4900,0.1,11,1,2,1,0,0,0,0.98,0
tx_00573,43263,10.675076159402636,4121,0.2,2,0,1,1,1,0,0,5.71,0
tx_00574,3063,8.027476530860483,4121,0.2,14,0,5,0,1,0,0,6.26,0
tx_00575,4089,8.316300249036848,5411,0.1,12,1,2,1,1,0,1,17.22,0
tx_00576,13998,9.546741177474825,6011,0.85,17,1,2,1,1,0,0,5.83,0
tx_00577,1397,7.242797922793756,5691,0.35,0,0,0,1,-1,0,1,1.46,0
tx_00578,27338,10.216069533164237,6011,0.85,1,1,4,0,1,0,0,0.12,0
tx_00579,14738,9.598252320836758,4814,0.55,14,1,0,-1,1,1,0,613.28,0
tx_00580,19138,9.859483417038073,4814,0.55,20,0,0,1,1,0,0,7.06,0
tx_00581,13841,9.535462727401809,5968,0.7,22,0,0,-1,0,0,0,20.81,0
tx_00582,6989,8.852235835227855,4814,0.55,13,0,1,1,1,0,0,5.41,0
tx_00583,2967,7.995643604287271,4121,0.2,8,0,2,1,1,0,0,1.8,0
tx_00584,7130,8.872206756028303,5411,0.1,11,0,2,1,0,0,0,6.44,0
tx_00585,3225,8.078998258685154,6011,0.85,12,0,1,1,0,0,0,0.27,0
tx_00586,12926,9.467073426283948,5812,0.45,14,0,1,1,1,0,0,5.08,0
tx_00587,17529,9.77166897791528,4814,0.55,5,1,1,1,1,0,0,9.96,0
tx_00588,33128,10.408164310715241,5968,0.7,9,1,5,1,1,0,0,1.89,0
tx_00589,11595,9.358415490041546,5968,0.7,12,1,1,1,-1,0,0,15.83,0
tx_00590,19605,9.883590920821671,5968,0.7,20,1,3,1,1,0,0,26.69,0
tx_00591,6142,8.723068501163928,6011,0.85,19,0,1,1,1,0,0,9.69,0
tx_00592,5171,8.551014739891748,4900,0.1,18,1,5,0,1,0,0,7.72,0
tx_00593,12774,9.455245415071905,7995,0.3,5,0,5,0,0,0,0,0.08,0
tx_00594,5642,8.63817111796914,5311,0.4,9,0,2,1,1,0,0,7.1,0
tx_00595,10519,9.261033486291701,5968,0.7,13,1,3,0,1,0,0,15.74,0
tx_00596,2972,7.997326822998097,5712,0.25,23,0,1,1,0,0,0,4.26,0
tx_00597,3525,8.167919362957816,5814,0.3,8,0,3,1,1,0,0,13.16,0
tx_00598,14895,9.608847999516849,5712,0.25,22,1,4,0,1,0,0,5.85,0
tx_00599,18912,9.847604795288454,5712,0.25,17,1,3,-1,1,0,1,5.22,0
tx_00600,3193,8.069029328774958,5712,0.25,15,1,2,-1,-1,0,0,8.83,0
tx_00601,15402,9.642317574624458,5814,0.3,16,1,0,1,1,0,0,3.95,0
tx_00602,4910,8.499232866039245,5814,0.3,19,1,0,1,1,0,0,1.98,0
tx_00603,8274,9.020994200245264,4814,0.55,16,0,8,0,0,0,1,3.65,0
tx_00604,31297,10.351309476723117,5968,0.7,16,0,4,0,0,0,0,3.24,0
tx_00605,17541,9.772353284511327,5691,0.35,9,1,2,1,1,0,0,7.82,0
tx_00606,17348,9.761290146826328,5311,0.4,10,1,4,1,1,0,0,1.69,0
tx_00607,49937,10.81853751497415,5691,0.35,14,1,3,1,1,0,0,19.96,0
tx_00608,4173,8.336630087637147,7995,0.3,20,0,1,1,1,0,1,7.3,1
tx_00609,3193,8.069029328774958,6011,0.85,15,1,2,1,1,0,0,20.85,0
tx_00610,4102,8.319473692442186,5968,0.7,23,1,0,1,0,0,0,3.66,0
tx_00611,6396,8.763584409450138,5412,0.2,16,0,0,1,1,0,0,1.01,0
tx_00612,870,6.769641976852503,5814,0.3,9,0,4,1,1,0,0,1.13,0
tx_00613,6688,8.808219665118408,5411,0.1,13,1,3,1,1,0,0,2.27,0
tx_00614,4855,8.487970332739334,5812,0.45,14,0,0,1,-1,0,0,1.39,0
tx_00615,17150,9.749811759932081,5712,0.25,20,0,1,1,1,0,0,0.75,0
tx_00616,11384,9.34005197849784,4900,0.1,6,1,0,-1,1,0,0,6.2,0
tx_00617,4603,8.434680769841773,4900,0.1,5,1,0,1,1,0,0,7.43,0
tx_00618,14266,9.565704457114814,4121,0.2,4,1,11,0,-1,0,0,3.78,0
tx_00619,16192,9.692334329073471,4814,0.55,1,1,2,1,1,0,0,26.66,0
tx_00620,3925,8.275376374836407,5412,0.2,16,1,1,1,1,0,0,4.79,0
tx_00621,5099,8.536995818712418,5412,0.2,23,0,1,-1,-1,1,0,1457.34,0
tx_00622,983,6.891625897052253,4829,0.8,14,0,0,1,1,0,0,3.47,0
tx_00623,2890,7.969357742016346,5411,0.1,1,1,0,1,1,0,0,12.18,0
tx_00624,4023,8.300031711779575,5712,0.25,8,0,1,-1,1,0,0,0.96,0
tx_00625,8740,9.075779878580487,4900,0.1,21,1,0,1,1,0,0,0.55,0
tx_00626,3318,8.107418811719974,5311,0.4,1,1,4,1,1,0,0,6.39,0
tx_00627,5001,8.517593111437565,5411,0.1,14,1,2,-1,1,0,0,6.38,0
tx_00628,2543,7.841492924460013,5691,0.35,10,0,2,1,1,0,0,10.07,0
tx_00629,9583,9.16785032035523,5411,0.1,22,1,1,1,-1,0,0,4.8,0
tx_00630,12205,9.40968291310444,5814,0.3,12,1,5,0,1,0,0,40.91,0
tx_00631,11937,9.387481868728596,5311,0.4,13,1,3,0,1,0,0,13.32,0
tx_00632,8241,9.016998311898762,5412,0.2,17,1,1,1,1,0,0,0.31,0
tx_00633,1884,7.541683099882111,5411,0.1,19,0,1,1,1,0,1,0.95,0
tx_00634,4520,8.416488487294606,4829,0.8,12,1,10,0,-1,0,0,0.53,0
tx_00635,5532,8.618485442898109,5812,0.45,17,1,5,0,1,0,0,5.44,0
tx_00636,5553,8.622273667866745,4900,0.1,19,0,0,1,1,0,0,6.23,0
tx_00637,8746,9.076466063419854,5311,0.4,12,1,1,1,1,0,0,38.51,0
tx_00638,31553,10.3594556428174,5968,0.7,17,1,1,1,1,0,0,2.04,0
tx_00639,17618,9.77673314419063,7995,0.3,8,1,1,1,1,0,0,1.69,0
tx_00640,3188,8.067462667010057,5812,0.45,8,0,7,0,1,0,0,6.71,0
tx_00641,15516,9.649691476083484,6011,0.85,0,1,2,-1,0,0,0,1.44,0
tx_00642,14965,9.613536240640304,5968,0.7,16,0,3,1,1,0,0,3.65,0
tx_00643,3787,8.239593454305968,5412,0.2,6,0,1,-1,1,0,0,15.0,0
tx_00644,18244,9.811646348870548,5814,0.3,19,1,7,0,1,0,0,12.58,0
tx_00645,6994,8.852950887099581,5311,0.4,22,0,8,0,0,0,0,17.77,0
tx_00646,2134,7.666221925662725,5412,0.2,21,0,0,-1,1,0,0,1.03,0
tx_00647,12552,9.437714959818209,5691,0.35,6,0,1,1,1,0,0,9.67,0
tx_00648,10009,9.211339872309265,7995,0.3,15,1,3,-1,0,0,0,5.01,0
tx_00649,6561,8.789050713521046,5968,0.7,18,1,1,1,0,0,0,84.95,0
tx_00650,7860,8.969669103793757,5412,0.2,12,1,1,1,1,0,0,11.75,0
tx_00651,4114,8.32239411311117,5812,0.45,12,0,0,1,1,0,0,5.0,0
tx_00652,14542,9.58486505717771,4829,0.8,10,0,1,1,1,0,0,17.02,0
tx_00653,7816,8.96405612822033,5968,0.7,7,0,7,0,1,0,0,9.97,0
tx_00654,9540,9.163353580751846,5691,0.35,13,1,3,1,1,0,0,12.35,0
tx_00655,11435,9.344521553442203,5691,0.35,23,0,0,1,1,0,0,9.16,0
tx_00656,2720,7.908754738783246,5814,0.3,5,0,0,1,1,0,0,3.16,0
tx_00657,3483,8.155936337972394,5712,0.25,1,1,3,1,1,0,1,3.13,0
tx_00658,998,6.906754778648554,4814,0.55,1,1,5,1,0,0,0,11.53,0
tx_00659,13928,9.541728276688032,5311,0.4,13,0,0,1,-1,0,0,2.36,0
tx_00660,2575,7.853993087224244,4829,0.8,6,1,0,-1,1,0,0,6.16,0
tx_00661,9238,9.131188933670746,5814,0.3,11,0,4,0,1,0,0,9.15,0
tx_00662,11587,9.35772535888924,4121,0.2,22,0,2,1,-1,0,0,2.52,0
tx_00663,14435,9.577480365762678,4829,0.8,1,0,0,1,1,0,0,8.57,0
tx_00664,2595,7.86172707782398,5712,0.25,4,1,1,1,1,0,0,5.19,0
tx_00665,7656,8.943375541113124,5812,0.45,5,0,0,1,1,0,1,3.17,0
tx_00666,39813,10.591973888213879,5691,0.35,10,0,2,1,1,0,0,12.66,0
tx_00667,41513,10.633785998726866,6011,0.85,16,0,2,1,1,0,1,1.11,0
tx_00668,20809,9.94318891938768,6011,0.85,4,1,1,1,1,0,0,1.1,0
tx_00669,11224,9.325898712610455,4814,0.55,2,0,8,0,1,0,0,5.3,1
tx_00670,3135,8.0507033814703,7995,0.3,2,1,1,1,1,0,0,1.3,0
tx_00671,16121,9.687940077843546,5712,0.25,19,1,2,1,0,0,0,23.57,0
tx_00672,7010,8.855235623206967,5712,0.25,0,1,1,1,1,0,0,3.37,0
tx_00673,13873,9.537771863945247,4814,0.55,15,0,8,0,1,0,1,0.94,0
tx_00674,4465,8.404248432400102,5712,0.25,13,0,2,-1,-1,0,0,4.14,0
tx_00675,6911,8.841014310483892,5814,0.3,2,0,2,1,1,0,0,42.49,0
tx_00676,9520,9.161255164285691,5712,0.25,13,1,4,1,1,0,0,1.74,0
tx_00677,10292,9.23921933152656,4814,0.55,6,1,5,1,1,0,0,2.38,0
tx_00678,13020,9.474318717728728,5691,0.35,12,1,1,1,1,0,1,9.76,0
tx_00679,4698,8.455104999102815,7995,0.3,3,0,2,1,1,0,0,27.04,0
tx_00680,2273,7.729295674310482,5814,0.3,16,1,1,1,-1,0,0,1.51,0
tx_00681,38128,10.548730426438988,4814,0.55,19,0,3,1,1,0,0,2.01,0
tx_00682,86679,11.369978455650296,7995,0.3,0,0,0,1,1,0,0,0.78,0
tx_00683,12459,9.430278792341444,7995,0.3,12,0,2,1,-1,0,0,4.89,0
tx_00684,2315,7.7475968386928855,4829,0.8,15,0,0,1,1,0,0,6.71,0
tx_00685,3907,8.270781013162674,5968,0.7,0,0,3,-1,0,0,0,14.89,0
tx_00686,13211,9.48888078651068,5411,0.1,17,0,1,1,1,0,0,8.33,0
tx_00687,29121,10.279249181270849,5712,0.25,13,1,0,1,1,0,0,5.66,0
tx_00688,2573,7.853216388156072,5412,0.2,7,0,1,1,1,0,0,6.81,0
tx_00689,7238,8.88723835429314,5814,0.3,11,1,7,0,1,0,0,10.21,0
tx_00690,9811,9.19136140537838,7995,0.3,16,1,1,1,0,0,1,1.21,0
tx_00691,18518,9.826552511062006,5968,0.7,15,0,0,1,1,0,1,6.77,0
tx_00692,5877,8.678971846978863,7995,0.3,18,1,1,1,1,1,0,3331.68,0
tx_00693,1844,7.520234556474628,7995,0.3,0,1,0,1,0,0,0,19.63,0
tx_00694,14696,9.595398670306684,4814,0.55,18,0,1,1,1,0,0,43.43,0
tx_00695,23712,10.073778699946109,4900,0.1,0,1,3,1,-1,0,0,2.48,0
tx_00696,7530,8.926783114101351,5814,0.3,15,1,2,1,1,0,0,7.29,0
tx_00697,11970,9.39024233725137,5712,0.25,8,0,0,1,1,0,0,13.18,0
tx_00698,5190,8.55468163582723,4121,0.2,1,1,1,1,1,0,0,32.33,0
tx_00699,3647,8.201934351194222,4814,0.55,16,1,2,1,1,0,0,4.26,0
tx_00700,21596,9.980309695137413,5691,0.35,13,1,1,1,1,0,0,2.14,0
tx_00701,11770,9.37339415841248,5712,0.25,15,1,1,1,1,0,0,8.77,0
tx_00702,12978,9.471087945687758,4829,0.8,9,0,4,0,1,0,0,24.34,1
tx_00703,33934,10.43220220913786,4829,0.8,6,1,4,0,-1,0,0,5.48,0
tx_00704,2990,8.003363058629947,4814,0.55,14,0,2,1,1,0,0,25.25,0
tx_00705,4821,8.480944058741116,5691,0.35,5,1,2,1,1,0,0,16.78,0
tx_00706,9464,9.155356063643422,4121,0.2,19,1,2,-1,-1,0,0,12.07,0
tx_00707,4765,8.469262657658687,5712,0.25,16,0,3,1,1,0,0,4.81,0
tx_00708,17140,9.749228533507058,5412,0.2,23,1,2,1,0,0,1,3.72,0
tx_00709,6817,8.827321452697849,5412,0.2,0,1,0,1,1,0,0,39.2,0
tx_00710,3172,8.062432791583195,5812,0.45,14,1,1,1,1,0,0,1.75,0
tx_00711,8670,9.06773940337716,5691,0.35,13,0,2,1,1,0,0,9.25,0
tx_00712,9576,9.16711966952162,5814,0.3,20,0,4,0,1,0,0,8.5,0
tx_00713,19794,9.89318465954023,5814,0.3,10,1,2,-1,1,0,0,7.54,0
tx_00714,11833,9.378732023236639,6011,0.85,22,1,1,1,1,0,0,1.36,0
tx_00715,12623,9.443355043085656,5968,0.7,5,0,1,1,1,0,0,5.45,0
tx_00716,11042,9.30955202204713,5691,0.35,20,1,8,0,1,0,0,2.63,0
tx_00717,6811,8.826441041782578,5412,0.2,12,0,5,0,1,0,0,15.22,0
tx_00718,4125,8.325063693631197,4900,0.1,22,1,5,1,1,0,0,6.74,0
tx_00719,10717,9.279679850054796,5712,0.25,5,0,2,1,1,1,0,2265.5,1
tx_00720,5935,8.688790784847216,4814,0.55,6,1,2,-1,0,0,0,27.88,0
tx_00721,40559,10.610537638265065,7995,0.3,13,1,0,1,0,0,0,3.09,0
tx_00722,29151,10.280278800059685,5968,0.7,13,1,1,1,0,0,0,27.88,0
tx_00723,14859,9.60642831827175,4814,0.55,3,1,0,1,1,0,0,2.37,0
tx_00724,11669,9.364776725280601,5968,0.7,15,0,0,1,1,0,0,24.67,0
tx_00725,7492,8.92172453036431,4814,0.55,9,1,1,1,1,0,0,1.22,0
tx_00726,2458,7.807510042216193,5814,0.3,3,0,3,1,1,0,0,29.65,0
tx_00727,6633,8.799963219506997,4814,0.55,12,0,1,-1,-1,0,0,2.13,0
tx_00728,8969,9.101640955052842,5412,0.2,16,0,1,1,1,0,0,3.31,0
tx_00729,10129,9.22325659724273,5812,0.45,0,0,0,-1,1,0,0,4.04,0
tx_00730,12724,9.451323841418724,5814,0.3,22,1,0,-1,1,0,0,2.43,0
tx_00731,19544,9.880474778227056,5411,0.1,14,0,2,0,1,0,0,25.49,0
tx_00732,4220,8.347827345782498,6011,0.85,6,0,0,1,1,0,0,0.64,0
tx_00733,4257,8.356554845453426,5814,0.3,18,0,10,0,0,0,0,9.19,0
tx_00734,32321,10.383503391908588,4829,0.8,20,0,3,1,1,0,1,10.24,1
tx_00735,16943,9.737669067841187,5812,0.45,22,0,1,1,-1,0,0,1.41,0
tx_00736,5619,8.634086942887738,5814,0.3,18,0,1,-1,1,0,0,2.89,0
tx_00737,7356,8.903407519932264,5311,0.4,4,1,1,1,1,0,0,1.5,0
tx_00738,7388,8.907747686788648,5814,0.3,3,1,4,-1,1,0,1,3.38,0
tx_00739,8393,9.035272443893536,6011,0.85,5,1,1,1,1,0,0,14.75,0
tx_00740,12762,9.45430563898269,5968,0.7,21,0,2,1,1,0,1,3.15,0
tx_00741,90528,11.413425520346399,5814,0.3,7,0,3,0,1,1,0,615.99,0
tx_00742,9754,9.185535253057212,5712,0.25,7,1,1,1,1,0,0,4.38,0
tx_00743,15285,9.63469265580283,4900,0.1,21,0,2,1,1,0,0,55.14,0
tx_00744,1641,7.403670290012373,5968,0.7,4,0,7,0,1,0,0,5.79,0
tx_00745,5138,8.54461378699223,5411,0.1,9,1,0,1,1,0,1,1.77,0
tx_00746,26175,10.172598239402474,5691,0.35,7,0,1,1,1,1,0,1970.61,0
tx_00747,11937,9.387481868728596,5311,0.4,7,1,2,1,1,0,0,11.45,0
tx_00748,126,4.844187086458591,5311,0.4,14,0,3,1,1,0,0,2.59,0
tx_00749,15452,9.645558438233694,4829,0.8,17,1,1,1,-1,0,0,23.29,0
tx_00750,50384,10.827448790714502,7995,0.3,6,1,7,1,1,0,0,0.71,0
tx_00751,1223,7.1098794630722715,4829,0.8,0,1,2,1,0,0,0,2.97,0
tx_00752,34496,10.448627642716774,4814,0.55,15,1,2,-1,1,0,0,5.08,0
tx_00753,585,6.373319789577012,7995,0.3,13,0,0,1,1,0,0,16.04,0
tx_00754,19856,9.896311868787032,5691,0.35,15,1,8,0,1,0,0,26.98,0
tx_00755,8078,8.997023381479709,5412,0.2,10,0,1,1,1,0,0,26.22,0
tx_00756,874,6.774223886357614,5814,0.3,18,1,2,1,0,0,0,6.01,0
tx_00757,12444,9.429074214801693,5411,0.1,14,1,1,-1,0,0,0,19.29,0
tx_00758,24306,10.098519653689262,4814,0.55,18,1,0,1,1,0,0,11.01,0
tx_00759,11509,9.350971501715929,5814,0.3,17,1,1,1,1,0,0,5.79,0
tx_00760,14197,9.560856388599332,4829,0.8,11,0,3,0,1,0,0,2.72,1
tx_00761,5509,8.61431990214696,5691,0.35,7,1,9,0,1,0,0,6.57,0
tx_00762,1390,7.237778191923443,7995,0.3,13,1,1,1,1,0,0,22.64,0
tx_00763,15716,9.662498208076329,7995,0.3,15,0,4,0,1,0,0,5.5,0
tx_00764,42935,10.667465913856665,5411,0.1,13,1,2,-1,1,0,0,3.14,0
tx_00765,23820,10.078322823556219,5814,0.3,12,1,2,1,1,0,0,19.86,0
tx_00766,1232,7.117205503164344,5712,0.25,8,0,3,1,1,0,0,2.92,0
tx_00767,1931,7.566311014772463,5412,0.2,3,0,0,1,1,0,0,9.68,0
tx_00768,3646,8.20166019080868,4814,0.55,10,0,0,1,1,0,0,7.91,0
tx_00769,1793,7.492203042618741,5411,0.1,21,1,3,1,1,0,1,14.68,0
tx_00770,8494,9.047233034106032,5812,0.45,17,1,0,1,1,1,0,569.04,0
tx_00771,11836,9.378985497953893,7995,0.3,18,0,0,1,1,0,1,11.01,0
tx_00772,2093,7.646831391430482,4121,0.2,17,1,4,1,1,0,1,3.36,0
tx_00773,17042,9.743494841225237,5814,0.3,22,1,1,1,1,1,0,4465.67,1
tx_00774,14418,9.576302060306647,5968,0.7,5,0,1,1,1,1,0,3424.32,1
tx_00775,4839,8.484669999710677,7995,0.3,17,0,0,1,1,0,0,6.6,0
tx_00776,6914,8.841448244098858,5411,0.1,1,0,0,1,1,0,0,96.66,0
tx_00777,1278,7.153833801578843,4814,0.55,5,0,0,1,1,0,0,7.61,0
tx_00778,5940,8.689632748355741,4900,0.1,0,1,3,1,1,0,0,5.55,0
tx_00779,8202,9.01225522000275,5968,0.7,10,0,3,1,1,0,0,2.52,0
tx_00780,9561,9.165552189186048,6011,0.85,3,1,1,1,1,0,0,1.47,0
tx_00781,11674,9.365205082537098,5712,0.25,9,1,2,1,1,0,0,0.82,0
tx_00782,10272,9.237274373216264,4814,0.55,3,0,0,1,1,0,0,1.37,0
tx_00783,6336,8.754160749323518,4814,0.55,0,1,2,1,1,0,0,3.52,0
tx_00784,10690,9.2771575450135,5412,0.2,11,0,3,1,-1,0,0,15.88,0
tx_00785,21102,9.957170489452313,5712,0.25,9,1,2,1,1,0,0,8.25,0
tx_00786,7439,8.914626127827137,4121,0.2,10,0,3,1,1,0,0,1.54,0
tx_00787,11014,9.307013259236443,5812,0.45,8,1,3,1,1,0,0,2.4,0
tx_00788,6825,8.828494129466652,5691,0.35,9,0,1,1,-1,0,0,4.36,0
tx_00789,4406,8.390949464841986,4121,0.2,0,1,1,1,1,0,1,3.29,0
tx_00790,13385,9.501964663660587,4814,0.55,11,1,0,-1,1,0,0,1.79,0
tx_00791,4806,8.47782846789396,5412,0.2,20,1,0,1,1,0,0,0.26,0
tx_00792,11755,9.372119027538808,5814,0.3,3,0,3,1,1,0,0,1.39,0
tx_00793,8367,9.032170186304704,5968,0.7,3,0,2,0,-1,0,0,1.48,0
tx_00794,6102,8.716535732544495,5412,0.2,18,0,2,-1,1,0,0,19.54,0
tx_00795,5964,8.693664334532016,5311,0.4,12,1,2,1,0,0,0,26.58,0
tx_00796,5026,8.522578663692576,7995,0.3,6,1,1,1,-1,0,0,0.52,0
tx_00797,1706,7.442492722794441,5412,0.2,18,1,0,1,1,0,0,12.26,0
tx_00798,11718,9.368966735258603,5311,0.4,7,0,7,0,0,0,0,21.42,0
tx_00799,10149,9.225228984469933,5412,0.2,14,1,9,1,1,0,0,1.97,0
tx_00800,18258,9.812413388136733,4121,0.2,13,0,2,1,1,1,0,1161.7,0
tx_00801,4916,8.50045386741194,5311,0.4,4,0,0,1,1,0,0,35.53,0
tx_00802,49305,10.805801056479424,5691,0.35,18,1,0,1,1,0,0,3.96,0
tx_00803,5678,8.644530439877432,6011,0.85,14,0,10,0,1,0,1,22.91,0
tx_00804,3547,8.17413934342947,5814,0.3,5,0,0,1,1,0,0,5.49,0
tx_00805,3169,8.061486866871327,5814,0.3,18,0,1,1,1,0,0,29.06,0
tx_00806,1569,7.358830898342354,5691,0.35,14,1,7,1,1,0,0,8.64,0
tx_00807,34932,10.46118722017071,4814,0.55,20,1,5,0,1,0,0,3.22,0
tx_00808,29962,10.307718566129479,5411,0.1,19,1,0,1,1,0,0,2.78,0
tx_00809,14413,9.575955235484386,7995,0.3,7,1,0,-1,1,1,0,1489.47,0
tx_00810,3477,8.154212694914229,4121,0.2,22,1,1,1,1,0,0,3.89,0
tx_00811,45519,10.725907068800213,6011,0.85,0,1,2,1,1,0,1,4.57,0
tx_00812,5832,8.671286726753637,5812,0.45,8,0,0,1,-1,0,0,7.71,0
tx_00813,6308,8.74973246437081,4900,0.1,14,0,4,1,-1,0,0,3.09,0
tx_00814,31907,10.37061204103102,5814,0.3,12,1,1,1,1,0,0,40.92,0
tx_00815,15232,9.631219406136701,5968,0.7,5,1,2,1,1,0,0,34.49,0
tx_00816,65921,11.096227503928937,4121,0.2,4,0,0,1,1,0,0,7.0,0
tx_00817,10316,9.241548299100376,4814,0.55,18,0,5,1,1,0,0,45.85,0
tx_00818,5586,8.628197749459149,5812,0.45,21,1,6,0,1,0,0,28.7,0
tx_00819,4555,8.424200324567073,7995,0.3,16,0,0,1,-1,0,0,3.5,0
tx_00820,1409,7.251344983372214,4121,0.2,12,1,3,0,1,0,0,8.85,0
tx_00821,6251,8.740656691541368,5812,0.45,18,1,3,0,1,0,0,4.67,0
tx_00822,24162,10.092577816525454,4814,0.55,5,1,1,1,1,0,0,28.4,0
tx_00823,14387,9.574149804815514,5812,0.45,23,0,2,1,0,0,0,1.78,0
tx_00824,8304,9.024613022047395,5712,0.25,2,1,4,1,0,0,0,0.92,0
tx_00825,3165,8.060224240440958,4814,0.55,14,0,9,0,1,1,0,1873.91,0
tx_00826,10104,9.22078562983772,5812,0.45,8,0,1,1,1,0,0,1.81,0
tx_00827,21319,9.967400878279781,6011,0.85,21,0,1,1,0,0,0,1.87,0
tx_00828,12263,9.41442342055165,6011,0.85,5,1,0,1,1,0,0,4.05,0
tx_00829,9543,9.163667963777751,4121,0.2,15,0,2,1,1,0,0,2.95,0
tx_00830,3820,8.2482674474469,4900,0.1,3,0,5,1,1,0,0,3.54,0
tx_00831,18564,9.829033366611181,4900,0.1,4,1,2,1,0,0,1,3.91,0
tx_00832,416,6.0330862217988015,5412,0.2,9,1,0,1,1,0,0,7.0,0
tx_00833,11718,9.368966735258603,4829,0.8,19,1,1,1,1,0,0,2.29,0
tx_00834,93618,11.446988633318698,5968,0.7,6,1,3,1,1,0,0,2.57,0
tx_00835,1943,7.572502985020384,5814,0.3,16,1,1,-1,1,0,0,14.37,0
tx_00836,6476,8.776012719182917,5968,0.7,13,1,2,1,1,0,0,20.72,0
tx_00837,8084,8.997765772011208,4829,0.8,23,1,1,1,1,0,0,43.06,0
tx_00838,5249,8.565983355585669,4121,0.2,7,1,3,1,1,0,1,5.26,0
tx_00839,21801,9.989756987688304,6011,0.85,5,0,1,1,1,0,0,19.47,0
tx_00840,12759,9.454070556898781,5311,0.4,21,0,2,1,1,0,0,3.47,0
tx_00841,9413,9.149953221961088,5812,0.45,7,0,4,1,1,0,0,8.77,0
tx_00842,17371,9.762614993654713,6011,0.85,5,1,8,0,1,1,0,646.67,0
tx_00843,8276,9.021235862885396,4121,0.2,19,1,12,0,1,0,0,40.59,0
tx_00844,167049,12.026048447784902,4121,0.2,19,0,1,1,-1,0,0,2.38,0
tx_00845,9405,9.149103062504993,4121,0.2,1,0,4,0,1,0,0,1.87,0
tx_00846,9805,9.190749722211178,4829,0.8,20,1,3,1,1,0,0,5.29,0
tx_00847,1604,7.380879035564116,4121,0.2,15,1,6,0,1,0,1,0.49,0
tx_00848,4860,8.488999457045455,5968,0.7,6,1,3,1,1,0,0,5.43,0
tx_00849,24226,10.095222992690658,5712,0.25,12,0,2,1,1,0,0,0.26,0
tx_00850,2290,7.736743682453495,7995,0.3,5,1,4,1,0,0,0,1.74,0
tx_00851,1049,6.956545443151569,5968,0.7,4,1,1,1,1,0,0,4.94,0
tx_00852,8399,9.035986984831405,7995,0.3,3,0,4,0,1,0,0,0.69,0
tx_00853,29953,10.30741815055234,4900,0.1,3,1,0,1,1,0,0,6.75,0
tx_00854,8480,9.0455836463617,5311,0.4,13,0,2,1,1,0,0,0.36,0
tx_00855,5919,8.68609172787805,5968,0.7,19,1,4,1,1,0,0,4.55,0
tx_00856,1394,7.240649694255466,4900,0.1,11,1,6,0,1,0,0,12.01,0
tx_00857,12517,9.434922887484646,4121,0.2,0,1,1,1,1,0,0,20.14,0
tx_00858,15266,9.633448915256942,5812,0.45,10,0,1,1,1,0,1,31.09,0
tx_00859,1499,7.313220387090301,5968,0.7,17,1,0,1,1,0,0,1.72,0
tx_00860,23932,10.083013538694615,7995,0.3,20,1,4,1,0,0,0,3.04,0
tx_00861,16858,9.732639917815801,6011,0.85,17,0,0,1,1,0,0,2.16,0
tx_00862,23882,10.080922187756688,4814,0.55,8,1,1,1,0,0,0,13.84,0
tx_00863,14179,9.559587800086119,5814,0.3,15,1,2,-1,1,0,0,6.36,0
tx_00864,15156,9.626217750431657,5968,0.7,1,0,8,0,1,0,0,4.89,0
tx_00865,13358,9.499945593989812,5812,0.45,9,1,1,1,1,0,0,4.59,0
tx_00866,18587,9.830271490204868,5968,0.7,12,0,1,1,0,0,0,9.8,0
tx_00867,1447,7.277938572945661,5968,0.7,0,1,5,0,1,0,0,1.77,0
tx_00868,1957,7.579678823090456,5412,0.2,0,1,2,1,1,0,0,12.82,0
tx_00869,4048,8.30622521603216,4121,0.2,19,1,12,0,1,0,0,7.36,0
tx_00870,7200,8.881975184248867,5412,0.2,5,1,1,1,-1,0,0,17.38,0
tx_00871,11777,9.373988663504516,4829,0.8,3,0,7,0,1,0,0,3.22,0
tx_00872,11088,9.313708904953216,4814,0.55,14,1,2,1,0,0,0,5.27,0
tx_00873,23539,10.066456380814268,4814,0.55,6,0,1,-1,0,0,0,18.46,0
tx_00874,24252,10.09629560005422,5812,0.45,23,0,2,1,1,0,0,1.24,0
tx_00875,3556,8.176672771948455,5691,0.35,22,1,4,0,0,0,0,21.31,0
tx_00876,10217,9.231906149890744,5691,0.35,19,0,4,1,1,0,0,3.63,0
tx_00877,3640,8.200013648175434,5814,0.3,7,0,2,1,1,0,0,12.68,0
tx_00878,6811,8.826441041782578,5691,0.35,21,0,1,1,1,0,0,13.15,0
tx_00879,11058,9.31099985507536,5712,0.25,6,1,1,1,0,0,0,4.0,0
tx_00880,320,5.771441123130016,4814,0.55,5,1,2,1,1,0,0,5.16,0
tx_00881,80487,11.295863383971886,5968,0.7,23,1,5,1,1,0,0,0.98,0
tx_00882,13950,9.543306469268108,5412,0.2,16,1,6,-1,1,0,0,0.58,0
tx_00883,4625,8.439447842791385,4829,0.8,2,1,7,0,1,1,0,2392.63,1
tx_00884,50826,10.83618298843556,5968,0.7,21,1,4,0,1,0,0,20.3,0
tx_00885,5855,8.675222055641148,5814,0.3,3,0,3,1,1,0,0,4.0,0
tx_00886,9238,9.131188933670746,4121,0.2,16,0,3,1,1,0,0,0.41,0
tx_00887,5128,8.542665987389269,4829,0.8,10,0,0,1,1,0,0,2.81,0
tx_00888,39127,10.574593602219194,4121,0.2,0,1,4,1,1,0,0,2.73,0
tx_00889,7372,8.90557995798965,4900,0.1,18,1,1,1,0,0,0,3.24,0
tx_00890,9388,9.147294070258548,4814,0.55,16,0,5,0,1,0,1,1.45,0
tx_00891,25559,10.14878390849147,5812,0.45,21,1,1,1,1,0,0,2.08,0
tx_00892,14201,9.561138078742038,5691,0.35,14,0,2,1,0,0,0,0.82,0
tx_00893,7735,8.95364003713313,7995,0.3,18,1,1,1,1,0,0,58.5,0
tx_00894,23389,10.060063859578225,5814,0.3,21,1,3,1,1,0,0,36.9,0
tx_00895,90829,11.416744906496259,5712,0.25,23,0,1,1,1,0,0,1.57,0
tx_00896,11012,9.306831672164943,5691,0.35,13,0,3,1,1,0,0,5.26,0
tx_00897,9101,9.116249448576587,4121,0.2,0,0,1,1,1,0,0,2.42,0
tx_00898,9578,9.167328481382892,4121,0.2,8,1,4,1,0,0,1,4.1,0
tx_00899,28285,10.250122261580445,5712,0.25,14,1,1,1,1,0,1,7.99,0
tx_00900,4610,8.436200032206706,4121,0.2,2,1,3,-1,1,0,0,6.23,0
tx_00901,6253,8.740976538017787,4121,0.2,2,1,2,1,1,0,0,16.1,0
tx_00902,1891,7.545389749611823,4900,0.1,9,0,1,1,0,0,0,2.68,0
tx_00903,2645,7.880804344674901,6011,0.85,21,1,5,1,1,0,0,5.03,0
tx_00904,4980,8.513385953073284,5412,0.2,7,1,5,0,1,1,0,4064.26,1
tx_00905,7724,8.952217101765946,5812,0.45,22,1,2,1,1,0,0,6.0,1
tx_00906,43730,10.685812511742123,5411,0.1,19,1,0,1,1,0,0,0.4,0
tx_00907,13553,9.514436985696058,4829,0.8,7,1,1,1,1,0,0,1.09,0
tx_00908,3424,8.138856750696325,5411,0.1,5,1,0,-1,-1,0,0,22.78,0
tx_00909,4079,8.313852267398207,4814,0.55,19,1,2,1,1,0,0,23.11,0
tx_00910,30067,10.31121676229736,5814,0.3,18,1,0,1,1,0,0,1.48,0
tx_00911,23753,10.075506216334185,4829,0.8,15,1,0,1,0,0,0,38.83,0
tx_00912,8366,9.032050676295599,5411,0.1,23,0,1,1,-1,0,0,11.82,0
tx_00913,5350,8.585038738311304,7995,0.3,2,1,1,1,0,0,0,8.81,0
tx_00914,23715,10.073905204827259,5712,0.25,9,0,6,0,1,0,0,1.23,0
tx_00915,3170,8.061802274538348,5412,0.2,14,1,4,1,-1,0,0,44.0,0
tx_00916,11821,9.377717481384314,5691,0.35,1,1,2,-1,1,0,0,11.89,0
tx_00917,70558,11.164204518244643,5814,0.3,23,0,0,-1,0,0,0,1.91,0
tx_00918,9900,9.200391041122515,4900,0.1,13,0,0,1,1,0,0,0.31,0
tx_00919,3898,8.268475388982598,5712,0.25,7,1,6,0,1,0,0,1.23,0
tx_00920,12028,9.395075679994072,6011,0.85,5,0,6,0,1,0,0,5.98,1
tx_00921,5212,8.558910784768106,5712,0.25,0,1,2,1,1,0,0,3.83,0
tx_00922,2166,7.681099001536359,5412,0.2,14,1,0,1,1,0,0,29.83,0
tx_00923,15854,9.671240186972447,4829,0.8,23,1,0,-1,0,0,0,1.37,0
tx_00924,23555,10.067135844064461,4900,0.1,0,1,4,0,1,0,0,7.16,0
tx_00925,6062,8.70996000607173,7995,0.3,9,0,2,1,0,0,0,17.41,0
tx_00926,5692,8.646992628951082,5691,0.35,15,0,3,1,1,0,0,1.02,0
tx_00927,3267,8.091933455979893,5311,0.4,10,0,4,0,1,0,0,10.31,0
tx_00928,7064,8.862908295118627,5411,0.1,15,1,2,1,1,0,0,4.86,0
tx_00929,4774,8.471149252914831,5712,0.25,17,1,0,1,1,0,0,2.56,0
tx_00930,3117,8.044947049617722,5691,0.35,23,1,3,1,1,0,0,0.36,0
tx_00931,49155,10.802754193404487,5812,0.45,14,1,1,1,1,0,0,8.55,0
tx_00932,12687,9.448411943874628,4900,0.1,17,0,2,1,0,0,0,2.21,0
tx_00933,14030,9.549024446393997,5812,0.45,7,0,1,1,1,0,0,3.14,0
tx_00934,18852,9.844427331406584,5412,0.2,3,0,0,1,1,0,0,26.61,0
tx_00935,16944,9.737728084041152,7995,0.3,2,0,1,1,1,0,0,4.77,0
tx_00936,5501,8.61286694148452,4829,0.8,2,1,2,1,1,0,1,6.63,1
tx_00937,10552,9.26416545867109,4829,0.8,19,1,0,1,-1,0,0,51.5,0
tx_00938,6308,8.74973246437081,5412,0.2,0,1,0,1,1,0,0,6.07,0
tx_00939,12354,9.42181611842271,5691,0.35,11,1,3,1,0,0,0,1.9,0
tx_00940,11269,9.329899607033822,5812,0.45,14,0,9,0,1,1,0,2497.67,1
tx_00941,5663,8.641885635373555,5411,0.1,16,0,0,1,1,0,0,5.39,0
tx_00942,2304,7.742835955430749,6011,0.85,1,1,5,0,1,0,0,2.67,0
tx_00943,9359,9.144200569471638,5412,0.2,20,0,3,1,1,0,0,1.69,0
tx_00944,6708,8.811205187562887,4814,0.55,10,1,1,1,1,0,0,3.51,0
tx_00945,1352,7.210079628170788,4814,0.55,0,0,5,0,1,0,0,15.47,0
tx_00946,13193,9.487517459782817,7995,0.3,3,0,3,1,1,0,0,2.53,0
tx_00947,20379,9.922309306776716,4814,0.55,20,0,0,-1,-1,0,0,6.06,0
tx_00948,89959,11.407120406073252,7995,0.3,22,0,1,1,0,0,1,1.81,0
tx_00949,5617,8.633731007664188,4900,0.1,18,0,7,0,1,0,0,27.36,0
tx_00950,4882,8.49351506406166,4814,0.55,8,0,2,1,1,0,0,0.95,0
tx_00951,2839,7.951559331155252,5311,0.4,22,1,6,0,-1,0,1,1.53,1
tx_00952,9931,9.203517146628057,5712,0.25,6,1,1,1,1,0,1,2.24,0
tx_00953,9871,9.197457746145169,5411,0.1,5,1,1,1,1,0,0,0.97,0
tx_00954,3769,8.234830280442056,5814,0.3,18,0,1,1,1,0,0,9.31,0
tx_00955,6898,8.839131752546109,5712,0.25,7,0,7,0,0,0,0,11.22,1
tx_00956,1243,7.126087273299125,5411,0.1,12,1,2,1,1,0,1,10.75,0
tx_00957,19638,9.885272664115224,5712,0.25,15,0,0,1,0,1,0,3082.31,0
tx_00958,3917,8.273336598504486,7995,0.3,3,1,2,1,1,0,0,0.83,0
tx_00959,7881,8.97233695775495,5411,0.1,22,1,0,1,1,1,0,1615.75,0
tx_00960,2100,7.650168700845001,4829,0.8,3,0,6,0,0,0,0,25.87,1
tx_00961,4684,8.452121194672523,5411,0.1,23,0,5,1,1,0,0,3.29,0
tx_00962,6245,8.739696537843024,5968,0.7,6,1,1,1,-1,0,0,18.05,0
tx_00963,8058,8.994544758324512,4900,0.1,10,1,9,0,1,0,0,4.09,0
tx_00964,12848,9.461021266283481,7995,0.3,6,1,0,1,1,0,0,4.27,0
tx_00965,31962,10.372334262809115,5712,0.25,12,0,1,1,1,0,0,1.16,0
tx_00966,16338,9.701310167030824,5712,0.25,0,0,2,1,1,0,0,2.79,0
tx_00967,20317,9.919262471651491,5311,0.4,4,1,1,1,1,0,0,23.11,0
tx_00968,32176,10.379007190594631,6011,0.85,12,1,8,0,1,0,1,2.3,0
tx_00969,13994,9.546455401949554,4121,0.2,16,1,1,-1,1,0,1,48.17,0
tx_00970,7866,8.970432074329242,5311,0.4,23,1,3,-1,1,0,1,4.07,0
tx_00971,21244,9.963876852548912,5411,0.1,20,0,0,1,1,0,0,25.0,0
tx_00972,22573,10.024554080515571,5412,0.2,22,0,5,1,1,0,0,5.01,0
tx_00973,15083,9.621389858378247,5412,0.2,19,1,2,1,1,0,0,0.31,0
tx_00974,2045,7.6236419465115715,4829,0.8,18,0,1,1,-1,0,0,2.07,0
tx_00975,3662,8.206037762778815,4900,0.1,8,1,0,1,1,0,0,2.08,0
tx_00976,6273,8.744169388750624,4814,0.55,21,1,1,1,1,0,0,2.16,0
tx_00977,17083,9.745897631961357,5712,0.25,23,0,4,-1,1,0,0,1.1,0
tx_00978,7982,8.9850695596458,5311,0.4,12,0,1,1,1,0,0,1.52,0
tx_00979,23985,10.085225605791667,5691,0.35,2,1,3,1,1,0,0,10.3,0
tx_00980,28414,10.254672453731223,5712,0.25,1,0,5,0,1,0,0,115.86,0
tx_00981,25448,10.144431728475844,5812,0.45,11,0,0,1,0,0,0,6.33,0
tx_00982,25602,10.150464811101735,5691,0.35,15,0,4,1,-1,0,0,3.26,0
tx_00983,3041,8.020270472819238,5812,0.45,13,0,2,1,0,0,0,0.26,0
tx_00984,12883,9.46374151045109,5712,0.25,21,1,4,-1,1,0,0,53.28,0
tx_00985,4573,8.428143374582726,5812,0.45,12,1,0,1,1,0,0,17.79,0
tx_00986,1700,7.438971592395862,5712,0.25,15,0,2,1,1,0,0,2.86,0
tx_00987,6199,8.732304571033183,5311,0.4,18,0,3,1,1,0,0,7.19,0
tx_00988,28672,10.263711192398603,4900,0.1,21,1,0,1,1,0,0,2.81,0
tx_00989,12618,9.44295889365291,5968,0.7,14,0,1,1,1,0,0,1.21,0
tx_00990,55386,10.922100188159392,5311,0.4,13,1,0,1,1,0,0,3.08,0
tx_00991,9639,9.17367638760459,5691,0.35,1,0,3,1,1,0,0,13.87,0
tx_00992,83332,11.330599908168274,4829,0.8,15,0,0,-1,1,0,0,7.68,0
tx_00993,9641,9.173883834965567,5412,0.2,4,1,2,1,1,0,0,3.82,0
tx_00994,8321,9.026657889542886,5691,0.35,8,0,0,1,0,0,0,10.83,0
tx_00995,2416,7.790282380703483,5712,0.25,12,0,3,1,1,0,0,3.36,0
tx_00996,23393,10.060234858210652,5691,0.35,1,1,3,1,1,0,0,22.03,0
tx_00997,5055,8.528330935826693,5411,0.1,16,0,2,1,-1,0,0,1.41,0
tx_00998,4405,8.39072252736229,7995,0.3,6,0,1,1,1,0,0,3.22,0
tx_00999,27511,10.222377552112102,5691,0.35,12,1,1,1,0,0,0,12.84,0
tx_01000,24477,10.105530033942284,5968,0.7,8,1,1,1,0,0,0,11.74,0
tx_01001,23876,10.080670931473959,5814,0.3,8,1,3,1,-1,0,0,2.21,0
tx_01002,5774,8.661293535389994,5691,0.35,9,1,5,1,1,0,0,1.73,0
tx_01003,7760,8.95686647085414,6011,0.85,1,1,0,1,1,0,0,9.16,0
tx_01004,7695,8.948455992345542,4814,0.55,4,1,1,1,1,0,0,27.66,0
tx_01005,17130,9.748644966730458,6011,0.85,18,1,3,0,0,0,0,14.62,1
tx_01006,35634,10.481083579935971,5968,0.7,2,1,1,1,1,0,0,1.2,0
tx_01007,11555,9.354960061586127,5691,0.35,11,0,4,0,1,0,0,2.21,0
tx_01008,53174,10.881343640068438,5814,0.3,3,0,1,1,-1,0,0,1.35,0
tx_01009,19101,9.857548320594683,5691,0.35,12,1,1,-1,1,0,0,27.11,0
tx_01010,6517,8.782322859397507,4900,0.1,15,1,0,1,1,0,1,4.6,0
tx_01011,17898,9.7925001243465,5968,0.7,11,1,3,1,1,0,0,3.43,0
tx_01012,41184,10.62582939137535,4900,0.1,18,0,2,1,1,0,1,6.88,0
tx_01013,54369,10.903567810139966,5311,0.4,6,0,1,1,1,0,1,8.74,0
tx_01014,25153,10.1327722086071,5691,0.35,13,1,0,1,1,0,0,3.09,0
tx_01015,8346,9.029657471850737,5968,0.7,6,1,2,1,1,0,0,6.95,0
tx_01016,6630,8.799510901368867,5411,0.1,12,0,2,-1,1,0,0,5.59,0
tx_01017,14079,9.552510629712033,5412,0.2,1,1,6,0,1,0,0,35.49,0
tx_01018,39952,10.595459042242352,4121,0.2,6,0,4,1,1,0,1,5.17,0
tx_01019,12299,9.417354541360508,4814,0.55,16,0,4,0,1,0,0,8.04,0
tx_01020,12544,9.437077458800523,4121,0.2,18,0,2,1,-1,0,0,2.32,0
tx_01021,8553,9.054154288786854,4814,0.55,6,0,1,1,0,0,0,2.36,0
tx_01022,5965,8.693831965074693,6011,0.85,6,1,1,1,1,1,0,4747.61,1
tx_01023,6982,8.851233902846035,5968,0.7,7,0,1,1,-1,0,0,1.66,0
tx_01024,9263,9.133891199812776,5968,0.7,6,0,1,-1,1,0,0,7.39,0
tx_01025,41663,10.63739272556824,4121,0.2,23,1,8,0,1,0,0,3.71,0
tx_01026,6486,8.777555453213056,4814,0.55,15,0,3,-1,-1,0,0,10.35,0
tx_01027,8563,9.055322649709574,4900,0.1,9,0,1,1,1,0,0,0.47,0
tx_01028,3580,8.183397369998433,5691,0.35,11,1,1,1,1,1,0,2781.01,0
tx_01029,16090,9.68601538845915,5311,0.4,12,1,5,0,0,0,0,0.68,0
tx_01030,29837,10.303538027942794,5412,0.2,13,1,1,1,1,0,0,42.55,0
tx_01031,38118,10.548468124475464,4829,0.8,9,0,6,0,1,0,0,5.43,0
tx_01032,9881,9.198470199405696,5814,0.3,23,0,4,1,1,0,1,9.18,0
tx_01033,14056,9.550875771331766,5311,0.4,6,1,5,0,1,1,0,4717.7,1
tx_01034,7040,8.859505484519133,4121,0.2,10,1,1,1,1,0,0,5.46,0
tx_01035,13451,9.50688307286016,5814,0.3,0,1,2,1,1,0,0,1.58,1
tx_01036,10976,9.303557453687317,6011,0.85,11,0,1,1,1,0,0,10.46,0
tx_01037,8609,9.060679597421776,4121,0.2,20,0,1,1,1,0,0,8.45,0
tx_01038,9284,9.136155473786806,5412,0.2,23,0,1,1,1,0,0,8.25,0
tx_01039,12513,9.43460329655831,5968,0.7,11,0,9,0,1,0,0,29.85,0
tx_01040,6159,8.725832056527565,5812,0.45,3,1,0,1,1,0,0,0.92,0
tx_01041,6469,8.774931387494947,5968,0.7,17,1,1,1,1,0,0,5.47,0
tx_01042,41240,10.627188186139529,5411,0.1,15,0,0,1,1,0,0,0.83,0
tx_01043,106958,11.580200862442666,5411,0.1,23,0,2,1,-1,0,0,20.12,0
tx_01044,2594,7.861341795599989,5812,0.45,12,0,0,1,1,0,0,11.92,0
tx_01045,2462,7.809135398120538,4829,0.8,0,0,3,0,1,0,0,3.73,0
tx_01046,3281,8.096208271650037,4900,0.1,21,1,0,1,-1,0,0,14.39,0
tx_01047,7384,8.90720619496548,5712,0.25,16,1,1,-1,1,0,0,9.03,0
tx_01048,19076,9.856238699935517,5812,0.45,19,1,1,1,1,0,0,0.83,0
tx_01049,14284,9.566965314664873,4814,0.55,2,1,1,1,1,0,0,10.9,0
tx_01050,9591,9.16868469670735,5691,0.35,10,1,1,1,1,0,0,1.78,0
tx_01051,13462,9.507700460979235,5411,0.1,10,1,0,1,1,0,0,5.99,0
tx_01052,4220,8.347827345782498,5691,0.35,6,0,3,1,1,0,1,15.31,0
tx_01053,6459,8.773384596776648,7995,0.3,20,1,3,1,1,0,0,5.25,0
tx_01054,7991,8.98619632032839,4814,0.55,4,1,3,1,1,0,0,4.58,0
tx_01055,1808,7.500529485395295,7995,0.3,1,1,2,1,1,0,0,27.27,0
tx_01056,2702,7.902117546276448,5412,0.2,5,1,2,1,1,0,0,6.13,0
tx_01057,2806,7.939871576361883,5814,0.3,23,1,1,1,0,0,0,3.64,0
tx_01058,16833,9.731155929771521,5411,0.1,2,1,6,0,0,0,0,0.74,0
tx_01059,10283,9.23834456838578,5311,0.4,13,0,1,1,1,0,0,5.1,0
tx_01060,14555,9.585758558732051,5814,0.3,4,1,5,1,1,0,0,11.46,0
tx_01061,1419,7.258412150595307,5812,0.45,9,1,1,1,1,0,1,29.77,0
tx_01062,1990,7.596392304064196,4829,0.8,13,0,2,1,0,0,0,0.76,0
tx_01063,15294,9.635281256585003,5812,0.45,0,1,2,1,0,0,0,8.49,0
tx_01064,581,6.366470447731438,5814,0.3,5,0,1,1,1,0,0,11.32,0
tx_01065,26071,10.168617220517397,5411,0.1,14,1,2,1,1,0,0,2.98,0
tx_01066,1441,7.273786317844895,6011,0.85,0,0,10,0,1,0,0,36.29,0
tx_01067,18149,9.806425839692997,5712,0.25,11,1,5,0,0,0,0,1.81,0
tx_01068,3502,8.161375023197486,5311,0.4,14,1,1,1,1,0,0,44.63,0
tx_01069,22062,10.001657276308372,4121,0.2,5,0,3,1,1,0,0,5.85,0
tx_01070,171600,12.052927293524847,5812,0.45,3,1,1,1,1,0,0,12.49,0
tx_01071,940,6.846943139585379,4829,0.8,11,1,4,-1,1,0,0,3.04,0
tx_01072,15769,9.665864679957084,5814,0.3,17,0,2,1,0,0,0,0.79,0
tx_01073,1462,7.288244401020124,5691,0.35,0,1,4,1,1,0,0,4.38,0
tx_01074,12217,9.410665553209713,5412,0.2,8,1,2,1,1,0,0,10.77,0
tx_01075,6692,8.808817483100642,4829,0.8,23,0,3,0,1,0,1,2.59,0
tx_01076,9214,9.128587870103924,5812,0.45,8,0,2,1,1,0,0,3.54,0
tx_01077,3426,8.139440521874608,4829,0.8,7,0,2,1,1,0,1,5.47,0
tx_01078,17097,9.74671677658618,5411,0.1,17,0,1,1,1,0,0,0.8,0
tx_01079,2057,7.629489916393995,5968,0.7,11,1,0,1,1,0,0,3.52,0
tx_01080,26495,10.184749057184986,6011,0.85,9,1,2,1,1,0,0,6.37,0
tx_01081,5521,8.6164953924901,7995,0.3,18,0,0,-1,1,0,0,2.62,0
tx_01082,2149,7.673223121121708,7995,0.3,0,0,3,0,-1,0,0,21.95,0
tx_01083,37062,10.520374446374209,5691,0.35,17,1,0,1,1,0,0,6.5,0
tx_01084,7640,8.941283763647567,4829,0.8,9,0,2,-1,1,0,0,0.38,0
tx_01085,49882,10.817435542331806,5968,0.7,21,1,2,0,0,0,0,2.68,0
tx_01086,25990,10.165505603232393,5968,0.7,17,0,0,1,1,0,0,2.15,0
tx_01087,3816,8.247220052745229,7995,0.3,22,1,13,0,1,0,0,1.77,0
tx_01088,7513,8.924523226133914,5812,0.45,3,1,3,1,0,0,0,31.32,1
tx_01089,9138,9.120306249272202,4814,0.55,4,1,0,1,1,0,0,10.48,0
tx_01090,34723,10.455186369511699,5691,0.35,21,0,0,1,1,0,0,3.14,0
tx_01091,12343,9.420925394042996,5412,0.2,9,0,4,0,1,0,0,2.82,0
tx_01092,9630,9.172742341560864,5968,0.7,19,0,1,-1,1,0,1,3.38,0
tx_01093,6736,8.81537000096066,5411,0.1,16,0,2,1,1,0,0,2.46,0
tx_01094,7763,8.957252944288902,5311,0.4,11,1,9,1,1,0,0,2.14,0
tx_01095,28128,10.244556351616321,4814,0.55,1,1,2,1,1,0,0,9.09,0
tx_01096,8174,9.008835995765454,5968,0.7,1,0,3,0,1,0,0,0.42,0
tx_01097,5597,8.630164670075398,5814,0.3,17,0,2,1,1,0,0,9.23,0
tx_01098,4764,8.469052816088302,4121,0.2,2,0,3,1,0,0,0,0.79,0
tx_01099,4813,8.479283618343016,5412,0.2,0,1,1,1,0,1,0,2549.15,0
tx_01100,2150,7.67368812926773,5412,0.2,5,0,0,1,1,0,0,17.8,0
tx_01101,3993,8.29254851397576,5412,0.2,21,0,1,1,1,0,0,1.42,0
tx_01102,33815,10.428689342246626,6011,0.85,15,0,2,1,1,0,0,2.06,0
tx_01103,6694,8.809116258125274,4829,0.8,17,0,2,1,1,0,0,15.96,0
tx_01104,15905,9.67445167551708,5311,0.4,15,1,4,0,1,0,0,3.4,0
tx_01105,773,6.651571873589727,4829,0.8,13,1,2,1,1,0,1,1.94,0
tx_01106,13976,9.545168400484906,4900,0.1,6,1,4,1,1,0,0,2.08,0
tx_01107,6988,8.85209276347713,6011,0.85,10,1,5,0,1,0,0,90.0,0
tx_01108,5155,8.547916364059079,7995,0.3,13,1,1,1,1,0,1,2.73,0
tx_01109,9673,9.177197153382929,4121,0.2,23,1,2,1,1,0,0,9.1,0
tx_01110,5085,8.534246945982066,5712,0.25,21,0,11,0,1,0,0,10.81,0
tx_01111,1083,6.988413181999592,4900,0.1,17,0,3,1,1,0,0,32.37,0
tx_01112,19561,9.881344187850438,4829,0.8,19,1,1,1,-1,0,0,50.32,0
tx_01113,10260,9.236105579862208,5311,0.4,19,1,4,1,-1,0,0,0.52,0
tx_01114,6045,8.707152175339404,4829,0.8,16,1,2,1,0,0,0,28.27,0
tx_01115,3253,8.087640287778983,5412,0.2,19,1,4,1,0,0,0,5.86,0
tx_01116,2016,7.6093665379542115,7995,0.3,1,0,1,1,1,0,0,1.44,0
tx_01117,10076,9.218010878280403,5712,0.25,0,1,1,1,1,0,0,16.03,0
tx_01118,37720,10.537972247530657,5814,0.3,10,0,1,1,1,0,0,1.68,0
tx_01119,9879,9.198267790741914,5412,0.2,1,0,2,1,-1,0,0,23.41,0
tx_01120,2190,7.692113339595466,4121,0.2,8,1,3,1,1,0,0,3.14,0
tx_01121,10087,9.219101877644755,4814,0.55,4,0,2,1,1,0,0,18.03,0
tx_01122,7743,8.954673628956414,4900,0.1,22,0,0,1,0,0,0,12.07,0
tx_01123,18509,9.826066405567543,4900,0.1,15,1,1,1,1,0,0,1.16,0
tx_01124,14495,9.581628028282761,5968,0.7,1,1,2,-1,1,0,0,0.91,0
tx_01125,478,6.171700597410915,5968,0.7,14,1,10,0,1,0,0,6.06,0
tx_01126,13673,9.523251498473739,5968,0.7,17,0,1,1,1,0,0,2.76,0
tx_01127,3140,8.052296499538647,5712,0.25,7,0,1,1,1,0,0,10.97,0
tx_01128,2110,7.65491704784832,5691,0.35,21,1,0,1,-1,0,0,3.74,0
tx_01129,6810,8.826294231241318,5812,0.45,23,0,2,1,1,0,0,1.75,0
tx_01130,12035,9.395657437749936,5411,0.1,23,0,3,-1,0,0,0,7.51,0
tx_01131,1714,7.44716835960004,5812,0.45,2,1,1,1,1,0,0,0.41,0
tx_01132,15907,9.67457740632758,5968,0.7,10,1,2,1,1,0,1,1.01,0
tx_01133,16820,9.730383384791782,5814,0.3,18,1,2,1,1,0,0,1.43,0
tx_01134,8517,9.049936850483158,5712,0.25,10,0,3,-1,1,0,0,0.28,0
tx_01135,3572,8.181160858023409,4121,0.2,11,1,3,1,0,0,1,7.66,0
tx_01136,3212,8.074960359115858,5814,0.3,7,1,10,0,1,0,0,1.78,0
tx_01137,21586,9.979846560634877,5411,0.1,10,1,8,0,1,0,0,6.57,0
tx_01138,1938,7.569927655242652,5814,0.3,16,0,2,-1,1,0,1,12.13,0
tx_01139,22391,10.01645903119529,5691,0.35,0,1,9,1,-1,0,0,22.67,0
tx_01140,6962,8.848365694942547,6011,0.85,19,1,2,-1,1,0,0,12.91,0
tx_01141,7436,8.9142228207033,5311,0.4,17,1,9,0,1,0,0,0.72,0
tx_01142,1608,7.3833681469923835,7995,0.3,3,0,8,0,1,0,0,1.68,0
tx_01143,7085,8.865876285425417,5968,0.7,18,1,1,-1,1,0,0,0.62,0
tx_01144,14590,9.588160179264023,5311,0.4,12,1,1,1,1,0,1,1.65,0
tx_01145,2288,7.735870319952567,5412,0.2,7,0,5,0,1,0,0,28.75,0
tx_01146,13080,9.478916074688227,5691,0.35,10,0,3,1,1,0,0,7.08,0
tx_01147,8864,9.089866218508309,5814,0.3,12,1,5,0,1,0,0,16.34,1
tx_01148,4419,8.393894975071744,5812,0.45,5,0,5,0,1,1,0,2024.0,0
tx_01149,18345,9.8171668460696,5968,0.7,14,1,13,0,1,0,0,3.87,0
tx_01150,1005,6.913737350659685,5411,0.1,15,0,4,1,1,0,0,10.14,0
tx_01151,11322,9.33459133431404,5691,0.35,8,0,10,0,1,0,0,1.48,0
tx_01152,37935,10.543655808305187,5412,0.2,11,1,3,0,1,0,0,3.79,0
tx_01153,31988,10.373147372686288,6011,0.85,14,0,3,1,1,0,0,15.4,0
tx_01154,11796,9.375600540841843,5311,0.4,12,1,0,1,1,0,0,16.47,0
tx_01155,6115,8.718663567048953,5712,0.25,10,1,6,0,1,0,0,9.34,0
tx_01156,4452,8.401333305321703,4814,0.55,22,1,5,0,1,0,0,4.72,0
tx_01157,6108,8.717518372649767,5968,0.7,21,1,2,1,1,0,0,5.65,0
tx_01158,13654,9.521861033907806,5411,0.1,9,1,2,1,1,0,0,1.3,0
tx_01159,3783,8.238536930171769,5311,0.4,17,0,3,1,-1,0,0,47.21,0
tx_01160,16726,9.724779459312009,5712,0.25,19,1,0,1,1,0,0,1.06,0
tx_01161,61801,11.031691005381676,5412,0.2,2,1,1,1,1,0,1,23.45,0
tx_01162,7680,8.946505025998682,5968,0.7,14,0,1,1,-1,0,0,0.49,0
tx_01163,2271,7.7284157798410416,5691,0.35,19,0,5,0,1,0,0,3.57,0
tx_01164,2270,7.7279755421055585,5691,0.35,1,0,3,-1,1,0,0,7.79,0
tx_01165,17033,9.742966625701026,4814,0.55,8,0,1,1,1,0,0,2.06,0
tx_01166,7696,8.948585921534317,4121,0.2,19,0,2,-1,1,0,0,0.81,0
tx_01167,18735,9.838202085837498,5411,0.1,22,0,1,1,1,0,0,1.84,0
tx_01168,4906,8.498418036089904,7995,0.3,23,1,3,1,1,0,0,3.67,0
tx_01169,17931,9.79434210527533,6011,0.85,14,0,7,0,-1,0,0,6.04,0
tx_01170,7008,8.854950316500325,5712,0.25,1,1,1,1,-1,0,1,4.28,0
tx_01171,4061,8.30943074214033,5712,0.25,0,0,1,1,1,0,1,5.75,0
tx_01172,5565,8.624431942085836,5411,0.1,19,1,2,-1,-1,0,0,7.38,0
tx_01173,2612,7.868254265520613,4829,0.8,17,1,0,1,1,0,0,11.06,0
tx_01174,53909,10.895071268445715,4121,0.2,4,1,1,1,-1,0,0,2.84,0
tx_01175,7432,8.913684824725294,5311,0.4,3,1,1,1,1,0,0,7.44,0
tx_01176,15025,9.617537312929105,5311,0.4,3,0,2,1,1,0,0,1.21,0
tx_01177,4891,8.495356496807062,4829,0.8,21,1,4,1,1,0,0,0.72,0
tx_01178,2998,8.00603417874901,4900,0.1,18,0,2,1,1,0,0,2.83,0
tx_01179,6522,8.783089671796096,4121,0.2,22,1,2,1,0,0,0,205.64,0
tx_01180,23186,10.05134705577498,5712,0.25,2,1,5,1,1,0,0,4.87,0
tx_01181,4967,8.510772623613315,6011,0.85,16,1,1,1,1,0,1,13.57,0
tx_01182,3562,8.178358165605836,5812,0.45,22,0,0,-1,0,0,0,20.57,0
tx_01183,9441,9.152923101106232,5412,0.2,12,0,1,1,1,0,0,3.41,0
tx_01184,13085,9.479298235429685,5411,0.1,18,1,4,0,1,0,0,29.46,0
tx_01185,38788,10.565891980261542,5311,0.4,14,0,0,-1,-1,0,0,8.97,0
tx_01186,11398,9.341280911236778,4814,0.55,0,1,1,1,1,0,0,18.35,0
tx_01187,15017,9.61700476065983,5712,0.25,10,0,0,1,1,0,1,6.27,0
tx_01188,16131,9.688560155993258,5691,0.35,6,0,0,1,1,0,0,6.71,0
tx_01189,2724,7.9102237070973445,4121,0.2,2,1,2,-1,1,0,0,27.4,0
tx_01190,3262,8.09040229659332,5411,0.1,14,0,0,1,1,0,0,2.76,0
tx_01191,2909,7.975908360165538,4900,0.1,22,0,1,1,1,0,0,7.38,0
tx_01192,2298,7.740229524763182,4829,0.8,1,0,1,1,1,0,0,5.56,0
tx_01193,17341,9.760886583937106,5812,0.45,7,1,8,0,1,0,0,5.86,0
tx_01194,10729,9.280798835624744,5691,0.35,16,1,1,1,1,0,0,11.49,0
tx_01195,8784,9.080801000621198,5712,0.25,7,1,3,1,1,0,0,7.44,0
tx_01196,694,6.543911845564792,5812,0.45,2,1,1,1,1,0,0,4.62,0
tx_01197,57404,10.957886686527912,7995,0.3,4,1,1,-1,1,0,1,38.02,0
tx_01198,3483,8.155936337972394,5968,0.7,0,0,2,1,1,0,0,8.04,0
tx_01199,57205,10.954414066971678,5712,0.25,23,0,0,1,1,0,0,2.35,0
tx_01200,2056,7.6290038896529575,6011,0.85,11,1,4,0,0,0,0,5.12,0
tx_01201,3765,8.233768709217097,5412,0.2,22,0,2,1,1,0,0,5.09,0
tx_01202,1005,6.913737350659685,7995,0.3,16,0,1,-1,1,0,0,2.61,0
tx_01203,11490,9.349319399257634,5814,0.3,8,0,0,1,1,0,0,2.96,0
tx_01204,2861,7.959275960116396,5812,0.45,22,1,0,1,1,0,0,4.4,0
tx_01205,2939,7.986164860332727,6011,0.85,6,1,0,1,1,0,0,9.22,0
tx_01206,2211,7.701652362642226,5691,0.35,4,0,4,1,1,0,1,1.3,1
tx_01207,17046,9.743729514150925,5814,0.3,19,1,6,0,1,0,0,9.97,0
tx_01208,16011,9.681093720112464,4900,0.1,13,1,0,1,0,0,1,3.93,0
tx_01209,45552,10.726631762209768,7995,0.3,10,1,3,1,1,0,0,1.37,0
tx_01210,4246,8.353968130313271,5712,0.25,14,1,7,0,0,0,0,9.36,0
tx_01211,10027,9.213136459278184,5814,0.3,23,1,1,1,-1,0,0,7.3,0
tx_01212,2393,7.780720886117918,5412,0.2,6,0,2,1,1,0,0,10.01,0
tx_01213,5925,8.68710472813351,6011,0.85,21,1,2,1,1,0,0,19.01,0
tx_01214,4975,8.512381634419015,4814,0.55,21,1,2,-1,1,0,0,45.41,0
tx_01215,12662,9.44643963445061,4814,0.55,18,0,0,1,1,0,0,5.56,0
tx_01216,21404,9.971379818579047,5691,0.35,3,0,5,0,1,0,0,3.64,0
tx_01217,20883,9.946738594530443,5814,0.3,2,0,5,0,1,0,0,4.37,0
tx_01218,3657,8.204671828950811,5968,0.7,2,1,2,1,1,0,0,3.31,0
tx_01219,21030,9.953752818683679,5412,0.2,16,0,4,1,1,0,0,2.62,0
tx_01220,7811,8.96341629199657,5812,0.45,9,1,2,1,-1,0,0,5.17,0
tx_01221,5984,8.697011617992073,5691,0.35,23,0,1,1,1,0,0,0.81,0
tx_01222,4155,8.332308352219117,7995,0.3,0,1,2,-1,1,0,0,13.84,0
tx_01223,4785,8.47345026846832,5812,0.45,8,0,1,1,1,0,0,7.77,0
tx_01224,42632,10.660383880259971,5411,0.1,6,0,3,1,-1,0,0,31.3,0
tx_01225,10908,9.297343415597757,7995,0.3,21,1,1,1,0,0,0,1.81,0
tx_01226,9615,9.17118365677499,4814,0.55,2,0,0,1,1,0,0,28.45,0
tx_01227,6349,8.756210091886738,7995,0.3,9,0,3,1,1,0,0,15.83,0
tx_01228,83187,11.328858385637812,4829,0.8,20,1,8,0,1,1,1,786.62,1
tx_01229,28140,10.24498286663967,5311,0.4,23,0,4,0,1,0,0,1.37,0
tx_01230,4106,8.320448113956559,5968,0.7,21,0,1,-1,1,0,0,7.59,0
tx_01231,6281,8.745443680098592,5814,0.3,15,0,1,1,0,0,0,10.21,0
tx_01232,6645,8.801770448914539,7995,0.3,3,1,2,1,1,0,0,13.08,0
tx_01233,9356,9.143880005275912,5814,0.3,2,0,9,0,1,0,0,2.39,0
tx_01234,4184,8.339261982923576,5712,0.25,9,1,3,1,1,0,0,90.37,0
tx_01235,12358,9.422139821589736,5311,0.4,11,0,1,1,0,0,1,1.32,1
tx_01236,32359,10.384678371172429,4121,0.2,12,1,2,1,-1,0,0,20.64,0
tx_01237,2338,7.757478766584179,4814,0.55,1,0,12,0,1,0,1,0.63,0
tx_01238,2789,7.933796874815411,5311,0.4,16,0,4,1,1,0,0,1.99,0
tx_01239,5147,8.546363568716018,4121,0.2,9,0,2,1,1,0,0,14.7,0
tx_01240,5379,8.59044365315583,5691,0.35,2,1,0,1,-1,0,0,41.41,0
tx_01241,54378,10.903733328903735,5814,0.3,21,1,0,1,1,0,0,19.51,0
tx_01242,21095,9.956838728033123,7995,0.3,8,1,2,1,1,0,0,4.18,0
tx_01243,19976,9.902336890778733,5412,0.2,5,0,1,1,1,0,0,1.27,0
tx_01244,6336,8.754160749323518,6011,0.85,11,0,4,0,1,0,0,23.43,0
tx_01245,6205,8.733271845008325,7995,0.3,22,0,6,-1,1,0,0,4.11,0
tx_01246,2051,7.62657020629066,6011,0.85,19,0,5,0,1,0,0,28.97,0
tx_01247,17117,9.747885820441555,5412,0.2,2,0,5,0,0,0,0,20.14,0
tx_01248,12987,9.471781133222736,5311,0.4,16,1,0,-1,0,0,0,9.61,0
tx_01249,27636,10.226910733640675,7995,0.3,15,0,2,0,1,0,1,1.93,0
tx_01250,6667,8.805075243870684,4900,0.1,21,0,2,1,1,0,0,2.07,0
tx_01251,7119,8.87066300440602,5411,0.1,23,1,6,0,1,0,0,10.53,0
tx_01252,9573,9.166806369952454,4814,0.55,17,0,2,1,1,0,0,6.2,0
tx_01253,19005,9.85250999777126,5968,0.7,15,0,0,1,1,0,0,49.57,0
tx_01254,2015,7.60887062919126,5812,0.45,8,1,5,1,1,0,0,10.81,0
tx_01255,16390,9.70448768268936,4814,0.55,21,1,3,1,1,0,0,9.77,0
tx_01256,7988,8.985820874482043,4900,0.1,22,1,3,0,-1,0,0,33.5,0
tx_01257,2979,7.9996785794994505,5691,0.35,23,1,3,1,1,1,0,2498.43,1
tx_01258,1124,7.025538314638521,5691,0.35,22,0,5,1,1,0,0,9.79,0
tx_01259,7155,8.87570644462861,5968,0.7,15,1,0,1,1,0,0,1.88,0
tx_01260,32225,10.380528859133515,4900,0.1,22,1,7,0,0,0,0,15.41,0
tx_01261,39979,10.596134608054392,6011,0.85,18,0,4,0,1,0,0,35.12,0
tx_01262,11416,9.342858751676328,5412,0.2,5,1,0,1,1,0,0,6.63,0
tx_01263,52527,10.869101639741373,5968,0.7,0,0,1,1,1,0,0,0.7,0
tx_01264,7820,8.964567702601611,4900,0.1,23,1,3,1,1,0,0,17.79,0
tx_01265,20147,9.91086030686554,4121,0.2,10,0,2,-1,1,0,0,32.42,0
tx_01266,5306,8.576781982827894,4121,0.2,20,1,1,1,1,0,0,2.17,0
tx_01267,4996,8.516593011344206,5411,0.1,6,1,4,0,1,0,0,2.37,0
tx_01268,4279,8.361708288575842,7995,0.3,8,1,3,1,1,0,0,17.15,0
tx_01269,1150,7.048386408721883,4121,0.2,19,0,3,-1,1,0,0,1.75,0
tx_01270,27665,10.22795950143476,5411,0.1,12,0,2,1,1,0,0,1.39,0
tx_01271,4428,8.395929103923198,4814,0.55,16,1,3,0,-1,0,0,1.8,0
tx_01272,3804,8.244071270295786,7995,0.3,7,0,2,0,1,0,0,3.1,0
tx_01273,2655,7.884576510596324,5812,0.45,14,0,4,0,0,0,0,12.99,0
tx_01274,6708,8.811205187562887,5814,0.3,11,1,6,0,1,0,0,6.41,0
tx_01275,43499,10.680516217076775,5812,0.45,22,0,0,1,1,0,0,16.68,0
tx_01276,59531,10.99426926208905,5812,0.45,11,0,1,1,1,0,0,10.56,0
tx_01277,1681,7.427738840532894,5814,0.3,2,0,1,1,-1,0,0,26.85,0
tx_01278,5816,8.668539943910762,4121,0.2,17,1,2,1,1,0,0,18.71,0
tx_01279,3049,8.022896869601457,6011,0.85,22,0,4,1,1,0,0,1.4,0
tx_01280,20829,9.944149534255018,5814,0.3,21,0,1,1,1,0,0,3.51,0
tx_01281,10694,9.277531621516506,5814,0.3,2,1,6,0,1,0,0,24.63,0
tx_01282,4449,8.400659375160286,5411,0.1,23,0,1,1,1,0,0,8.64,0
tx_01283,8726,9.074176947163311,5968,0.7,8,1,4,1,1,0,0,2.83,0
tx_01284,5175,8.551787836180736,5411,0.1,20,1,0,1,1,0,0,3.39,0
tx_01285,37749,10.538740754677171,4121,0.2,15,0,5,0,1,0,0,15.06,0
tx_01286,13695,9.524859098381523,6011,0.85,23,1,2,1,1,0,0,3.41,0
tx_01287,15390,9.641538201979953,4900,0.1,8,0,1,-1,1,0,0,20.67,0
tx_01288,647,6.473890696352274,4814,0.55,14,1,0,1,1,0,0,4.12,0
tx_01289,7644,8.941807118363164,5712,0.25,16,1,2,1,1,0,0,31.39,0
tx_01290,58937,10.984241322902925,4900,0.1,3,0,1,1,1,0,0,21.32,0
tx_01291,28710,10.265035603577836,6011,0.85,18,0,1,0,1,0,0,2.64,0
tx_01292,1409,7.251344983372214,5412,0.2,3,0,4,0,1,0,0,13.19,0
tx_01293,6048,8.707648248106914,4121,0.2,19,1,1,1,-1,0,0,1.0,0
tx_01294,2601,7.86403565907245,7995,0.3,3,0,1,1,1,0,0,5.53,0
tx_01295,41387,10.630746262724841,5691,0.35,4,0,3,1,1,0,1,5.02,0
tx_01296,10273,9.237371711027214,4900,0.1,11,1,3,1,1,0,0,0.66,0
tx_01297,3928,8.27614021955846,5812,0.45,4,1,1,1,1,0,0,0.61,0
tx_01298,8414,9.037771106624906,5691,0.35,1,1,2,1,1,1,0,4480.2,1
tx_01299,684,6.529418838262226,4121,0.2,1,1,1,1,1,0,0,4.79,0
tx_01300,2906,7.9748769005588755,5814,0.3,6,0,5,0,1,0,0,6.02,0
tx_01301,8432,9.039907859574642,5411,0.1,11,0,0,1,1,0,0,3.51,0
tx_01302,18189,9.808627271512169,5812,0.45,1,0,2,1,-1,0,0,22.66,0
tx_01303,1288,7.161622002939187,6011,0.85,3,1,2,-1,1,0,0,0.82,0
tx_01304,5671,8.643297068211963,5712,0.25,14,1,1,1,1,0,0,13.68,0
tx_01305,21256,9.964441531873126,5812,0.45,7,1,1,1,1,0,0,53.26,0
tx_01306,2051,7.62657020629066,4900,0.1,18,1,0,1,1,0,0,1.89,0
tx_01307,10126,9.222960403332285,4900,0.1,20,0,1,1,1,0,0,1.55,0
tx_01308,8672,9.067970030684457,5411,0.1,0,1,8,0,1,0,0,7.89,0
tx_01309,41516,10.63385826089404,5968,0.7,22,1,6,0,1,0,0,10.83,0
tx_01310,6546,8.786762208441091,5691,0.35,16,1,0,1,0,1,1,679.06,0
tx_01311,6920,8.842315546841863,5311,0.4,19,0,2,-1,1,0,0,3.23,0
tx_01312,18350,9.817439347910675,5814,0.3,11,0,1,1,1,0,0,30.67,0
tx_01313,2310,7.745435610274381,5968,0.7,0,0,1,1,1,0,0,49.31,0
tx_01314,6603,8.795430805040018,6011,0.85,21,0,4,1,1,0,0,4.08,0
tx_01315,5283,8.572438665642215,5311,0.4,13,1,9,1,1,1,0,4542.81,1
tx_01316,7138,8.87332798950246,5812,0.45,0,1,3,1,1,0,0,7.28,0
tx_01317,18236,9.811207776416833,5712,0.25,3,1,1,1,1,0,0,0.18,0
tx_01318,13789,9.531698970787348,5412,0.2,4,1,0,-1,1,0,0,2.01,0
tx_01319,3999,8.294049640102028,5411,0.1,9,0,1,1,1,0,0,4.67,0
tx_01320,9275,9.135185698375423,4814,0.55,10,1,1,1,1,0,1,82.61,0
tx_01321,33560,10.42111995751504,4900,0.1,10,1,3,1,0,0,0,8.25,0
tx_01322,3697,8.21554741194707,5691,0.35,20,0,1,1,1,0,0,28.55,0
tx_01323,9350,9.143238568435446,6011,0.85,22,0,5,1,0,0,0,3.95,0
tx_01324,6780,8.821879862683842,6011,0.85,16,1,1,1,1,0,0,8.5,0
tx_01325,7672,8.945462952177666,4829,0.8,15,1,2,1,1,0,0,1.56,0
tx_01326,1730,7.456454555176209,5812,0.45,20,0,3,0,1,0,0,0.84,0
tx_01327,31113,10.345413157647068,4814,0.55,6,0,1,1,1,0,1,1.27,0
tx_01328,3903,8.269756947532983,5812,0.45,13,1,3,0,1,0,0,2.89,0
tx_01329,21589,9.979985523508853,5311,0.4,15,1,3,0,1,0,0,4.37,0
tx_01330,4514,8.415160465851086,5412,0.2,6,1,8,0,1,0,0,2.27,1
tx_01331,4496,8.411165786770708,5814,0.3,22,0,0,-1,1,0,0,0.29,0
tx_01332,25787,10.15766454643051,5411,0.1,5,0,2,1,1,0,0,10.76,0
tx_01333,20939,9.949416484424528,5968,0.7,1,0,1,1,1,0,0,1.66,0
tx_01334,9931,9.203517146628057,5691,0.35,7,1,3,1,1,0,0,4.67,0
tx_01335,16785,9.728300484642773,7995,0.3,19,1,5,1,1,0,0,1.84,0
tx_01336,6192,8.731174900938061,5712,0.25,8,1,8,0,1,0,0,14.77,0
tx_01337,8081,8.997394645638419,5311,0.4,5,0,7,1,1,0,0,0.54,0
tx_01338,4344,8.376781037699493,5814,0.3,20,1,2,1,1,0,0,12.98,0
tx_01339,19226,9.864070820172337,5411,0.1,3,0,0,1,1,0,0,2.52,0
tx_01340,4215,8.346642090221199,5691,0.35,3,1,5,0,1,0,0,2.88,0
tx_01341,33392,10.416101576161335,4814,0.55,21,0,2,1,0,0,1,4.47,0
tx_01342,6034,8.705331133531631,4814,0.55,7,1,6,1,1,0,0,3.9,0
tx_01343,8305,9.024733424190698,5712,0.25,0,1,7,0,1,0,0,22.61,0
tx_01344,16747,9.726034127139034,4829,0.8,10,1,5,0,1,0,0,9.22,0
tx_01345,8332,9.027978814382207,7995,0.3,17,0,3,1,0,0,0,20.92,0
tx_01346,6137,8.722254235179681,5968,0.7,18,1,5,1,1,0,0,7.67,0
tx_01347,7916,8.976767625171433,5812,0.45,2,1,0,1,1,0,0,3.58,0
tx_01348,19040,9.85434982797458,5814,0.3,6,1,2,1,-1,0,0,3.65,0
tx_01349,4339,8.375629627094451,5712,0.25,14,0,0,-1,1,0,0,0.62,0
tx_01350,7225,8.885440911707585,4121,0.2,15,0,9,0,-1,0,0,41.06,0
tx_01351,8225,9.015055148790369,5411,0.1,14,1,0,1,1,0,0,3.59,0
tx_01352,18519,9.82660650820017,5412,0.2,8,0,2,1,1,0,0,0.5,0
tx_01353,7408,8.910450756416656,6011,0.85,20,1,2,-1,1,0,0,1.22,0
tx_01354,45390,10.72306912649225,4900,0.1,1,1,1,1,1,0,0,0.64,0
tx_01355,7020,8.85666093701725,5412,0.2,19,0,6,1,1,0,0,1.76,0
tx_01356,6499,8.779557455883728,5311,0.4,22,0,7,0,1,0,0,8.15,0
tx_01357,6924,8.842893331055539,4814,0.55,16,1,1,1,1,0,0,0.35,0
tx_01358,2332,7.75491027202143,4814,0.55,10,1,0,1,1,0,0,20.34,0
tx_01359,3042,8.02059914989697,5411,0.1,9,0,0,1,-1,0,0,1.96,0
tx_01360,4920,8.501267040865978,4814,0.55,10,1,1,1,-1,0,0,3.22,0
tx_01361,23962,10.084266253072569,4121,0.2,3,0,1,1,1,0,0,3.82,0
tx_01362,7893,8.973858256222792,5311,0.4,5,0,2,0,1,0,0,1.12,0
tx_01363,5140,8.545002892055505,4829,0.8,15,1,1,1,1,0,0,9.86,0
tx_01364,26118,10.17041829781828,5691,0.35,13,0,2,1,1,0,0,0.77,0
tx_01365,35553,10.47880794648263,4121,0.2,11,1,2,1,-1,0,0,26.5,0
tx_01366,26844,10.19783486285667,5311,0.4,11,0,0,1,0,0,0,1.17,0
tx_01367,3622,8.195057690895077,5412,0.2,1,1,1,1,1,0,0,3.99,0
tx_01368,5088,8.534836626588833,7995,0.3,20,1,0,-1,1,0,0,1.83,0
tx_01369,45625,10.72823300845282,5712,0.25,22,1,4,0,1,0,0,15.49,0
tx_01370,10242,9.234349824436535,6011,0.85,5,1,0,1,-1,0,0,1.07,0
tx_01371,6317,8.75115798136203,5311,0.4,7,0,3,1,-1,0,0,22.49,0
tx_01372,16117,9.687691938884457,5412,0.2,15,0,1,-1,1,0,0,55.02,0
tx_01373,21207,9.962133747968862,5411,0.1,0,1,7,0,1,0,0,0.79,0
tx_01374,4733,8.46252579007393,6011,0.85,2,1,2,0,-1,0,0,0.43,0
tx_01375,10033,9.213734605044198,7995,0.3,21,0,1,1,1,0,0,3.01,0
tx_01376,19642,9.885476319734277,7995,0.3,4,1,5,1,1,0,0,4.99,0
tx_01377,2705,7.903226808730733,5814,0.3,13,1,2,1,1,0,0,3.2,0
tx_01378,8241,9.016998311898762,5691,0.35,21,1,1,1,1,0,0,3.0,0
tx_01379,2826,7.946971357693591,5691,0.35,17,1,2,1,0,0,0,9.6,0
tx_01380,3200,8.071218539969863,7995,0.3,6,1,9,0,-1,0,0,6.45,0
tx_01381,4771,8.470520783217808,4900,0.1,3,0,1,1,-1,0,0,0.62,0
tx_01382,12816,9.458527693729824,5311,0.4,17,1,1,1,1,0,0,1.76,0
tx_01383,5998,8.699348067653093,6011,0.85,9,1,4,0,-1,0,0,20.84,0
tx_01384,4399,8.389359819906353,5411,0.1,23,1,2,-1,1,0,0,5.14,0
tx_01385,8554,9.054271186326293,4900,0.1,15,1,1,1,1,0,0,4.05,0
tx_01386,2740,7.916078096302786,5691,0.35,0,0,1,1,1,0,0,0.93,0
tx_01387,12241,9.412627941411015,5311,0.4,6,1,4,0,1,0,0,10.48,0
tx_01388,23861,10.080042514435746,6011,0.85,17,1,5,-1,-1,0,0,4.26,0
tx_01389,7555,8.9300972286214,6011,0.85,16,1,4,1,0,0,0,4.26,0
tx_01390,6719,8.812843433517195,5311,0.4,17,1,1,1,-1,0,0,14.08,0
tx_01391,11614,9.36005264520451,5691,0.35,5,1,1,1,1,0,1,1.23,0
tx_01392,1186,7.079184394609668,7995,0.3,5,0,5,0,1,0,0,17.81,0
tx_01393,13564,9.515248225093032,5814,0.3,5,1,2,1,1,0,0,6.26,0
tx_01394,155121,11.951967183077356,4900,0.1,16,1,2,1,1,0,0,17.48,0
tx_01395,7249,8.88875674784872,5712,0.25,0,1,8,0,1,0,0,3.1,0
tx_01396,7274,8.892199092039693,5712,0.25,19,0,3,1,1,0,0,20.33,0
tx_01397,16508,9.711660965727868,5812,0.45,6,1,2,1,1,0,0,0.15,0
tx_01398,38880,10.568260978408226,4121,0.2,11,0,4,0,1,0,0,0.84,0
tx_01399,20566,9.931443128549459,5311,0.4,5,0,4,1,0,0,1,1.44,0
tx_01400,1051,6.9584483932976555,5968,0.7,10,0,2,1,1,0,0,1.76,0
tx_01401,13910,9.54043517305957,4900,0.1,18,0,1,1,1,0,0,16.32,0
tx_01402,93761,11.448514935641356,5311,0.4,4,1,2,1,-1,0,0,0.42,0
tx_01403,14713,9.59655470049221,5311,0.4,13,1,2,-1,1,0,0,12.74,0
tx_01404,2720,7.908754738783246,4829,0.8,1,0,1,1,1,0,0,4.27,0
tx_01405,10646,9.273033441314606,4829,0.8,4,1,4,0,1,0,0,1.13,1
tx_01406,2413,7.789040401657477,5311,0.4,16,1,0,1,1,0,0,35.78,0
tx_01407,26274,10.176373195745152,6011,0.85,13,1,1,0,1,0,0,0.86,0
tx_01408,3285,8.097426298597213,4121,0.2,14,0,0,-1,1,0,0,12.84,0
tx_01409,8740,9.075779878580487,4900,0.1,5,0,2,-1,1,0,0,21.18,0
tx_01410,3606,8.19063168090354,4121,0.2,4,1,8,0,1,0,0,0.46,0
tx_01411,4847,8.48632152774915,5691,0.35,10,0,2,1,1,0,0,1.25,0
tx_01412,33423,10.417029483796346,4900,0.1,3,1,3,1,0,0,0,22.07,0
tx_01413,8986,9.103534367658373,5968,0.7,21,1,1,1,1,0,0,5.38,0
tx_01414,4788,8.47407690034261,5712,0.25,6,0,1,1,0,0,0,9.74,0
tx_01415,2744,7.917536353943631,5814,0.3,17,0,0,1,1,0,0,4.79,0
tx_01416,1376,7.227662498728654,5712,0.25,3,1,8,1,1,0,0,11.18,0
tx_01417,2481,7.8168199657645525,5412,0.2,15,0,2,1,1,0,0,1.03,0
tx_01418,9059,9.111624399037025,6011,0.85,4,0,6,0,1,0,0,10.75,0
tx_01419,20669,9.936438652675815,5412,0.2,6,0,2,1,1,0,0,3.61,0
tx_01420,4783,8.473032295630468,7995,0.3,9,1,0,1,1,0,0,3.43,0
tx_01421,36213,10.497201063380588,7995,0.3,2,1,2,1,1,0,0,0.86,0
tx_01422,4120,8.323851131338817,5712,0.25,2,0,3,1,1,0,0,0.68,0
tx_01423,6497,8.779249716229046,5812,0.45,18,1,6,0,1,0,1,3.72,0
tx_01424,2921,7.980023592310645,4900,0.1,8,0,1,1,0,0,0,19.27,0
tx_01425,20877,9.946451251968243,5968,0.7,13,0,6,0,1,0,0,5.62,0
tx_01426,59743,10.99782404634145,5812,0.45,15,0,1,1,1,0,0,1.37,0
tx_01427,1528,7.332369205929062,6011,0.85,14,1,4,1,1,0,0,3.58,0
tx_01428,5862,8.676416696964216,4900,0.1,15,1,5,0,1,0,0,3.17,0
tx_01429,27084,10.206735348092,5968,0.7,23,0,2,1,1,0,0,1.64,0
tx_01430,2060,7.630946580890459,5412,0.2,15,0,7,0,1,0,0,7.3,0
tx_01431,13954,9.543593145970423,4829,0.8,8,1,0,-1,0,0,0,1.38,0
tx_01432,25993,10.165621021141535,4829,0.8,6,0,2,1,1,0,0,1.95,0
tx_01433,8773,9.07954808172616,5691,0.35,19,1,4,0,1,0,0,1.19,0
tx_01434,13738,9.527993782923948,5311,0.4,10,0,2,1,1,0,0,1.78,0
tx_01435,43392,10.678053416757233,4814,0.55,13,1,0,1,0,0,1,27.97,0
tx_01436,51853,10.856187356294447,5411,0.1,19,1,3,1,-1,0,0,1.9,0
tx_01437,7679,8.946374826141717,5812,0.45,5,0,1,1,1,0,0,2.5,0
tx_01438,4912,8.499640032168648,5311,0.4,5,1,4,-1,1,0,0,11.61,0
tx_01439,3399,8.131530710604252,7995,0.3,1,0,1,1,0,0,0,15.5,0
tx_01440,20605,9.933337574505014,5814,0.3,1,0,3,1,1,0,0,2.43,0
tx_01441,2213,7.7025561132685825,5691,0.35,14,0,2,1,1,0,0,20.12,0
tx_01442,6408,8.765458531504226,7995,0.3,12,0,1,1,-1,0,0,1.37,0
tx_01443,8980,9.10286651367095,5412,0.2,7,1,2,1,1,0,0,10.1,0
tx_01444,5051,8.527539483470381,4814,0.55,5,0,5,0,-1,0,0,4.09,0
tx_01445,10625,9.271059107010888,4121,0.2,16,0,2,1,1,0,0,7.52,0
tx_01446,93103,11.441472426896452,7995,0.3,2,1,1,-1,1,0,0,9.24,0
tx_01447,7256,8.889721799278137,7995,0.3,16,0,0,1,1,1,0,4720.13,0
tx_01448,5386,8.591743922680534,5814,0.3,21,1,1,1,1,0,0,8.41,0
tx_01449,21370,9.969790141790192,4814,0.55,10,0,3,1,-1,0,0,11.49,0
tx_01450,10227,9.232884336411077,5311,0.4,11,1,5,0,1,1,0,944.64,1
tx_01451,31970,10.372584520889065,4121,0.2,12,1,0,1,-1,0,0,1.57,0
tx_01452,9525,9.161780181360806,4121,0.2,2,1,3,1,1,0,0,13.46,0
tx_01453,6433,8.769351707798972,4900,0.1,15,1,4,0,-1,0,0,0.45,0
tx_01454,1496,7.311218384419629,5712,0.25,8,1,0,1,1,0,1,1.16,0
tx_01455,1748,7.466799475018602,4121,0.2,11,0,7,1,1,0,0,28.73,0
tx_01456,1424,7.261927092702751,7995,0.3,0,0,0,-1,1,0,0,2.89,0
tx_01457,11679,9.365633256382218,5412,0.2,21,1,3,1,1,0,0,5.74,0
tx_01458,2233,7.711548979629146,4900,0.1,8,0,1,1,1,0,0,7.39,0
tx_01459,26849,10.19802109993701,5691,0.35,1,0,0,-1,-1,0,0,7.8,0
tx_01460,8383,9.034080406560824,5968,0.7,18,0,5,0,-1,0,0,2.46,0
tx_01461,6459,8.773384596776648,5311,0.4,23,1,0,1,1,0,0,2.97,0
tx_01462,3654,8.203851372183879,4121,0.2,12,1,7,0,1,0,0,59.98,0
tx_01463,14710,9.596350792250211,4121,0.2,0,1,0,1,1,0,0,0.93,0
tx_01464,3793,8.24117615049496,5968,0.7,23,0,5,0,0,0,0,1.98,1
tx_01465,3194,8.069342366811636,4814,0.55,4,1,0,1,1,0,0,1.13,0
tx_01466,25187,10.134122969608633,5712,0.25,5,1,1,1,1,0,0,3.58,0
tx_01467,11408,9.34215779659637,5411,0.1,16,1,9,0,1,0,0,1.5,0
tx_01468,6516,8.78216942633238,5814,0.3,7,0,0,1,-1,0,0,20.81,0
tx_01469,14981,9.614604759507829,4121,0.2,2,1,7,0,1,0,0,30.49,0
tx_01470,8214,9.01371703047137,6011,0.85,16,0,8,0,1,0,0,4.34,0
tx_01471,11720,9.36913738372318,5812,0.45,6,0,0,-1,1,0,0,1.33,0
tx_01472,3749,8.229511118964457,5412,0.2,20,0,0,1,-1,0,0,40.41,0
tx_01473,58224,10.972070094752542,4829,0.8,3,1,5,1,1,0,0,1.82,0
tx_01474,4696,8.454679286026995,7995,0.3,21,0,0,1,0,0,0,5.89,0
tx_01475,35717,10.483410042381445,5311,0.4,17,1,0,1,0,0,0,7.03,0
tx_01476,6807,8.82585367025321,5412,0.2,5,1,1,1,1,0,0,1.39,0
tx_01477,17534,9.771954162574279,5411,0.1,13,0,1,1,1,0,0,2.72,0
tx_01478,16361,9.702716852073644,4900,0.1,22,0,3,1,0,1,0,1340.68,1
tx_01479,24214,10.094727554837329,5411,0.1,1,1,1,-1,1,0,1,6.27,0
tx_01480,3665,8.20685642839965,4829,0.8,19,1,1,1,1,0,1,8.14,0
tx_01481,22630,10.027075926780746,4121,0.2,11,0,3,1,1,0,0,11.99,0
tx_01482,47065,10.759306150966905,5311,0.4,22,0,0,1,0,0,0,7.54,0
tx_01483,6370,8.759511722116487,4814,0.55,5,0,2,1,1,0,0,15.14,0
tx_01484,8418,9.038246335337664,5411,0.1,17,1,6,0,1,0,0,8.66,0
tx_01485,4954,8.508152446764088,6011,0.85,23,1,2,1,1,0,1,3.85,0
tx_01486,5861,8.676246121270838,4829,0.8,8,0,2,1,1,0,0,200.57,0
tx_01487,41399,10.631036159813405,4121,0.2,2,0,1,1,1,0,0,2.24,0
tx_01488,3137,8.051340933292979,4814,0.55,9,0,4,0,1,0,0,2.86,0
tx_01489,3328,8.110427237575024,5691,0.35,14,1,2,-1,0,0,0,24.07,0
tx_01490,37629,10.535556883587484,4900,0.1,15,1,4,1,-1,0,0,11.78,0
tx_01491,14743,9.59859149934966,5412,0.2,11,0,1,1,1,0,0,2.8,0
tx_01492,61054,11.019530376267122,4121,0.2,22,0,7,0,1,0,0,2.56,0
tx_01493,5310,8.577535420422398,5311,0.4,13,1,1,1,1,0,0,4.6,0
tx_01494,9183,9.125218118559348,5411,0.1,15,1,2,1,1,0,0,6.73,0
tx_01495,4348,8.37770121259764,5412,0.2,22,1,2,1,1,0,0,4.64,0
tx_01496,9333,9.141418926509761,5691,0.35,22,0,2,1,1,0,0,2.49,0
tx_01497,1510,7.32052696227274,5814,0.3,8,1,3,1,1,0,0,10.47,0
tx_01498,15613,9.655923226680237,5412,0.2,6,1,7,0,1,0,0,5.02,0
tx_01499,11075,9.312535884290853,5968,0.7,17,1,0,1,1,0,0,13.43,0
tx_01500,7712,8.950662495933999,5691,0.35,12,0,2,1,1,0,0,5.59,0
tx_01501,5621,8.634442751466477,4900,0.1,10,0,11,0,1,0,0,0.76,0
tx_01502,3481,8.155362120328135,4900,0.1,16,0,2,0,1,0,1,8.46,0
tx_01503,16261,9.696586376767783,5311,0.4,15,0,2,1,1,0,0,15.23,0
tx_01504,2677,7.8928255262511176,5712,0.25,21,1,0,1,1,0,0,7.61,0
tx_01505,13246,9.491526390684262,4900,0.1,8,1,1,1,1,0,0,0.71,0
tx_01506,58448,10.975909858113997,6011,0.85,18,1,8,0,1,0,1,6.73,0
tx_01507,33403,10.41643093227312,5412,0.2,5,1,3,1,1,0,0,2.72,0
tx_01508,1949,7.575584651557793,6011,0.85,22,0,3,-1,1,0,0,5.14,0
tx_01509,4892,8.495560891289124,5812,0.45,2,1,3,0,1,0,0,8.69,0
tx_01510,12156,9.405660414555793,5311,0.4,18,1,1,1,1,0,0,3.58,0
tx_01511,7619,8.938531648680692,4900,0.1,2,1,2,1,1,0,0,10.27,0
tx_01512,2155,7.6760099320288875,5814,0.3,21,0,1,-1,1,0,0,8.57,0
tx_01513,11745,9.371268036082466,5311,0.4,23,0,6,0,1,0,0,7.37,0
tx_01514,8068,8.995784837848506,4900,0.1,19,0,1,1,1,0,0,3.13,0
tx_01515,50200,10.823790225800138,7995,0.3,18,0,2,1,1,0,0,15.96,0
tx_01516,6404,8.764834214330834,5412,0.2,11,1,2,1,1,0,0,28.25,0
tx_01517,24705,10.11480140809676,4121,0.2,5,1,3,1,1,0,0,4.77,0
tx_01518,2444,7.801800401908973,5412,0.2,23,0,4,1,0,0,0,2.73,0
tx_01519,3067,8.028781162487148,5412,0.2,12,1,3,1,1,0,0,3.01,0
tx_01520,16167,9.690789259083457,6011,0.85,19,1,1,-1,1,0,0,12.68,0
tx_01521,22805,10.034778938217304,5812,0.45,17,1,2,1,1,0,1,5.53,0
tx_01522,3280,8.0959035329611,4829,0.8,16,1,2,1,1,0,0,3.69,0
tx_01523,8334,9.028218795184895,4829,0.8,8,1,1,1,1,0,0,2.03,0
tx_01524,2192,7.693025748417888,5712,0.25,10,0,0,1,1,0,0,7.87,0
tx_01525,6857,8.833171133022866,4121,0.2,10,1,1,1,1,0,0,10.28,0
tx_01526,18038,9.800291359707678,5311,0.4,14,0,0,1,1,0,0,4.51,0
tx_01527,5388,8.592115117933497,4814,0.55,17,1,1,1,-1,0,0,6.84,0
tx_01528,6429,8.768729817231666,4121,0.2,4,1,3,1,-1,1,1,1199.94,1
tx_01529,2785,7.932362154339751,6011,0.85,5,0,3,1,1,0,0,14.87,0
tx_01530,4399,8.389359819906353,4814,0.55,1,1,3,1,1,0,0,1.72,0
tx_01531,43277,10.675399701731727,4121,0.2,12,1,2,1,1,0,1,2.09,0
tx_01532,8729,9.074520648833648,7995,0.3,16,0,3,1,0,0,0,3.04,0
tx_01533,3143,8.053251153549096,4829,0.8,5,0,1,1,1,0,1,5.09,0
tx_01534,6040,8.706324840138741,5968,0.7,17,0,3,0,1,0,0,2.82,0
tx_01535,1786,7.488293515159428,4121,0.2,0,0,1,1,0,0,0,3.51,0
tx_01536,3108,8.042056410058754,4829,0.8,20,0,2,1,1,0,0,11.65,0
tx_01537,29658,10.297520899681873,4814,0.55,16,1,3,1,0,0,0,0.87,0
tx_01538,7114,8.869960510523953,5812,0.45,16,1,0,1,0,0,1,1.9,1
tx_01539,49088,10.801390256097005,5712,0.25,16,0,4,1,0,0,0,2.16,0
tx_01540,7440,8.914760527397261,5412,0.2,8,0,1,1,1,0,0,21.99,0
tx_01541,7871,8.971067438732089,4900,0.1,23,0,3,1,1,0,0,5.39,0
tx_01542,14973,9.614070642790631,4814,0.55,17,0,8,0,1,0,0,6.43,0
tx_01543,643,6.467698726104354,5691,0.35,4,1,0,1,0,0,0,1.8,0
tx_01544,9896,9.199986959896691,4900,0.1,22,0,2,1,1,0,0,2.72,0
tx_01545,7775,8.958797346140274,5712,0.25,17,1,0,1,0,0,0,0.22,0
tx_01546,33420,10.416939723904,5812,0.45,7,1,1,-1,-1,0,0,5.22,1
tx_01547,20366,9.921671222969756,5968,0.7,22,0,6,1,1,0,0,2.18,0
tx_01548,2774,7.928406026180535,5412,0.2,5,0,4,1,-1,0,0,0.7,0
tx_01549,26508,10.185239576957109,4121,0.2,15,1,2,1,1,0,0,6.98,0
tx_01550,6348,8.75605259917045,4900,0.1,16,1,3,-1,-1,0,0,1.58,0
tx_01551,3449,8.146129510025405,5968,0.7,23,1,1,-1,-1,0,0,5.44,0
tx_01552,9822,9.19248185367487,5691,0.35,13,0,3,1,1,0,0,6.81,0
tx_01553,6718,8.81269461292015,5712,0.25,23,0,1,1,1,0,0,135.07,0
tx_01554,35127,10.466753812241553,5412,0.2,6,1,6,0,1,0,1,3.02,0
tx_01555,11257,9.328834266023971,4829,0.8,19,1,2,1,0,0,0,6.08,0
tx_01556,9903,9.200693994924377,6011,0.85,5,0,0,1,1,0,0,4.56,0
tx_01557,19164,9.860840977814656,5814,0.3,23,1,3,1,1,0,0,1.93,0
tx_01558,23003,10.043423392833645,7995,0.3,18,0,2,1,1,0,1,6.16,0
tx_01559,17147,9.749636827717868,5968,0.7,15,1,2,1,1,0,0,12.17,0
tx_01560,31372,10.353702929382365,5311,0.4,1,1,1,1,-1,0,0,9.28,0
tx_01561,14522,9.583488878607804,4900,0.1,11,1,5,0,1,0,0,11.08,0
tx_01562,9551,9.164505835632383,4900,0.1,3,1,0,1,1,0,0,1.86,0
tx_01563,26433,10.182406339317753,6011,0.85,22,1,0,1,0,0,0,5.28,0
tx_01564,7471,8.918917979908679,5691,0.35,9,1,1,1,1,0,0,0.72,0
tx_01565,8406,9.036819971135296,5412,0.2,19,1,7,0,1,0,0,0.61,0
tx_01566,41801,10.640699464258175,7995,0.3,21,0,3,1,1,0,1,37.12,0
tx_01567,38025,10.546025415269531,5712,0.25,2,0,1,1,-1,0,0,5.53,0
tx_01568,8082,8.997518369733845,6011,0.85,18,0,0,1,0,0,0,10.29,0
tx_01569,5294,8.574518258035507,7995,0.3,7,1,3,1,1,0,0,10.34,0
tx_01570,32702,10.395222095796468,4814,0.55,2,1,1,1,1,0,0,4.66,0
tx_01571,17423,9.765603845172741,5411,0.1,6,1,1,1,1,0,1,23.94,0
tx_01572,10993,9.305104948420606,5814,0.3,13,1,3,1,1,0,0,4.09,0
tx_01573,5999,8.699514748210191,5968,0.7,20,0,2,1,1,0,0,0.36,0
tx_01574,11162,9.320360017014732,4829,0.8,16,1,8,0,1,0,0,5.97,0
tx_01575,7979,8.984693690443855,5311,0.4,5,1,2,1,1,0,0,14.88,0
tx_01576,4333,8.374246182096304,5691,0.35,7,0,6,1,0,1,0,2084.89,1
tx_01577,9207,9.127827950401718,5968,0.7,7,1,4,0,1,0,0,3.45,0
tx_01578,10481,9.257414779362112,4814,0.55,17,0,1,-1,1,0,0,18.32,0
tx_01579,5702,8.648747631156539,5712,0.25,12,0,2,1,-1,0,0,14.03,0
tx_01580,19222,9.86386275775286,5311,0.4,0,1,3,1,1,0,0,4.13,0
tx_01581,27710,10.22958472526072,4900,0.1,1,0,1,1,1,0,0,1.92,0
tx_01582,20467,9.926617969924983,5691,0.35,1,1,1,1,1,0,1,4.79,0
tx_01583,6265,8.742893471512136,5411,0.1,23,1,0,1,-1,0,0,6.46,0
tx_01584,16701,9.723283751713176,5712,0.25,12,1,0,1,1,0,0,11.74,0
tx_01585,8771,9.079320109537779,5311,0.4,11,0,1,1,-1,0,0,4.06,0
tx_01586,2518,7.831617276352611,5968,0.7,18,1,3,1,1,0,0,31.12,0
tx_01587,15433,9.644328147017548,4814,0.55,4,1,1,1,1,0,0,6.37,0
tx_01588,9358,9.144093726157257,6011,0.85,0,0,4,0,1,0,1,3.16,1
tx_01589,95706,11.469046720011622,4121,0.2,6,0,3,1,0,0,0,2.48,0
tx_01590,32519,10.389610563661748,5814,0.3,5,0,3,1,1,0,0,1.72,0
tx_01591,16007,9.68084387626357,5311,0.4,19,1,1,1,1,0,1,16.42,0
tx_01592,10320,9.241935933565934,5411,0.1,19,0,0,1,1,0,0,3.78,0
tx_01593,9516,9.160834952072344,4121,0.2,15,1,14,0,1,0,0,0.16,0
tx_01594,3139,8.0519780789023,5812,0.45,21,1,10,0,1,0,1,3.02,0
tx_01595,1561,7.3537223303996315,4829,0.8,11,0,0,1,1,0,0,21.05,0
tx_01596,3555,8.176391596633795,5812,0.45,5,0,1,1,1,0,0,2.77,0
tx_01597,7784,8.959954084268098,5814,0.3,7,1,0,1,1,0,0,0.95,0
tx_01598,1102,7.005789019253503,5968,0.7,3,1,4,-1,1,0,0,2.71,0
tx_01599,4856,8.488176242345745,5812,0.45,21,0,1,1,-1,0,0,9.74,0
tx_01600,6438,8.770128527538184,5311,0.4,14,1,3,1,1,0,1,3.58,0
tx_01601,6638,8.80071662871916,5814,0.3,18,0,2,1,1,0,0,1.56,0
tx_01602,4344,8.376781037699493,5968,0.7,6,0,2,1,1,0,0,9.63,0
tx_01603,5888,8.68084148294457,5311,0.4,17,1,2,1,1,0,0,19.05,0
tx_01604,41893,10.642897897565712,4814,0.55,7,1,1,-1,1,1,0,2797.59,1
tx_01605,15279,9.634300062720511,6011,0.85,10,0,0,1,1,1,1,3110.1,1
tx_01606,4783,8.473032295630468,4829,0.8,15,0,1,1,1,0,0,3.86,0
tx_01607,7633,8.940367233305174,5712,0.25,23,1,0,1,1,0,0,8.04,0
tx_01608,7929,8.978408314628894,4900,0.1,13,0,3,1,1,0,0,21.58,0
tx_01609,3927,8.275885669474356,4814,0.55,17,1,1,-1,1,0,0,16.63,0
tx_01610,3923,8.274866820685254,5814,0.3,14,0,2,1,1,0,0,4.38,0
tx_01611,21272,9.965193941972107,4829,0.8,10,0,1,-1,1,0,0,1.53,0
tx_01612,5466,8.606485298894999,5812,0.45,22,1,4,0,1,0,0,6.43,0
tx_01613,2879,7.965545573129992,5812,0.45,23,0,1,1,1,0,0,4.73,0
tx_01614,7818,8.964311948124514,4121,0.2,7,0,1,1,1,0,1,8.29,0
tx_01615,9111,9.117347505127018,4829,0.8,21,1,2,1,-1,0,0,1.29,0
tx_01616,1250,7.1316985104669115,5968,0.7,10,1,0,1,1,0,0,2.18,0
tx_01617,7836,8.966611387052865,5691,0.35,17,0,1,1,1,0,0,13.81,0
tx_01618,18578,9.82978718960617,4814,0.55,12,1,2,1,1,0,0,6.02,0
tx_01619,12504,9.433883843311719,7995,0.3,18,1,1,1,1,0,0,1.17,0
tx_01620,67743,11.123491173934593,4900,0.1,20,0,1,1,0,0,0,23.14,0
tx_01621,26735,10.193766250835175,4121,0.2,10,0,3,1,1,0,0,3.38,0
tx_01622,32262,10.381676341775822,6011,0.85,16,1,1,1,1,0,0,7.6,0
tx_01623,116454,11.665260211273507,4121,0.2,12,1,1,1,1,0,0,2.69,0
tx_01624,16738,9.72549660510262,5691,0.35,19,1,7,1,1,0,0,6.68,0
tx_01625,9510,9.160204302482386,7995,0.3,4,0,3,1,1,0,1,23.19,1
tx_01626,20542,9.930275529292512,5712,0.25,17,1,1,0,1,0,0,23.34,0
tx_01627,4788,8.47407690034261,5712,0.25,14,0,6,0,1,0,0,30.82,0
tx_01628,9022,9.107532151994501,5411,0.1,10,1,3,1,1,0,0,2.72,0
tx_01629,4402,8.390041405755754,4814,0.55,8,1,3,1,1,0,0,10.47,0
tx_01630,11888,9.383368881858544,5712,0.25,16,1,1,1,1,0,0,0.65,0
tx_01631,4385,8.386172928977834,6011,0.85,8,0,2,1,1,0,0,7.13,0
tx_01632,4241,8.352790135124629,4814,0.55,0,1,1,1,-1,0,0,44.44,0
tx_01633,12064,9.398063978059133,6011,0.85,22,1,4,0,1,0,0,1.13,0
tx_01634,7146,8.874447967219979,5411,0.1,10,1,11,0,1,0,0,1.78,0
tx_01635,1305,7.174724309836376,5691,0.35,3,0,2,1,0,0,0,4.07,0
tx_01636,2043,7.622663951323595,4829,0.8,5,1,3,0,-1,0,1,3.61,0
tx_01637,2739,7.9157131993821155,5712,0.25,19,0,1,1,0,0,0,13.02,0
tx_01638,3520,8.166500319155052,4829,0.8,7,1,6,0,1,0,1,12.02,0
tx_01639,12075,9.39897529082673,4900,0.1,6,0,1,1,1,0,0,0.42,0
tx_01640,10028,9.213236175088209,5814,0.3,11,1,0,1,1,0,0,1.39,0
tx_01641,22408,10.01721794286315,4121,0.2,0,1,2,1,1,0,0,4.04,0
tx_01642,16653,9.720405706795765,5412,0.2,13,0,3,1,1,1,0,3939.45,0
tx_01643,22550,10.023534689845578,5712,0.25,0,1,1,1,1,0,1,7.53,0
tx_01644,14518,9.583213415483687,4814,0.55,20,0,1,1,1,0,1,7.97,0
tx_01645,9940,9.204422898212146,5311,0.4,10,0,3,-1,1,0,0,0.33,0
tx_01646,23145,10.049577258408023,5311,0.4,5,0,2,1,1,0,0,3.36,0
tx_01647,19509,9.878682433617158,5812,0.45,10,1,3,0,1,0,0,1.76,0
tx_01648,11643,9.362546304865514,7995,0.3,4,0,1,1,1,0,0,5.64,0
tx_01649,27247,10.212735402902469,5968,0.7,7,1,5,0,0,0,0,10.95,1
tx_01650,877,6.777646593635117,4829,0.8,3,0,5,0,-1,0,0,3.82,0
tx_01651,6181,8.729397122692061,4121,0.2,16,0,1,1,1,0,0,1.06,0
tx_01652,6092,8.714895850248494,4121,0.2,23,1,0,1,1,0,0,24.03,0
tx_01653,24348,10.100246059905626,5712,0.25,11,0,1,1,0,0,0,1.92,0
tx_01654,36243,10.498029129341951,4829,0.8,2,1,5,1,1,1,0,715.63,1
tx_01655,2054,7.628031126930335,4900,0.1,1,0,0,1,1,1,0,4470.5,1
tx_01656,31125,10.345798761764955,5968,0.7,19,1,4,0,1,0,0,9.37,0
tx_01657,2677,7.8928255262511176,6011,0.85,8,0,7,0,1,0,0,5.05,0
tx_01658,2755,7.9215356321335495,5968,0.7,7,0,1,1,1,0,0,8.93,0
tx_01659,6520,8.782783017393202,4900,0.1,2,1,0,-1,1,0,0,1.88,0
tx_01660,6020,8.703008637464448,5712,0.25,15,1,2,0,1,0,0,10.8,0
tx_01661,1853,7.5251007461258,5712,0.25,1,1,1,1,1,0,0,27.08,0
tx_01662,15102,9.62264867856634,4829,0.8,21,1,1,-1,1,0,0,0.32,0
tx_01663,15531,9.650657690851558,5691,0.35,4,0,8,0,1,0,0,8.44,0
tx_01664,22170,10.00654040759221,5691,0.35,1,1,1,1,1,0,0,0.86,0
tx_01665,5396,8.593598522618644,5411,0.1,16,1,0,-1,0,0,0,8.51,0
tx_01666,7844,8.967631665167133,5814,0.3,8,0,2,1,1,0,0,17.91,0
tx_01667,7913,8.97638862194537,5812,0.45,16,0,1,1,1,0,0,1.43,0
tx_01668,40488,10.608785611265057,5691,0.35,0,0,1,1,1,1,0,2830.87,0
tx_01669,551,6.313548046277095,5814,0.3,20,1,4,1,1,0,0,5.83,0
tx_01670,3282,8.096512917501594,5814,0.3,7,0,2,-1,1,0,0,4.86,0
tx_01671,8188,9.010547069270189,5691,0.35,18,1,0,1,1,0,0,0.96,0
tx_01672,2904,7.974188669286011,4900,0.1,22,0,2,1,0,0,0,2.5,0
tx_01673,6373,8.759982494977281,5814,0.3,12,0,0,1,1,0,0,1.96,0
tx_01674,7226,8.885579291282982,5814,0.3,8,1,8,0,0,0,0,3.77,0
tx_01675,4361,8.380685946761574,7995,0.3,7,1,1,1,1,0,1,40.66,0
tx_01676,8660,9.066585468331045,4829,0.8,16,1,3,1,1,0,1,5.98,0
tx_01677,14793,9.601976972147813,5411,0.1,0,0,0,1,1,0,0,1.36,0
tx_01678,6508,8.780941113572387,6011,0.85,3,1,1,1,1,0,0,6.86,0
tx_01679,5296,8.574895901544526,5691,0.35,15,1,1,-1,1,0,0,3.64,0
tx_01680,6958,8.84779106484485,7995,0.3,0,1,3,-1,0,0,0,27.82,0
tx_01681,8088,8.998260393017953,4121,0.2,6,0,3,1,0,0,0,2.9,0
tx_01682,1559,7.352441100243583,4121,0.2,15,1,10,0,1,0,0,3.44,0
tx_01683,12628,9.44375103564617,5968,0.7,6,1,5,0,0,0,1,18.81,0
tx_01684,5307,8.576970395452099,5411,0.1,22,1,0,1,0,1,0,2030.79,0
tx_01685,27001,10.203666216317192,5691,0.35,23,1,4,1,-1,1,0,1514.19,0
tx_01686,14281,9.566755282109055,5411,0.1,0,0,1,1,1,0,0,6.86,0
tx_01687,24754,10.116782767795524,5411,0.1,4,1,2,1,1,0,0,6.07,0
tx_01688,3117,8.044947049617722,7995,0.3,21,1,3,1,-1,0,0,1.01,0
tx_01689,5724,8.65259782842244,4814,0.55,0,1,2,1,1,0,0,0.45,0
tx_01690,2502,7.8252452914317745,5814,0.3,11,0,7,0,1,0,0,7.28,0
tx_01691,4168,8.335431477880796,6011,0.85,22,1,1,1,1,0,0,7.23,0
tx_01692,26760,10.194700882751727,5812,0.45,14,0,0,1,1,0,0,9.48,0
tx_01693,33466,10.418315157681416,5411,0.1,7,0,1,1,1,0,0,16.6,0
tx_01694,2737,7.914983005848394,4829,0.8,0,0,4,1,1,0,1,5.58,0
tx_01695,5270,8.569975376855206,5812,0.45,9,1,8,0,1,0,0,4.11,0
tx_01696,7576,8.932872621931374,5412,0.2,13,0,8,0,1,0,0,11.72,0
tx_01697,14207,9.56156046523195,4829,0.8,1,0,1,1,1,0,0,5.6,0
tx_01698,1531,7.3343293503005365,5411,0.1,12,0,2,1,1,0,0,0.82,0
tx_01699,1776,7.482681828154651,7995,0.3,9,1,0,1,1,0,0,6.55,0
tx_01700,12969,9.47039427731049,4900,0.1,7,1,0,1,1,0,0,10.82,0
tx_01701,1279,7.154615356913663,4829,0.8,23,1,2,-1,1,0,0,1.66,0
tx_01702,5328,8.580918882296782,5812,0.45,21,1,4,1,0,0,0,38.64,0
tx_01703,9501,9.159257581746866,4829,0.8,16,0,8,0,1,0,0,3.39,1
tx_01704,12089,9.400133943608838,6011,0.85,14,1,2,1,1,0,0,17.97,0
tx_01705,7119,8.87066300440602,6011,0.85,11,0,1,1,1,0,1,1.52,0
tx_01706,5754,8.657824321155983,7995,0.3,1,0,5,1,1,0,0,13.35,0
tx_01707,18170,9.807582195649056,6011,0.85,7,0,6,0,1,0,0,25.78,0
tx_01708,10680,9.276221741089696,4900,0.1,0,1,0,1,1,0,0,1.9,0
tx_01709,4405,8.39072252736229,4829,0.8,8,0,13,0,1,0,1,7.02,0
tx_01710,8442,9.0410929746695,5311,0.4,11,1,9,0,1,0,0,3.73,0
tx_01711,11722,9.369308003071827,5412,0.2,14,1,0,1,1,0,0,1.45,0
tx_01712,41668,10.637512726048387,6011,0.85,8,1,2,1,1,0,0,5.67,0
tx_01713,17192,9.752257603219848,5814,0.3,6,0,2,1,1,0,0,3.36,0
tx_01714,25822,10.15902084665199,5812,0.45,17,1,2,1,0,0,0,3.61,0
tx_01715,4560,8.4252971767117,6011,0.85,3,1,0,1,1,0,0,1.22,0
tx_01716,4950,8.507344855361422,5812,0.45,3,0,1,1,1,0,0,13.84,0
tx_01717,6513,8.781708985836179,5411,0.1,16,0,2,1,1,0,0,2.99,0
tx_01718,7107,8.868976189274543,5411,0.1,14,0,2,1,1,1,0,1613.47,0
tx_01719,3126,8.047829357457841,5691,0.35,20,0,1,1,1,0,0,1.41,0
tx_01720,27114,10.20784235927516,4814,0.55,17,1,2,1,1,0,0,18.08,0
tx_01721,18852,9.844427331406584,5814,0.3,21,0,5,0,1,0,0,1.03,0
tx_01722,6092,8.714895850248494,5812,0.45,15,1,4,0,1,0,0,0.72,0
tx_01723,14985,9.614871710924255,5814,0.3,20,0,0,-1,1,0,0,5.86,0
tx_01724,10066,9.217018026729423,5691,0.35,4,1,1,1,0,0,0,2.73,0
tx_01725,16139,9.68905594182394,5814,0.3,12,1,0,1,1,0,0,10.51,0
tx_01726,2271,7.7284157798410416,7995,0.3,22,0,0,1,1,0,0,31.85,0
tx_01727,7092,8.866863661202087,5691,0.35,18,0,4,0,1,0,0,23.12,0
tx_01728,7708,8.950143756459262,5412,0.2,9,0,3,1,1,0,0,15.62,0
tx_01729,14730,9.597709395814938,4814,0.55,22,1,4,1,1,0,0,1.66,0
tx_01730,4483,8.40827078419205,5814,0.3,7,1,1,1,1,0,0,17.37,0
tx_01731,758,6.63200177739563,6011,0.85,0,1,2,1,1,1,0,2857.87,0
tx_01732,2915,7.977968093128549,5812,0.45,19,0,6,1,1,0,0,1.26,0
tx_01733,7686,8.947285869349132,6011,0.85,9,0,2,1,1,0,0,9.5,0
tx_01734,8655,9.066008001086264,6011,0.85,0,1,2,1,1,0,0,2.95,0
tx_01735,40325,10.60475170119802,5968,0.7,4,0,5,0,1,0,0,4.1,0
tx_01736,14169,9.558882332684727,5691,0.35,1,0,1,1,0,0,0,11.13,0
tx_01737,8801,9.082734247371036,4814,0.55,23,0,0,1,1,0,0,12.61,0
tx_01738,7898,8.97449144816442,4121,0.2,20,1,8,0,0,0,0,3.43,1
tx_01739,23252,10.05418943494962,4829,0.8,22,0,11,0,0,1,0,2661.83,1
tx_01740,4650,8.444837529224097,5412,0.2,4,1,2,1,0,0,0,14.99,0
tx_01741,7129,8.872066513408342,5814,0.3,19,1,3,1,1,0,0,2.08,0
tx_01742,2894,7.970740390007095,5412,0.2,13,0,2,1,0,0,0,0.74,0
tx_01743,31355,10.353160915308612,4121,0.2,7,0,2,1,1,0,0,2.75,0
tx_01744,11826,9.378140332251117,4829,0.8,16,0,7,0,1,0,0,3.35,0
tx_01745,4159,8.333270353255308,7995,0.3,22,0,3,1,1,0,0,4.23,0
tx_01746,7306,8.896588071791218,7995,0.3,11,1,2,-1,1,0,0,74.82,0
tx_01747,13218,9.4894104675794,5411,0.1,0,1,2,1,-1,0,0,2.07,0
tx_01748,6419,8.767173396684006,5968,0.7,20,0,9,0,1,0,1,4.06,0
tx_01749,4902,8.497602541651233,5814,0.3,4,0,0,1,1,0,0,1.76,0
tx_01750,4375,8.383890344101816,7995,0.3,4,1,2,-1,1,0,0,6.57,0
tx_01751,11239,9.327234123447681,6011,0.85,14,1,3,1,1,0,0,9.27,0
tx_01752,5797,8.6652683094816,5712,0.25,19,0,1,1,0,0,0,12.14,0
tx_01753,5293,8.574329382787047,5411,0.1,19,1,0,1,0,0,0,6.7,0
tx_01754,2289,7.736307096548285,5712,0.25,20,0,0,1,1,0,0,5.55,0
tx_01755,8769,9.079092085366229,5311,0.4,21,1,2,1,1,0,0,0.27,0
tx_01756,6857,8.833171133022866,5311,0.4,3,1,2,1,1,0,0,11.7,0
tx_01757,6001,8.699848026000312,5712,0.25,7,1,3,1,1,0,0,25.81,0
tx_01758,9838,9.194109358865765,5691,0.35,17,1,1,1,1,0,0,1.94,0
tx_01759,16577,9.715831794151471,5712,0.25,9,0,1,1,1,0,0,1.75,0
tx_01760,15862,9.671744632408455,5411,0.1,17,0,1,0,1,0,0,1.33,0
tx_01761,13770,9.530320210727126,5411,0.1,10,0,2,1,1,0,0,10.41,0
tx_01762,6480,8.776630098427717,4121,0.2,10,0,2,1,1,0,0,1.28,0
tx_01763,4753,8.46674164792014,5712,0.25,0,1,1,1,1,0,0,4.26,0
tx_01764,3021,8.013674142832684,5712,0.25,14,0,3,1,1,0,0,0.83,0
tx_01765,4636,8.441822884391462,7995,0.3,20,0,7,0,1,0,0,8.15,0
tx_01766,8299,9.02401079378469,5691,0.35,19,1,1,1,-1,1,0,788.94,0
tx_01767,3859,8.258422462458876,5412,0.2,8,0,2,-1,1,0,0,6.4,0
tx_01768,8923,9.096499555552423,4121,0.2,16,0,1,0,-1,0,0,1.77,0
tx_01769,3255,8.08825472712243,4829,0.8,4,1,11,0,1,0,0,2.11,0
tx_01770,1681,7.427738840532894,5311,0.4,15,1,0,1,1,0,0,2.49,0
tx_01771,17741,9.783689989080532,5411,0.1,9,1,0,1,1,0,0,1.79,0
tx_01772,5190,8.55468163582723,5411,0.1,22,1,1,-1,1,0,0,1.68,0
tx_01773,3677,8.210124405164267,5411,0.1,17,1,1,-1,1,0,0,1.07,0
tx_01774,2881,7.966239776559467,5814,0.3,1,1,9,0,1,0,0,8.72,0
tx_01775,12174,9.40713994795079,4814,0.55,20,0,3,0,1,0,0,7.1,0
tx_01776,30071,10.311349785244014,5311,0.4,17,0,1,-1,0,0,0,2.98,0
tx_01777,5554,8.62245370207373,4829,0.8,5,1,5,0,1,0,0,12.25,0
tx_01778,6637,8.80056599227992,5311,0.4,6,1,1,1,0,0,0,29.17,0
tx_01779,22544,10.023268590855185,5812,0.45,4,0,1,1,1,0,0,2.12,0
tx_01780,1459,7.286191714702382,4121,0.2,7,0,2,1,-1,0,0,6.37,0
tx_01781,52770,10.873717076381238,5311,0.4,22,1,3,0,1,0,0,6.38,0
tx_01782,83039,11.327077698399716,4121,0.2,21,0,7,1,-1,0,0,2.29,0
tx_01783,623,6.436150368369428,7995,0.3,13,0,0,1,1,1,0,1418.04,0
tx_01784,7425,8.912742634737025,5814,0.3,8,1,0,-1,1,0,0,93.66,0
tx_01785,4114,8.32239411311117,4900,0.1,8,1,2,1,1,0,0,7.48,0
tx_01786,6334,8.75384509275524,4829,0.8,22,0,1,1,1,0,0,5.14,0
tx_01787,5474,8.607947554684701,4814,0.55,4,1,6,1,1,0,1,7.33,0
tx_01788,17612,9.776392544732296,5412,0.2,18,1,2,1,1,0,0,90.96,0
tx_01789,7319,8.898365606955357,5814,0.3,23,0,1,1,1,0,0,3.82,0
tx_01790,3428,8.14002395246292,5712,0.25,20,1,2,1,0,0,0,5.25,0
tx_01791,6916,8.841737428600585,6011,0.85,17,1,1,-1,1,0,0,5.32,0
tx_01792,13283,9.494315582496638,5311,0.4,21,0,1,1,1,0,0,18.34,0
tx_01793,2646,7.881182202227102,4900,0.1,5,0,3,1,1,0,0,6.85,0
tx_01794,1705,7.441906728051625,5412,0.2,23,1,0,1,1,0,0,0.77,0
tx_01795,54083,10.89829367247865,4829,0.8,2,0,2,1,1,0,0,0.6,0
tx_01796,4424,8.39502555744203,7995,0.3,0,1,1,1,1,0,0,17.15,0
tx_01797,7149,8.874867635688053,4829,0.8,4,0,1,1,1,0,0,6.67,0
tx_01798,5582,8.62748154531036,5412,0.2,14,1,3,1,1,0,0,3.32,0
tx_01799,13710,9.525953709356655,5691,0.35,5,1,1,-1,1,0,0,1.91,0
tx_01800,43885,10.689350641595816,4121,0.2,15,0,3,1,1,0,1,40.3,0
tx_01801,14131,9.556197008479035,5412,0.2,2,0,5,1,1,0,0,6.53,0
tx_01802,1925,7.563200592358071,5412,0.2,16,1,12,0,1,0,0,9.26,0
tx_01803,2187,7.690743163541872,4900,0.1,5,1,2,1,1,0,0,13.2,0
tx_01804,5576,8.626406276389554,4814,0.55,12,0,12,0,0,0,0,8.29,1
tx_01805,6313,8.750524669117937,4121,0.2,2,1,2,1,1,0,0,2.9,0
tx_01806,1587,7.370230641807081,4121,0.2,23,0,2,1,1,0,0,3.89,0
tx_01807,17739,9.78357725586357,5412,0.2,9,1,1,1,1,0,0,10.76,0
tx_01808,2902,7.97349996402463,4814,0.55,14,0,2,1,-1,0,1,14.37,0
tx_01809,33651,10.423827768670705,7995,0.3,11,0,1,0,1,0,0,17.62,0
tx_01810,45925,10.734786684478816,4900,0.1,14,1,3,1,0,0,0,1.9,0
tx_01811,6434,8.769507120030227,5812,0.45,10,1,2,0,0,0,0,6.17,0
tx_01812,12360,9.422301633887823,5812,0.45,1,1,6,0,-1,0,0,1.88,0
tx_01813,2527,7.8351837552667485,5412,0.2,19,0,2,1,0,0,0,4.29,0
tx_01814,14730,9.597709395814938,6011,0.85,15,0,1,-1,1,0,0,3.65,0
tx_01815,5074,8.532081803909987,4814,0.55,6,0,8,0,1,0,0,4.9,0
tx_01816,2900,7.972810784121404,4900,0.1,2,0,1,1,-1,0,0,15.0,0
tx_01817,6188,8.73052880173936,4900,0.1,21,1,11,0,1,0,0,1.79,0
tx_01818,5233,8.562931083090092,4814,0.55,7,0,3,0,1,0,0,52.15,0
tx_01819,5981,8.696510239189893,5311,0.4,21,1,0,1,0,1,0,1899.17,1
tx_01820,20078,9.907429771768753,5311,0.4,18,0,0,1,1,0,0,0.71,0
tx_01821,3863,8.259458195332408,5814,0.3,23,0,3,1,1,0,0,7.17,0
tx_01822,42338,10.653463926082116,5311,0.4,15,0,1,-1,1,0,0,1.22,0
tx_01823,2313,7.746732907753622,6011,0.85,4,0,2,1,1,0,0,7.5,0
tx_01824,37791,10.53985271899709,5814,0.3,0,0,3,0,1,0,0,0.88,0
tx_01825,3101,8.039802343736485,6011,0.85,5,0,1,-1,1,0,0,19.63,0
tx_01826,8137,9.004299728561636,4814,0.55,10,1,2,1,-1,0,0,20.75,0
tx_01827,5113,8.539737155851132,7995,0.3,14,0,3,-1,-1,0,0,2.78,0
tx_01828,5876,8.678801706612651,5712,0.25,21,1,1,1,1,0,0,6.01,0
tx_01829,17439,9.76652169746297,7995,0.3,3,0,6,0,0,0,0,1.06,0
tx_01830,33861,10.430048720688177,5311,0.4,15,1,2,1,1,0,0,2.5,0
tx_01831,25240,10.136224935521659,7995,0.3,2,0,1,1,1,0,0,4.0,0
tx_01832,5544,8.620651899784468,5712,0.25,11,0,0,1,-1,0,0,0.74,0
tx_01833,9703,9.180293450623886,4814,0.55,1,0,5,1,-1,0,0,34.29,0
tx_01834,3875,8.262558973010657,5411,0.1,8,1,2,1,1,0,0,5.69,0
tx_01835,3175,8.063377822367027,4814,0.55,14,0,0,1,1,0,0,21.49,0
tx_01836,2741,7.91644286012226,7995,0.3,17,0,2,1,1,0,1,3.88,0
tx_01837,5375,8.589699882202986,5311,0.4,19,1,3,-1,1,0,0,2.08,0
tx_01838,10325,9.242420265439595,4900,0.1,12,1,1,1,1,0,0,5.43,0
tx_01839,1325,7.189922170745808,5691,0.35,6,1,1,1,1,0,1,15.08,0
tx_01840,7794,8.961237781491876,5411,0.1,21,0,0,1,0,0,0,2.14,0
tx_01841,34386,10.44543386495991,4814,0.55,22,1,0,1,1,0,0,6.55,0
tx_01842,23647,10.071033823747928,5968,0.7,23,1,2,1,1,0,1,2.37,0
tx_01843,4672,8.449556542700426,5968,0.7,19,0,0,-1,1,0,0,0.37,0
tx_01844,2161,7.6787889981991535,5814,0.3,18,0,0,1,1,0,0,3.12,0
tx_01845,12607,9.44208681209766,5712,0.25,1,1,5,1,1,0,0,5.61,0
tx_01846,901,6.804614520062624,5411,0.1,13,1,1,-1,1,0,1,4.82,0
tx_01847,23384,10.059850070159987,5691,0.35,9,0,3,1,1,0,1,3.41,0
tx_01848,6649,8.8023721336499,5691,0.35,6,1,2,1,1,0,0,5.37,0
tx_01849,46393,10.744925419508215,4829,0.8,1,1,1,-1,1,0,0,2.21,0
tx_01850,1579,7.365180126021013,4814,0.55,5,1,1,1,1,1,0,3334.7,1
tx_01851,19485,9.877451537985287,4900,0.1,21,0,3,1,0,0,1,2.8,0
tx_01852,7403,8.909775673693389,5412,0.2,21,1,1,1,1,0,1,12.79,0
tx_01853,5947,8.690810307580046,4829,0.8,17,1,7,0,1,0,0,0.91,0
tx_01854,2217,7.704361167910313,4814,0.55,2,0,2,0,1,0,0,5.3,0
tx_01855,14345,9.571226436686379,5968,0.7,16,0,0,1,1,0,0,8.59,0
tx_01856,15483,9.647562511697538,5411,0.1,3,0,2,1,1,0,0,21.31,0
tx_01857,44402,10.701062313705298,5712,0.25,16,1,0,1,1,0,0,2.51,0
tx_01858,21223,9.962887895817575,5691,0.35,0,1,5,1,1,0,0,19.37,0
tx_01859,4633,8.441175704992322,5814,0.3,6,0,5,0,1,0,0,8.02,0
tx_01860,3139,8.0519780789023,5814,0.3,2,1,1,1,1,0,0,37.73,0
tx_01861,2220,7.7057128238944275,5311,0.4,22,1,4,0,-1,0,0,0.81,0
tx_01862,33016,10.40477785931878,5968,0.7,13,0,2,0,1,0,0,6.29,0
tx_01863,3889,8.266164436612492,5411,0.1,22,1,2,1,1,0,0,4.53,0
tx_01864,33236,10.411418992188782,5968,0.7,0,0,0,1,1,0,0,5.74,0
tx_01865,13413,9.504054216659682,5411,0.1,17,0,3,0,0,0,0,13.44,0
tx_01866,11143,9.318656515459642,4814,0.55,11,0,1,1,1,0,0,25.14,0
tx_01867,6085,8.713746330456916,5814,0.3,11,1,0,1,1,0,0,7.0,0
tx_01868,15257,9.632859234650175,4121,0.2,20,1,4,0,1,0,0,0.69,0
tx_01869,8026,8.990566138131577,5814,0.3,1,0,2,1,1,0,0,2.99,0
tx_01870,5735,8.654517382279456,4121,0.2,22,0,8,0,0,0,0,208.13,0
tx_01871,15778,9.66643522103567,4829,0.8,0,1,1,1,0,0,0,1.5,0
tx_01872,7104,8.868554040531201,5712,0.25,8,0,5,0,1,0,0,5.85,0
tx_01873,3815,8.246958032568177,7995,0.3,3,0,0,1,1,1,0,2161.3,0
tx_01874,14400,9.575052927597383,5411,0.1,12,0,2,1,1,0,0,15.6,0
tx_01875,7665,8.9445502459405,4814,0.55,14,1,2,1,1,0,0,2.28,0
tx_01876,12960,9.469700127423375,4900,0.1,15,1,4,1,-1,0,0,26.64,0
tx_01877,5292,8.574140471857987,6011,0.85,19,1,8,0,1,0,0,20.4,0
tx_01878,2582,7.8567067930958405,5814,0.3,18,0,3,1,0,0,0,7.97,0
tx_01879,42340,10.65351116273777,4814,0.55,22,0,6,0,0,0,0,1.57,0
tx_01880,35399,10.474467099121865,5411,0.1,10,1,0,1,1,0,0,2.4,0
tx_01881,18859,9.844798556187449,4900,0.1,4,1,7,0,1,0,1,2.12,0
tx_01882,5635,8.636929873018572,4829,0.8,3,1,2,1,1,0,0,3.5,0
tx_01883,6123,8.719970756777574,5968,0.7,6,1,6,0,1,0,0,24.44,0
tx_01884,30284,10.318407819415048,5712,0.25,14,1,0,1,1,0,0,6.65,0
tx_01885,5820,8.669227347271736,4829,0.8,1,1,1,1,1,0,0,9.86,0
tx_01886,4466,8.404472321352118,5812,0.45,22,0,1,-1,1,0,0,5.65,0
tx_01887,48233,10.783819445556016,5411,0.1,23,0,1,1,1,0,0,29.13,0
tx_01888,7784,8.959954084268098,4121,0.2,3,1,1,1,-1,0,0,0.72,0
tx_01889,43703,10.685194910075554,5412,0.2,18,0,2,1,1,0,0,0.05,0
tx_01890,2157,7.67693714581808,4829,0.8,14,0,2,1,1,0,0,4.4,0
tx_01891,13326,9.497547331579726,4900,0.1,11,0,4,0,1,0,0,4.53,0
tx_01892,58262,10.97272252249356,6011,0.85,17,1,1,1,1,0,0,4.37,0
tx_01893,8379,9.033603193476129,5812,0.45,13,0,3,0,-1,0,0,2.01,0
tx_01894,6338,8.754476306284166,4814,0.55,7,1,2,1,1,0,0,0.96,0
tx_01895,2686,7.8961806086154915,5968,0.7,13,0,0,-1,1,0,0,4.05,0
tx_01896,22774,10.03341872212816,5712,0.25,3,1,1,1,1,0,0,2.96,0
tx_01897,3919,8.273846932784508,6011,0.85,6,1,2,-1,-1,0,0,6.1,0
tx_01898,7444,8.915297945118109,5814,0.3,23,0,0,1,1,0,0,10.55,0
tx_01899,2521,7.8328075165248645,5311,0.4,4,1,1,-1,-1,0,0,18.81,0
tx_01900,35747,10.484249602501283,5691,0.35,14,1,0,1,1,0,1,12.39,0
tx_01901,24399,10.102338411281293,5691,0.35,7,1,2,1,-1,0,0,4.49,0
tx_01902,7904,8.975250749643573,5814,0.3,11,1,3,0,1,0,0,7.99,0
tx_01903,2721,7.909122183211411,4900,0.1,5,0,2,1,0,0,0,1.13,0
tx_01904,35041,10.464302621047032,5311,0.4,13,0,1,1,1,0,0,1.69,0
tx_01905,5753,8.657650544111494,4900,0.1,13,0,2,1,1,0,0,36.03,0
tx_01906,2850,7.955425088912672,5311,0.4,14,0,2,0,1,0,0,16.23,0
tx_01907,1527,7.331714969726466,4829,0.8,7,1,7,0,1,0,1,0.8,1
tx_01908,4409,8.391629968440892,4121,0.2,13,1,1,1,1,0,0,2.02,0
tx_01909,2045,7.6236419465115715,7995,0.3,17,1,5,0,1,0,0,42.98,0
tx_01910,4507,8.413608875159667,4814,0.55,17,0,0,1,0,0,0,1.85,0
tx_01911,16521,9.712448105122451,6011,0.85,13,1,3,1,1,0,0,0.51,0
tx_01912,5702,8.648747631156539,4121,0.2,7,1,0,1,1,0,0,2.53,0
tx_01913,11420,9.343209045050607,5814,0.3,12,1,0,1,1,0,0,2.61,0
tx_01914,4097,8.318254328798846,5311,0.4,12,0,1,1,1,0,0,18.61,0
tx_01915,8665,9.067162602299854,5691,0.35,22,0,2,1,1,0,0,13.35,0
tx_01916,50515,10.83004539676606,4900,0.1,9,1,3,1,1,0,0,2.71,0
tx_01917,5849,8.674196940225903,5412,0.2,7,1,0,1,1,0,0,4.51,0
tx_01918,11736,9.370501524100124,5412,0.2,17,0,7,0,0,0,0,6.95,0
tx_01919,1841,7.518607216815252,5691,0.35,15,1,1,1,1,0,0,11.72,0
tx_01920,34519,10.449294145197364,5411,0.1,10,1,4,1,1,0,0,3.15,0
tx_01921,5176,8.551981016901902,5691,0.35,0,0,4,0,1,0,0,7.01,0
tx_01922,22097,10.00324238567312,5968,0.7,16,1,3,1,1,0,0,27.49,0
tx_01923,7246,8.888342869109282,5412,0.2,17,1,4,0,0,0,0,4.15,0
tx_01924,14562,9.58623934448258,5411,0.1,22,0,0,1,0,1,0,1388.85,0
tx_01925,15408,9.642707033281853,4814,0.55,12,0,0,1,0,0,0,10.29,0
tx_01926,5299,8.575462099540212,5411,0.1,12,1,2,1,1,0,1,2.5,0
tx_01927,22982,10.04251009118493,4814,0.55,5,0,0,1,1,0,0,1.71,0
tx_01928,3961,8.284504227258497,4829,0.8,11,0,1,1,1,0,0,7.95,0
tx_01929,17055,9.74425732696557,7995,0.3,0,0,7,0,1,0,0,9.96,0
tx_01930,5622,8.634620608292202,4814,0.55,12,0,2,1,1,0,0,4.49,0
tx_01931,11353,9.337325383730672,5412,0.2,16,1,2,1,1,0,0,2.31,0
tx_01932,5252,8.566554620953962,5968,0.7,18,0,0,1,1,0,0,2.83,0
tx_01933,8541,9.052750451401412,7995,0.3,15,1,1,1,1,0,0,6.77,0
tx_01934,2934,7.984462732262196,4829,0.8,19,0,1,-1,1,0,0,1.21,0
tx_01935,10305,9.24048152888817,4829,0.8,15,0,1,1,1,0,0,17.39,0
tx_01936,8494,9.047233034106032,5411,0.1,18,0,4,0,1,0,0,32.4,0
tx_01937,4876,8.492285555710053,5691,0.35,10,1,0,1,1,0,0,0.82,0
tx_01938,7730,8.952993499320474,7995,0.3,14,1,3,1,1,1,1,4521.65,1
tx_01939,9251,9.13259502335133,4829,0.8,15,1,1,1,1,0,0,12.83,0
tx_01940,4535,8.419800845407588,4829,0.8,13,0,2,1,1,0,0,14.12,0
tx_01941,7207,8.882946799288174,4900,0.1,13,0,3,1,-1,0,0,0.68,0
tx_01942,3133,8.050065422915965,6011,0.85,18,0,0,1,-1,0,0,3.36,0
tx_01943,75631,11.233634753033018,4121,0.2,5,0,1,1,1,0,0,2.5,0
tx_01944,22278,10.011399809730523,5411,0.1,7,0,2,1,1,0,1,3.7,0
tx_01945,10558,9.264733855806515,4814,0.55,12,0,1,1,0,0,0,1.13,0
tx_01946,24802,10.118719892579001,4829,0.8,15,0,3,-1,0,0,0,39.27,0
tx_01947,1242,7.1252830915107115,6011,0.85,12,0,2,1,1,0,0,8.36,0
tx_01948,717,6.576469569048224,4121,0.2,4,0,1,1,-1,0,0,1.46,0
tx_01949,5574,8.62604759632832,5311,0.4,19,1,1,-1,0,0,0,2.56,0
tx_01950,2199,7.696212639346407,6011,0.85,13,0,5,1,0,0,0,26.63,0
tx_01951,6505,8.780480107033297,5712,0.25,10,1,0,1,1,0,0,4.39,0
tx_01952,9903,9.200693994924377,4814,0.55,21,1,5,0,1,0,1,22.98,0
tx_01953,19527,9.879604612072796,5412,0.2,10,0,2,1,1,0,0,11.14,0
tx_01954,2762,7.924072324923417,7995,0.3,3,0,2,1,1,0,0,0.97,0
tx_01955,11906,9.384881741451174,5411,0.1,23,1,10,0,1,0,0,1.51,0
tx_01956,8257,9.018937706446035,5691,0.35,9,0,9,1,1,0,0,1.21,0
tx_01957,11331,9.335385860950407,5691,0.35,21,0,3,1,0,0,0,8.67,0
tx_01958,4971,8.511577452630602,5812,0.45,12,1,2,1,1,0,0,48.8,0
tx_01959,30307,10.319166983051264,4829,0.8,5,0,7,0,1,0,0,6.1,0
tx_01960,7382,8.906935339059165,5968,0.7,9,1,5,1,1,1,0,4189.35,1
tx_01961,43943,10.690671375022456,7995,0.3,21,0,1,1,-1,0,0,9.43,0
tx_01962,3844,8.254528881939745,4814,0.55,22,0,1,1,-1,0,0,4.52,0
tx_01963,16496,9.710933825175925,5968,0.7,3,0,2,1,1,0,1,3.3,0
tx_01964,7696,8.948585921534317,5968,0.7,23,1,9,0,1,0,0,6.25,0
tx_01965,5966,8.693999567522082,5814,0.3,20,0,2,0,1,0,0,12.32,0
tx_01966,14852,9.605957144029533,5411,0.1,15,1,3,1,1,0,0,2.69,0
tx_01967,6130,8.721113147762688,5412,0.2,4,0,5,1,0,0,1,1.49,0
tx_01968,650,6.478509642208569,5968,0.7,14,0,2,1,-1,0,0,15.44,0
tx_01969,444,6.09807428216624,4829,0.8,10,0,7,0,1,0,0,0.35,0
tx_01970,27282,10.214019076585554,5968,0.7,2,1,4,1,1,0,0,1.01,0
tx_01971,26211,10.173972600159388,6011,0.85,23,0,2,1,1,0,0,5.01,0
tx_01972,48930,10.798166421433823,5812,0.45,14,1,1,1,1,0,0,14.37,0
tx_01973,8011,8.988695696785708,5311,0.4,2,1,3,1,1,0,0,6.31,0
tx_01974,2386,7.77779262633883,5691,0.35,8,1,3,1,1,0,0,2.49,0
tx_01975,5467,8.60666819784384,4121,0.2,20,0,4,1,0,0,0,13.05,0
tx_01976,8234,9.016148642611741,7995,0.3,10,0,4,1,1,0,0,1.93,0
tx_01977,3129,8.048788283534199,5311,0.4,11,0,0,1,1,0,0,11.0,0
tx_01978,39000,10.571342565808699,4121,0.2,3,1,1,1,1,0,1,2.88,0
tx_01979,68371,11.132718663076158,5968,0.7,2,0,0,1,0,0,0,1.18,0
tx_01980,12830,9.459619396895018,5812,0.45,23,1,1,1,0,0,0,11.63,0
tx_01981,8061,8.994916943677111,5712,0.25,22,1,4,1,0,0,0,32.9,0
tx_01982,2380,7.7752758464868625,4121,0.2,2,0,0,1,1,0,0,3.06,0
tx_01983,35393,10.47429759323113,5814,0.3,13,0,3,-1,1,0,1,16.32,0
tx_01984,8757,9.077722847361343,5712,0.25,16,0,0,1,1,0,0,0.46,0
tx_01985,6189,8.730690365678642,5968,0.7,21,1,0,1,-1,0,0,0.96,0
tx_01986,12865,9.462343451970945,5968,0.7,13,0,1,0,1,0,0,1.51,0
tx_01987,4669,8.448914350662942,4829,0.8,20,0,0,1,1,0,0,4.0,0
tx_01988,9365,9.144841389743487,4829,0.8,2,0,0,1,1,0,0,8.63,0
tx_01989,2069,7.635303886259415,6011,0.85,0,0,2,1,1,0,0,1.12,0
tx_01990,22877,10.03793102908562,5691,0.35,11,1,1,1,1,0,0,1.57,0
tx_01991,7376,8.906122330884303,5412,0.2,6,1,2,1,1,0,0,12.75,0
tx_01992,24490,10.106060982105628,5311,0.4,18,1,1,1,1,1,0,3582.73,1
tx_01993,6728,8.814181823188319,5712,0.25,8,1,2,1,1,0,0,25.05,0
tx_01994,7157,8.875985891325971,5814,0.3,9,0,0,1,1,0,1,1.98,0
tx_01995,2575,7.853993087224244,4121,0.2,12,1,1,1,1,0,0,19.14,0
tx_01996,16763,9.726989009044962,5691,0.35,23,1,4,1,1,0,0,12.61,0
tx_01997,3544,8.173293438966228,7995,0.3,1,0,1,1,1,0,0,5.24,0
tx_01998,5131,8.543250725735527,4900,0.1,13,1,1,1,1,0,0,6.18,0
tx_01999,8153,9.006263883379198,4900,0.1,9,0,2,1,1,0,0,5.54,0
tx_02000,9139,9.120415664448196,6011,0.85,0,0,0,1,1,1,0,4606.47,1
tx_02001,1611,7.385230923066573,4121,0.2,19,1,0,1,1,0,0,0.35,0
tx_02002,6541,8.785998208098329,5411,0.1,21,1,6,0,1,0,0,3.17,0
tx_02003,17338,9.760713578544673,5412,0.2,4,0,2,1,1,0,0,5.97,0
tx_02004,5686,8.645938147306799,5968,0.7,18,1,1,-1,1,0,0,20.24,0
tx_02005,6579,8.791790024319363,4814,0.55,16,1,2,1,0,0,0,2.4,0
tx_02006,9504,9.15957325492253,5412,0.2,16,1,3,0,1,0,0,0.39,0
tx_02007,7226,8.885579291282982,4829,0.8,11,1,0,1,1,0,0,0.23,0
tx_02008,3060,8.026496938945412,5968,0.7,7,0,0,1,1,0,0,5.19,0
tx_02009,7869,8.970813341411448,5712,0.25,1,0,11,0,0,1,0,4858.98,1
tx_02010,20943,9.949607488149681,5412,0.2,0,0,1,-1,1,0,0,3.59,1
tx_02011,3001,8.007034012193408,5411,0.1,4,1,14,0,1,0,0,1.03,0
tx_02012,5707,8.649623978596727,4829,0.8,12,0,1,1,1,0,0,3.09,0
tx_02013,2192,7.693025748417888,6011,0.85,3,0,1,1,1,0,0,49.67,0
tx_02014,19920,9.899529730681785,5812,0.45,16,1,2,1,1,0,0,21.86,0
tx_02015,7461,8.917578753781104,5311,0.4,14,0,2,1,1,0,0,4.67,0
tx_02016,3632,8.197814032221203,5411,0.1,8,0,1,1,1,0,0,3.42,0
tx_02017,8891,9.092907275084087,5814,0.3,2,1,2,1,1,0,0,1.63,0
tx_02018,2596,7.862112211662748,5814,0.3,12,1,3,1,1,0,0,9.3,0
tx_02019,3051,8.023552392404348,5412,0.2,19,0,0,-1,0,0,0,3.1,0
tx_02020,2035,7.618742377670413,5311,0.4,9,1,3,1,1,0,0,23.96,0
tx_02021,2956,7.9919305198524775,5812,0.45,19,0,0,1,1,0,0,5.46,0
tx_02022,29574,10.294684688846587,5812,0.45,6,0,2,1,1,0,0,5.74,0
tx_02023,4059,8.308938252595778,5712,0.25,1,1,2,1,1,0,0,0.64,0
tx_02024,12684,9.448175472033382,4814,0.55,15,0,1,1,0,0,0,2.39,0
tx_02025,3680,8.210939733379021,5412,0.2,21,0,6,0,1,0,0,44.61,0
tx_02026,16760,9.726810038127258,5712,0.25,21,0,0,1,1,0,1,0.75,0
tx_02027,3073,8.03073492409854,7995,0.3,23,0,5,1,0,0,0,3.51,0
tx_02028,8454,9.042513261332681,5691,0.35,2,0,4,1,0,0,0,3.6,0
tx_02029,8564,9.05543941075822,5311,0.4,1,0,1,1,1,0,0,6.42,0
tx_02030,74353,11.216592750037657,5691,0.35,13,1,1,1,1,0,0,7.51,0
tx_02031,14825,9.604137675216665,4829,0.8,22,0,3,1,1,0,0,2.45,0
tx_02032,4637,8.442038517815478,4814,0.55,23,1,2,1,-1,0,0,13.28,0
tx_02033,15615,9.656051308652874,5812,0.45,6,0,2,1,1,0,0,2.21,0
tx_02034,62096,11.0364529575759,7995,0.3,9,1,3,1,-1,0,0,9.32,0
tx_02035,1732,7.457609289715606,5968,0.7,15,1,0,1,1,0,0,0.72,0
tx_02036,3659,8.205218426395412,5712,0.25,21,1,0,1,0,0,1,1.84,0
tx_02037,6504,8.780326390946605,4121,0.2,4,0,1,1,1,0,0,0.75,0
tx_02038,5480,8.609042845046117,7995,0.3,23,0,0,1,-1,0,0,6.39,0
tx_02039,5938,8.68929604801586,5412,0.2,19,1,6,0,0,0,0,6.72,0
tx_02040,2359,7.7664168980196555,5311,0.4,1,1,6,1,0,0,0,2.85,0
tx_02041,30913,10.338964434712263,6011,0.85,20,0,0,1,-1,1,0,2449.36,0
tx_02042,2108,7.653969180478774,5814,0.3,15,0,2,1,0,0,1,1.11,0
tx_02043,6734,8.815073088844464,5814,0.3,23,0,5,1,1,0,0,20.33,0
tx_02044,21998,9.998752276761909,4900,0.1,5,1,2,1,1,0,0,13.52,0
tx_02045,7915,8.976641306722456,7995,0.3,23,1,1,1,0,0,0,1.49,0
tx_02046,3212,8.074960359115858,5412,0.2,1,1,2,1,1,0,0,1.1,0
tx_02047,2262,7.724446645633537,5691,0.35,1,1,1,1,1,0,0,2.56,0
tx_02048,6546,8.786762208441091,5814,0.3,10,0,1,1,1,0,0,6.08,0
tx_02049,3968,8.286269452783065,5812,0.45,15,0,4,1,0,0,0,5.33,0
tx_02050,9899,9.20029003612268,4829,0.8,4,1,7,0,1,0,0,1.3,0
tx_02051,2151,7.674152921281675,5311,0.4,6,0,2,1,1,0,0,2.78,0
tx_02052,17633,9.777584135646972,5411,0.1,9,0,0,1,1,0,0,6.88,0
tx_02053,9090,9.115040192121858,7995,0.3,3,1,2,1,0,0,0,2.85,0
tx_02054,9755,9.18563775933581,5814,0.3,4,0,5,1,1,0,0,5.24,0
tx_02055,32022,10.374209673604785,5411,0.1,3,0,0,1,1,0,0,15.24,0
tx_02056,5374,8.589513852995864,5814,0.3,22,1,0,1,1,0,0,2.19,0
tx_02057,4087,8.31581113188354,5814,0.3,22,0,1,1,1,0,0,13.66,0
tx_02058,4841,8.485083137498004,5411,0.1,15,0,0,1,1,0,0,4.44,0
tx_02059,6784,8.82246957226897,5411,0.1,16,1,1,1,1,0,0,4.03,0
tx_02060,7471,8.918917979908679,6011,0.85,3,0,0,1,1,0,1,0.93,0
tx_02061,3700,8.216358332386156,5691,0.35,1,1,2,1,1,0,0,12.03,0
tx_02062,1192,7.084226422097916,4829,0.8,9,1,2,1,1,0,0,50.12,0
tx_02063,4780,8.472405008626103,5814,0.3,23,1,5,0,0,0,0,1.38,0
tx_02064,11464,9.347054195292005,5712,0.25,11,0,2,-1,1,0,0,1.57,0
tx_02065,9271,9.134754385019587,5691,0.35,19,0,4,-1,1,0,0,31.12,0
tx_02066,25457,10.14478531443038,5814,0.3,8,0,1,1,1,0,0,10.55,0
tx_02067,52202,10.862895243483688,6011,0.85,7,1,6,1,1,0,0,2.16,0
tx_02068,16756,9.726571360400724,5311,0.4,19,1,2,0,1,0,0,36.98,0
tx_02069,30290,10.31860591767243,5411,0.1,11,0,1,1,1,0,0,2.85,0
tx_02070,16875,9.733647773244229,4829,0.8,17,1,2,1,-1,0,0,5.12,0
tx_02071,41340,10.629610022590025,5812,0.45,17,1,4,0,0,0,0,7.42,1
tx_02072,47263,10.763504185331106,5411,0.1,17,1,2,1,1,0,0,12.34,0
tx_02073,20106,9.908823292125648,5311,0.4,16,0,3,0,1,0,0,8.41,0
tx_02074,15934,9.676273226851437,5812,0.45,19,0,4,-1,1,0,0,58.95,0
tx_02075,6702,8.810310466357958,5411,0.1,11,1,1,-1,0,0,0,25.72,0
tx_02076,7831,8.965973184210347,5412,0.2,7,1,0,1,1,0,0,32.6,0
tx_02077,5909,8.684401110400144,5412,0.2,12,1,0,1,1,0,0,2.24,0
tx_02078,14696,9.595398670306684,4900,0.1,7,0,2,1,1,0,0,7.3,0
tx_02079,4109,8.32117830749028,4814,0.55,1,0,2,1,1,0,0,37.39,0
tx_02080,6793,8.82379514872053,5968,0.7,8,0,2,1,1,0,0,3.08,0
tx_02081,869,6.76849321164863,4814,0.55,12,1,3,1,-1,0,0,3.11,0
tx_02082,41861,10.642133773167291,5311,0.4,12,0,0,1,1,0,0,14.98,0
tx_02083,6606,8.795884972029885,5812,0.45,8,1,4,1,1,0,0,8.69,0
tx_02084,12556,9.438033557988964,4814,0.55,17,0,2,-1,1,0,0,4.84,0
tx_02085,32535,10.39010244758706,5812,0.45,6,0,8,0,1,0,0,6.87,0
tx_02086,10834,9.29053691397046,5814,0.3,15,0,2,1,1,0,0,0.56,0
tx_02087,32122,10.377327563450146,5812,0.45,6,0,2,1,1,0,0,3.31,0
tx_02088,2504,7.826044013518965,5311,0.4,23,0,1,1,1,0,0,1.79,0
tx_02089,79434,11.282694356154124,4121,0.2,15,0,2,1,1,0,0,33.95,0
tx_02090,22878,10.03797473824488,6011,0.85,13,0,0,1,1,0,0,4.0,0
tx_02091,9936,9.204020443231363,5311,0.4,10,1,1,1,1,0,0,5.48,0
tx_02092,31539,10.359011860517029,5968,0.7,18,0,10,0,-1,0,0,18.58,0
tx_02093,2684,7.895436006942965,4829,0.8,10,1,2,1,-1,0,0,31.9,0
tx_02094,6192,8.731174900938061,4829,0.8,19,0,0,-1,1,0,0,6.82,0
tx_02095,32119,10.377234168060697,5814,0.3,3,0,1,-1,1,1,0,1177.78,1
tx_02096,1382,7.232010331664759,7995,0.3,19,1,11,0,1,0,0,2.56,0
tx_02097,13872,9.537699784080726,6011,0.85,23,0,1,-1,1,0,0,7.05,0
tx_02098,13504,9.510815266226716,5814,0.3,5,1,1,1,1,0,0,7.3,0
tx_02099,52888,10.875950656715467,4900,0.1,5,1,1,-1,1,0,0,1.88,0
tx_02100,1811,7.502186486602924,6011,0.85,22,0,0,-1,1,0,0,0.42,0
tx_02101,37583,10.534333706898694,5812,0.45,9,0,1,1,1,0,0,0.71,0
tx_02102,4787,8.473868066677865,4829,0.8,16,1,0,1,0,0,0,1.19,0
tx_02103,5327,8.580731212220226,4814,0.55,4,0,2,1,1,0,0,3.81,0
tx_02104,2551,7.844632644464681,6011,0.85,10,0,2,1,1,0,0,3.38,0
tx_02105,2898,7.972121128921655,4900,0.1,16,0,7,0,1,0,0,0.67,0
tx_02106,11950,9.388570235866881,5814,0.3,21,0,1,1,1,0,0,3.69,0
tx_02107,2831,7.94873845481361,4814,0.55,10,1,10,0,1,0,0,36.59,0
tx_02108,16456,9.708506197595383,4900,0.1,1,1,5,0,1,0,0,7.59,0
tx_02109,4339,8.375629627094451,4900,0.1,9,1,3,1,1,0,0,54.72,0
tx_02110,2573,7.853216388156072,4900,0.1,15,1,1,1,1,0,0,4.98,0
tx_02111,4933,8.503905297089302,5812,0.45,21,1,0,1,1,0,0,4.8,0
tx_02112,11215,9.325096609274372,6011,0.85,20,1,3,1,0,0,1,6.95,0
tx_02113,6258,8.7417757069247,6011,0.85,18,0,1,-1,1,0,0,44.03,0
tx_02114,8414,9.037771106624906,5814,0.3,3,0,7,0,1,0,0,32.7,0
tx_02115,15781,9.666625329080981,4829,0.8,12,1,0,1,0,1,0,4232.3,1
tx_02116,22776,10.033506533859862,7995,0.3,13,0,3,1,1,0,0,8.27,0
tx_02117,6067,8.710784340468424,5691,0.35,11,0,6,0,1,0,0,1.77,0
tx_02118,3020,8.013343181386672,5691,0.35,22,0,10,0,1,0,1,0.99,0
tx_02119,8756,9.077608659522225,5812,0.45,23,1,0,1,1,0,0,2.9,0
tx_02120,12737,9.45234493093131,5814,0.3,5,0,3,-1,1,0,0,31.11,0
tx_02121,2033,7.617759576608505,7995,0.3,22,0,2,1,1,0,0,42.24,1
tx_02122,3495,8.159374736775426,5712,0.25,20,1,0,1,1,0,0,0.72,0
tx_02123,4113,8.322151070212902,5712,0.25,16,1,0,1,1,0,0,25.01,0
tx_02124,6686,8.80792062205398,5814,0.3,9,0,5,0,0,0,0,44.37,0
tx_02125,3953,8.282483003730562,4900,0.1,18,1,2,-1,-1,0,1,22.16,0
tx_02126,15944,9.676900579444158,5311,0.4,14,1,0,1,1,0,0,2.88,0
tx_02127,1773,7.480992162869525,5712,0.25,21,1,0,1,1,0,0,13.27,0
tx_02128,1816,7.504942068396171,4121,0.2,17,0,2,1,1,0,0,0.78,0
tx_02129,5931,8.688116703257823,5311,0.4,23,0,7,0,0,0,0,0.92,0
tx_02130,6893,8.83840674707681,5814,0.3,10,0,1,1,1,0,0,99.64,0
tx_02131,2045,7.6236419465115715,7995,0.3,1,1,0,1,0,0,0,2.87,0
tx_02132,4577,8.429017500512511,5691,0.35,11,0,1,0,0,0,0,1.26,0
tx_02133,5565,8.624431942085836,5411,0.1,23,1,0,1,1,0,0,3.24,0
tx_02134,5606,8.631771096123673,5412,0.2,15,0,9,0,1,0,0,46.6,0
tx_02135,9409,9.149528232579426,5812,0.45,16,0,4,0,1,0,0,20.09,0
tx_02136,4345,8.377011160816375,5691,0.35,15,1,0,1,1,0,0,2.24,0
tx_02137,33160,10.409129765609965,4121,0.2,14,0,1,-1,0,0,0,4.6,0
tx_02138,12951,9.469005495357472,5691,0.35,1,1,4,1,1,0,0,9.06,1
tx_02139,3784,8.23880116587155,5411,0.1,9,1,1,-1,1,0,0,11.26,0
tx_02140,8910,9.09504174761272,5812,0.45,2,0,1,1,1,0,0,9.23,0
tx_02141,9164,9.123147160273806,6011,0.85,8,1,3,0,1,0,1,1.61,0
tx_02142,25826,10.159175735326064,7995,0.3,17,1,5,1,1,0,0,3.82,0
tx_02143,4605,8.43511508038063,5712,0.25,19,1,0,1,1,0,0,1.33,0
tx_02144,16884,9.734180932819669,5411,0.1,5,0,0,-1,1,0,0,15.85,0
tx_02145,8475,9.04499391938819,5412,0.2,15,0,1,1,1,0,0,4.5,0
tx_02146,33596,10.422192056250804,4829,0.8,5,0,1,1,1,0,0,7.55,0
tx_02147,27765,10.231567529594747,7995,0.3,4,1,3,0,1,0,0,2.27,0
tx_02148,9821,9.19238004659919,5968,0.7,23,0,2,1,1,0,0,10.89,0
tx_02149,6349,8.756210091886738,5968,0.7,14,0,2,1,0,0,0,11.34,0
tx_02150,13180,9.486531677712465,5311,0.4,4,0,2,-1,1,0,0,0.91,0
tx_02151,6862,8.833899942908635,5311,0.4,3,0,0,1,1,0,0,13.1,0
tx_02152,40194,10.601497888762061,5968,0.7,1,1,1,1,1,0,0,1.26,0
tx_02153,8775,9.079776001955066,5691,0.35,11,1,3,1,1,0,0,2.23,0
tx_02154,5540,8.61993026886735,5812,0.45,2,1,1,1,1,0,0,15.25,0
tx_02155,5263,8.568646473005153,5412,0.2,14,1,0,1,1,0,0,2.32,0
tx_02156,2573,7.853216388156072,5412,0.2,10,1,1,1,1,0,0,5.84,0
tx_02157,13820,9.533944453604027,5712,0.25,15,1,0,1,1,0,0,4.54,0
tx_02158,3737,8.226305988015508,5968,0.7,4,1,4,1,1,0,0,0.9,0
tx_02159,23119,10.048453322786314,5311,0.4,3,1,1,1,1,0,0,27.69,0
tx_02160,2385,7.777373602657861,5968,0.7,2,0,2,-1,0,0,0,28.13,1
tx_02161,9192,9.126197603863755,4900,0.1,2,0,2,1,1,0,1,8.86,0
tx_02162,24292,10.097943521986084,5411,0.1,1,1,0,1,1,0,0,3.55,0
tx_02163,1054,6.961296045910167,6011,0.85,6,1,0,-1,1,0,0,5.71,0
tx_02164,55410,10.922533408982428,7995,0.3,19,0,0,1,1,0,0,25.37,0
tx_02165,5438,8.60135049942296,6011,0.85,14,0,4,-1,-1,0,0,2.73,0
tx_02166,9313,9.139273923542323,5311,0.4,6,1,11,0,1,0,0,3.05,0
tx_02167,14017,9.54809749706027,5968,0.7,22,1,2,1,1,0,0,3.91,0
tx_02168,16236,9.695047867587114,7995,0.3,18,1,4,1,1,0,0,0.37,0
tx_02169,10566,9.265491216441031,7995,0.3,18,1,2,1,1,0,0,11.82,0
tx_02170,21009,9.952753793839046,4121,0.2,21,0,2,1,1,0,0,6.46,0
tx_02171,13337,9.498372383192251,5814,0.3,17,1,1,1,1,0,0,13.89,0
tx_02172,43391,10.678030371300068,7995,0.3,22,0,2,1,0,0,0,2.92,0
tx_02173,13378,9.50144159247362,5814,0.3,7,1,0,1,1,0,0,0.9,0
tx_02174,52658,10.871592443124456,4900,0.1,20,1,8,0,-1,0,0,6.06,0
tx_02175,19172,9.861258318318392,5814,0.3,2,1,4,1,1,0,0,1.27,0
tx_02176,1465,7.290292882446597,4814,0.55,7,1,1,1,1,0,0,10.22,0
tx_02177,97316,11.485728970281757,5412,0.2,21,0,0,1,1,0,0,11.32,0
tx_02178,4720,8.459775920546287,5712,0.25,3,1,5,1,-1,0,0,67.11,0
tx_02179,33723,10.425965029042565,5412,0.2,12,1,5,0,0,0,0,27.83,0
tx_02180,8355,9.030735122676456,5812,0.45,8,0,0,1,1,1,0,3134.16,1
tx_02181,22319,10.013238416495247,4900,0.1,2,0,0,1,0,0,0,3.8,0
tx_02182,4235,8.351374706721296,5712,0.25,5,1,1,1,1,0,1,14.89,0
tx_02183,14759,9.599676098154463,5812,0.45,12,1,1,1,1,0,0,7.43,0
tx_02184,6404,8.764834214330834,5712,0.25,15,1,4,0,1,0,0,2.94,0
tx_02185,36506,10.50525930200491,5311,0.4,16,0,1,1,1,0,0,0.43,0
tx_02186,12356,9.42197798310419,5311,0.4,3,1,7,0,1,0,1,81.45,1
tx_02187,19817,9.894345894618844,4900,0.1,7,1,4,1,1,0,0,18.6,0
tx_02188,1042,6.949856455000773,5412,0.2,2,0,4,1,1,0,0,11.18,0
tx_02189,7509,8.92399074475818,5712,0.25,0,1,1,1,1,0,0,5.55,0
tx_02190,12030,9.395241931033524,5411,0.1,9,0,0,1,1,0,0,50.43,0
tx_02191,10073,9.217713126305595,5411,0.1,14,1,1,1,1,0,0,14.99,0
tx_02192,20298,9.918326902732767,5311,0.4,8,1,3,1,1,0,0,0.97,0
tx_02193,5753,8.657650544111494,4900,0.1,0,0,1,1,1,0,0,3.79,0
tx_02194,8531,9.05157907959124,5812,0.45,5,1,1,-1,1,0,0,12.78,0
tx_02195,25018,10.12739081519658,5968,0.7,10,1,1,1,1,0,0,21.95,0
tx_02196,935,6.841615476477592,5311,0.4,8,0,4,0,1,0,0,3.63,0
tx_02197,14258,9.565143565282119,6011,0.85,19,1,2,1,1,0,0,32.24,0
tx_02198,5931,8.688116703257823,5691,0.35,14,0,2,1,1,0,0,1.04,0
tx_02199,3424,8.138856750696325,4829,0.8,23,0,2,1,-1,0,1,3.78,0
tx_02200,11214,9.32500744695431,5411,0.1,4,0,1,1,1,0,1,3.97,0
tx_02201,26141,10.171298495345496,4121,0.2,8,0,5,0,1,0,0,16.1,0
tx_02202,21859,9.99241376173053,4121,0.2,2,0,1,1,0,0,0,24.61,0
tx_02203,7164,8.876963340262272,5311,0.4,0,0,3,1,1,0,1,23.91,0
tx_02204,18716,9.837187480778896,5412,0.2,22,1,3,1,1,0,0,0.97,0
tx_02205,18580,9.829894832232755,5968,0.7,11,1,8,0,1,0,0,6.11,0
tx_02206,7496,8.922258219503062,4814,0.55,15,1,16,0,1,0,0,0.82,0
tx_02207,4216,8.34687925374656,5968,0.7,6,1,0,1,0,0,0,5.39,0
tx_02208,4455,8.40200678160712,4900,0.1,1,0,7,0,1,0,0,38.01,0
tx_02209,18054,9.801177933711559,4814,0.55,21,1,1,1,1,0,0,58.45,0
tx_02210,7825,8.965206802770357,5812,0.45,15,0,1,1,1,0,0,9.16,0
tx_02211,3015,8.011686729127847,5814,0.3,17,0,1,1,1,0,0,7.3,0
tx_02212,1643,7.404887575616125,5712,0.25,12,1,5,1,1,0,0,4.18,0
tx_02213,17951,9.795456808322422,4814,0.55,9,0,5,1,1,0,0,5.02,0
tx_02214,4845,8.48590890137647,4814,0.55,10,0,3,0,0,0,0,29.5,0
tx_02215,11148,9.319105086767571,5411,0.1,18,1,1,-1,1,0,0,1.82,0
tx_02216,26447,10.182935820060806,5412,0.2,5,0,0,1,1,0,0,3.72,0
tx_02217,2349,7.762170607138205,7995,0.3,8,1,3,1,1,0,0,5.23,0
tx_02218,7803,8.962391701743002,5311,0.4,7,0,1,1,1,0,0,2.18,0
tx_02219,6926,8.843182098022606,4829,0.8,12,0,0,1,1,0,0,9.35,0
tx_02220,11683,9.365975663507632,7995,0.3,23,0,2,1,1,0,0,32.69,0
tx_02221,26433,10.182406339317753,4829,0.8,22,0,1,1,1,0,0,10.82,0
tx_02222,2304,7.742835955430749,4121,0.2,13,0,2,1,1,0,1,2.18,0
tx_02223,13995,9.54652685348758,5411,0.1,4,0,5,0,0,0,0,2.05,0
tx_02224,21701,9.985159701180153,5411,0.1,22,1,3,1,1,0,0,1.09,0
tx_02225,6823,8.828201089171515,5712,0.25,7,1,1,1,1,0,1,4.39,0
tx_02226,7148,8.874727765766853,6011,0.85,8,0,8,0,1,0,0,1.84,0
tx_02227,12121,9.402777262511231,7995,0.3,21,1,1,1,-1,0,0,6.68,0
tx_02228,11302,9.33282345619073,5311,0.4,6,0,3,1,1,0,1,2.15,0
tx_02229,14163,9.558458813231795,7995,0.3,11,1,1,1,1,0,0,0.92,0
tx_02230,13883,9.538492376981678,5712,0.25,22,0,3,1,1,1,0,2017.49,0
tx_02231,3204,8.07246736935477,4121,0.2,7,1,1,-1,1,0,0,10.53,0
tx_02232,20867,9.945972164142283,7995,0.3,14,0,2,1,1,0,0,0.93,0
tx_02233,24677,10.11366743745848,4814,0.55,0,1,1,1,1,0,0,8.99,0
tx_02234,9720,9.18204377282107,5712,0.25,23,1,2,1,1,0,0,2.27,0
tx_02235,1970,7.58629630715272,5968,0.7,10,0,0,1,1,0,0,6.78,0
tx_02236,7304,8.8963143241848,4900,0.1,16,0,6,0,1,0,0,4.67,0
tx_02237,9797,9.18993356219852,4900,0.1,12,0,4,0,1,0,0,5.91,0
tx_02238,2746,7.918264686095274,5412,0.2,10,0,0,1,0,0,0,15.57,0
tx_02239,5785,8.66319648553608,6011,0.85,9,0,1,1,0,0,0,2.12,0
tx_02240,2135,7.666690200080086,4900,0.1,0,1,3,-1,1,0,0,29.52,0
tx_02241,14503,9.582179752434687,5812,0.45,6,1,10,0,1,0,0,12.38,0
tx_02242,9536,9.162934249578912,5412,0.2,9,0,2,1,1,0,0,3.3,0
tx_02243,1706,7.442492722794441,4814,0.55,8,1,2,1,1,0,0,3.74,0
tx_02244,11374,9.33917324381915,5812,0.45,6,0,3,1,1,0,0,5.68,0
tx_02245,7719,8.951569643018821,5968,0.7,15,1,1,1,1,0,0,2.96,0
tx_02246,13303,9.495820020872763,5712,0.25,19,1,3,1,0,0,0,0.61,0
tx_02247,5615,8.633374945705647,4829,0.8,21,1,3,1,1,0,0,1.52,0
tx_02248,3804,8.244071270295786,4829,0.8,23,1,0,1,1,0,0,1.52,0
tx_02249,3916,8.27308133366583,5411,0.1,15,0,4,1,1,0,0,3.9,0
tx_02250,4885,8.494129251817686,5691,0.35,9,1,1,1,0,0,0,1.15,0
tx_02251,8292,9.023167064451204,5691,0.35,15,0,3,1,1,0,0,13.37,0
tx_02252,9374,9.14580185083861,4900,0.1,3,0,1,1,1,0,0,5.76,0
tx_02253,6795,8.824089482791823,5691,0.35,19,1,2,1,1,0,0,3.0,0
tx_02254,5448,8.603187384583098,5311,0.4,12,0,5,0,1,0,0,1.85,0
tx_02255,5833,8.671458150427666,5812,0.45,3,1,0,1,1,0,0,5.06,0
tx_02256,88213,11.387520959557314,5968,0.7,10,0,2,-1,-1,0,0,15.24,0
tx_02257,3917,8.273336598504486,5812,0.45,7,0,1,1,1,0,0,0.52,0
tx_02258,4794,8.475328987317539,4121,0.2,8,1,6,0,1,0,0,0.81,1
tx_02259,186154,12.13433493899923,7995,0.3,1,0,2,1,1,0,0,1.43,0
tx_02260,12151,9.405249044275608,4121,0.2,0,1,2,1,1,0,0,1.02,0
tx_02261,2196,7.69484807238461,7995,0.3,8,1,2,-1,0,0,0,0.87,0
tx_02262,18137,9.805764464007513,4121,0.2,7,1,3,1,1,0,0,4.99,0
tx_02263,3431,8.140898460607852,5691,0.35,23,1,1,-1,-1,1,0,4478.71,1
tx_02264,19318,9.868844346592555,4814,0.55,6,1,2,1,1,0,0,3.13,0
tx_02265,6666,8.80492526261806,4814,0.55,7,1,1,1,0,0,0,6.27,0
tx_02266,5363,8.587465244401569,5812,0.45,21,1,2,1,1,0,0,4.48,0
tx_02267,37567,10.53390790318777,5814,0.3,20,0,2,1,0,0,0,1.98,0
tx_02268,13950,9.543306469268108,4814,0.55,1,1,2,1,1,0,0,2.94,0
tx_02269,20527,9.929545086855418,7995,0.3,2,0,1,-1,1,0,0,6.39,0
tx_02270,12312,9.418410893792872,5311,0.4,2,0,3,0,1,0,0,1.15,0
tx_02271,5340,8.58316818033977,5311,0.4,11,0,0,1,1,0,0,7.04,0
tx_02272,14559,9.586033321750676,5311,0.4,13,1,1,1,1,0,0,0.1,0
tx_02273,25692,10.153973860242045,5412,0.2,8,0,3,1,1,0,0,4.75,0
tx_02274,9257,9.133243321591216,4829,0.8,0,0,1,1,0,0,0,7.24,0
tx_02275,45104,10.716748384090739,5411,0.1,4,1,2,-1,1,0,0,1.55,0
tx_02276,18272,9.813179839504594,4829,0.8,14,0,8,0,1,0,0,17.73,0
tx_02277,9962,9.206633510044856,4121,0.2,8,1,2,1,1,0,0,19.53,0
tx_02278,10343,9.244161920451694,5411,0.1,2,1,4,0,1,0,0,6.36,0
tx_02279,9279,9.135616825780247,5812,0.45,15,1,2,1,1,0,0,34.55,0
tx_02280,2481,7.8168199657645525,5814,0.3,14,0,1,-1,-1,0,0,1.89,0
tx_02281,7477,8.91972065553706,5311,0.4,11,0,0,1,1,0,0,14.24,0
tx_02282,10050,9.21542741102474,5311,0.4,22,1,4,1,1,0,0,26.95,0
tx_02283,5486,8.610136937058975,5968,0.7,20,0,1,1,1,0,0,1.26,0
tx_02284,11226,9.32607687045878,5812,0.45,0,1,4,1,1,0,0,5.43,0
tx_02285,8312,9.025575833531088,5968,0.7,21,1,2,1,1,0,0,0.84,0
tx_02286,16987,9.740262491433162,6011,0.85,1,0,4,1,-1,0,0,13.49,0
tx_02287,15293,9.63521587360417,5968,0.7,11,0,2,1,1,0,0,36.59,0
tx_02288,9547,9.16408698745872,7995,0.3,21,0,1,1,1,0,0,2.57,0
tx_02289,2222,7.706612913964197,5411,0.1,23,0,1,1,1,0,0,4.76,0
tx_02290,44639,10.706385597055192,5411,0.1,0,0,0,1,1,0,0,2.68,0
tx_02291,7118,8.870522545103873,5311,0.4,1,0,8,0,1,1,1,1068.57,1
tx_02292,7543,8.928507824313293,4900,0.1,5,1,1,1,0,0,0,1.66,1
tx_02293,5883,8.679992081721329,5814,0.3,6,0,2,1,1,0,0,1.66,0
tx_02294,5121,8.541300266759471,5814,0.3,6,1,2,1,0,0,0,9.67,0
tx_02295,35314,10.472063081843023,5968,0.7,10,0,1,1,1,0,0,4.45,0
tx_02296,30391,10.321934694867462,4829,0.8,7,1,0,-1,0,0,0,100.92,1
tx_02297,12423,9.427385364828522,5412,0.2,13,0,2,1,0,0,0,53.69,0
tx_02298,7354,8.903135633035538,4900,0.1,20,0,3,1,0,0,0,10.38,0
tx_02299,14667,9.593423529191217,6011,0.85,13,1,2,1,1,0,0,15.15,0
tx_02300,8737,9.075436609511382,4900,0.1,7,1,2,1,1,0,0,11.91,0
tx_02301,6799,8.824677891164198,4829,0.8,13,0,6,1,1,0,0,17.36,0
tx_02302,11230,9.326433090963036,5691,0.35,14,1,0,1,1,0,0,9.29,0
tx_02303,5357,8.586346050104554,6011,0.85,21,1,2,1,1,0,0,1.48,0
tx_02304,10351,9.244935016740682,6011,0.85,22,1,1,1,-1,0,0,1.85,0
tx_02305,9889,9.199279424616758,4814,0.55,6,1,3,1,1,0,0,15.88,0
tx_02306,14443,9.578034382397348,5311,0.4,22,1,2,1,1,0,0,2.71,0
tx_02307,4523,8.41715183723601,4829,0.8,19,1,1,1,1,0,0,24.79,0
tx_02308,15991,9.679843876180236,5311,0.4,3,0,1,1,1,0,0,11.84,0
tx_02309,3443,8.144388865547622,5691,0.35,13,1,1,1,1,0,0,1.19,0
tx_02310,4728,8.461469042643875,4900,0.1,3,1,1,1,1,0,0,1.25,0
tx_02311,4928,8.502891406705377,4121,0.2,11,0,1,1,1,0,0,1.03,0
tx_02312,2942,7.987184748233473,5691,0.35,1,0,1,1,0,1,0,3902.7,1
tx_02313,21377,9.97011763483389,4121,0.2,7,0,4,1,1,0,0,20.02,0
tx_02314,3244,8.08487062913819,4900,0.1,14,1,1,1,-1,0,0,3.1,0
tx_02315,4193,8.341410211461865,4121,0.2,7,1,4,1,1,0,0,4.93,0
tx_02316,26844,10.19783486285667,4814,0.55,0,1,1,1,1,0,0,7.27,0
tx_02317,4737,8.463370384718731,5412,0.2,9,1,0,1,0,0,0,14.16,0
tx_02318,6812,8.826587830773668,5968,0.7,12,1,1,1,0,0,0,3.26,0
tx_02319,3114,8.043984431221553,5814,0.3,18,0,0,1,1,0,0,8.33,0
tx_02320,17970,9.796514626532023,4814,0.55,3,1,3,1,1,0,0,4.54,0
tx_02321,18207,9.809616336926057,4121,0.2,11,0,6,0,1,0,0,0.76,0
tx_02322,16435,9.707229330003301,5311,0.4,4,1,3,1,1,0,1,25.58,0
tx_02323,13573,9.515911477263703,5812,0.45,3,1,2,1,1,0,0,7.24,0
tx_02324,8735,9.075207697984686,5814,0.3,2,0,5,1,1,0,0,3.94,0
tx_02325,4949,8.507142855562735,5968,0.7,18,1,1,1,1,0,0,2.0,0
tx_02326,3755,8.231109840328154,5311,0.4,22,1,6,0,-1,0,0,2.12,0
tx_02327,27739,10.230630693868823,4829,0.8,15,1,2,1,0,0,0,0.87,0
tx_02328,16844,9.731809155840653,4121,0.2,9,0,0,1,1,0,0,1.29,0
tx_02329,4216,8.34687925374656,4829,0.8,22,1,5,1,1,0,0,1.61,0
tx_02330,8459,9.04310445260027,4121,0.2,11,0,9,0,1,0,0,2.54,0
tx_02331,6125,8.72029728739272,6011,0.85,12,1,1,-1,1,0,0,24.2,0
tx_02332,2789,7.933796874815411,4900,0.1,15,1,1,1,1,0,0,10.13,0
tx_02333,9643,9.174091239301061,5968,0.7,15,1,1,1,-1,0,0,1.64,0
tx_02334,5489,8.610683534503575,5691,0.35,11,0,1,1,1,0,0,0.73,0
tx_02335,3295,8.100464891029363,5691,0.35,11,1,3,-1,1,0,0,1.65,0
tx_02336,1998,7.6004023345004,5412,0.2,7,0,2,1,0,0,0,28.07,0
tx_02337,1844,7.520234556474628,5968,0.7,16,1,0,1,1,0,0,10.99,0
tx_02338,5723,8.652423140676342,4121,0.2,16,0,0,1,-1,0,0,3.99,0
tx_02339,7513,8.924523226133914,4814,0.55,10,0,0,1,-1,0,0,4.85,0
tx_02340,3546,8.173857454773621,5411,0.1,17,0,3,1,1,0,0,19.57,0
tx_02341,15114,9.623442907213558,5411,0.1,3,1,6,0,1,0,0,4.82,0
tx_02342,7653,8.942983665985647,5691,0.35,9,0,1,1,1,1,0,2808.1,1
tx_02343,14090,9.553291574695105,5814,0.3,23,1,0,1,1,0,1,5.47,0
tx_02344,6846,8.831565879121063,5712,0.25,17,1,2,-1,0,0,0,1.62,0
tx_02345,3856,8.257644958208228,4900,0.1,17,1,1,-1,1,0,0,0.44,0
tx_02346,9078,9.113719333371757,5311,0.4,20,0,1,1,-1,0,0,8.42,0
tx_02347,2454,7.805882040228621,5814,0.3,14,0,0,1,-1,1,0,1758.85,0
tx_02348,13597,9.517678002086406,4829,0.8,15,0,4,0,1,0,0,1.61,0
tx_02349,3344,8.11522197256233,5691,0.35,11,1,1,1,1,0,0,11.36,0
tx_02350,19487,9.877554170509624,5691,0.35,19,1,1,-1,1,0,0,6.85,0
tx_02351,5905,8.683724062303869,5814,0.3,17,0,1,1,1,0,0,2.85,0
tx_02352,22350,10.014626341770095,5814,0.3,12,1,6,0,1,0,1,7.15,0
tx_02353,2804,7.9391588179567965,5412,0.2,3,1,1,1,1,0,0,4.2,0
tx_02354,4278,8.361474616416817,5311,0.4,19,1,1,1,1,0,0,15.02,0
tx_02355,11697,9.36717316600297,5411,0.1,7,0,2,1,1,0,0,5.52,0
tx_02356,24764,10.117186645022338,5411,0.1,8,0,0,1,1,0,0,3.13,0
tx_02357,39674,10.58847654539461,4900,0.1,2,1,3,1,1,0,0,22.09,0
tx_02358,8472,9.044639916198465,5712,0.25,5,0,1,1,1,0,0,1.37,0
tx_02359,46678,10.7510496637203,4829,0.8,3,1,1,1,1,0,0,0.91,0
tx_02360,6186,8.73020559553099,5812,0.45,2,1,4,1,1,0,1,2.42,0
tx_02361,23133,10.049058675855347,5814,0.3,0,0,1,1,1,0,0,0.58,0
tx_02362,3328,8.110427237575024,7995,0.3,7,0,1,1,1,0,0,0.78,0
tx_02363,12141,9.40442579569038,4814,0.55,18,1,1,1,1,0,0,3.72,0
tx_02364,881,6.782192056006791,5814,0.3,20,0,0,1,1,0,0,5.32,0
tx_02365,2806,7.939871576361883,4814,0.55,5,1,5,0,1,0,0,3.61,0
tx_02366,12689,9.448569560708433,5311,0.4,10,0,2,1,1,0,0,9.06,0
tx_02367,2341,7.758760544157663,4829,0.8,19,0,10,0,1,0,0,2.83,1
tx_02368,12219,9.410829232725586,4829,0.8,16,1,2,1,1,0,0,0.51,0
tx_02369,19270,9.86635665419792,4829,0.8,21,0,0,1,1,0,0,12.14,0
tx_02370,5059,8.52912176228151,4121,0.2,10,1,1,1,1,0,0,4.48,0
tx_02371,3244,8.08487062913819,5968,0.7,4,0,2,1,-1,1,0,533.43,0
tx_02372,5191,8.554874258383926,4121,0.2,3,0,6,1,0,0,0,10.49,0
tx_02373,3254,8.08794755464267,5411,0.1,17,1,1,1,1,0,0,18.15,0
tx_02374,7398,8.90910013492555,5812,0.45,0,0,3,1,1,0,0,1.71,0
tx_02375,8975,9.102309627762478,7995,0.3,11,0,2,1,1,0,0,1.19,0
tx_02376,6090,8.714567550836485,5968,0.7,8,0,8,0,1,0,0,4.45,0
tx_02377,39967,10.595834412925305,4814,0.55,22,0,2,1,1,1,1,3685.14,1
tx_02378,4112,8.321907968230423,7995,0.3,23,0,5,0,-1,0,0,22.14,1
tx_02379,30547,10.327054496008275,5812,0.45,11,0,1,1,-1,0,0,9.15,0
tx_02380,3029,8.016317898503415,4829,0.8,13,0,0,1,1,0,0,5.92,0
tx_02381,8728,9.07440609473535,5412,0.2,9,0,1,1,-1,0,0,1.15,0
tx_02382,25062,10.129147933974613,6011,0.85,18,0,2,1,1,0,0,2.12,0
tx_02383,23860,10.080000605922026,5411,0.1,7,0,3,1,1,0,0,0.71,0
tx_02384,5464,8.60611940061064,4829,0.8,17,0,1,-1,0,0,0,1.86,0
tx_02385,13801,9.532568788180548,6011,0.85,21,1,2,1,1,0,0,6.17,0
tx_02386,12153,9.4054136126953,7995,0.3,4,1,5,-1,1,0,0,8.51,0
tx_02387,4877,8.492490578775866,7995,0.3,5,0,0,1,0,0,0,10.7,0
tx_02388,14623,9.590419293693932,7995,0.3,9,0,1,1,1,0,0,12.41,0
tx_02389,47788,10.774550766473594,6011,0.85,19,1,4,1,1,0,0,9.81,0
tx_02390,12750,9.453364978883542,5412,0.2,15,1,4,-1,0,0,0,2.41,0
tx_02391,13950,9.543306469268108,4829,0.8,4,1,7,1,0,0,0,1.98,0
tx_02392,15425,9.643809676493944,5712,0.25,8,0,5,0,1,0,0,23.57,0
tx_02393,2033,7.617759576608505,4900,0.1,15,1,3,1,1,0,0,3.1,0
tx_02394,12612,9.442483307087192,5412,0.2,23,1,9,0,1,0,0,3.27,0
tx_02395,3100,8.03947991910045,5812,0.45,10,0,3,0,0,0,0,4.3,0
tx_02396,4651,8.445052513638554,7995,0.3,1,0,0,1,1,0,0,0.83,0
tx_02397,63514,11.059031377457561,5311,0.4,2,1,0,1,1,0,0,3.98,0
tx_02398,6403,8.764678074116606,4900,0.1,0,1,1,1,0,0,0,0.76,0
tx_02399,4032,8.302265794873367,5814,0.3,3,1,1,-1,1,0,0,10.54,0
tx_02400,24346,10.100163917635166,4121,0.2,9,1,0,1,1,1,0,2656.91,0
tx_02401,3311,8.10530751550515,5691,0.35,6,1,0,1,1,0,0,2.46,0
tx_02402,5325,8.580355766373877,5814,0.3,7,1,6,0,1,0,0,0.5,0
tx_02403,26683,10.191819413829405,5691,0.35,18,0,1,1,1,0,0,7.28,0
tx_02404,8483,9.045937315684574,5411,0.1,11,0,2,1,0,0,0,87.55,0
tx_02405,1848,7.522400231387125,5968,0.7,17,0,0,1,1,0,0,2.49,0
tx_02406,13656,9.522007489678424,5411,0.1,13,1,1,1,1,0,0,4.67,0
tx_02407,5589,8.628734566149145,5812,0.45,4,1,0,1,1,0,0,32.94,0
tx_02408,35173,10.468062452296309,5412,0.2,22,1,3,1,1,0,0,85.11,0
tx_02409,4579,8.429454277108231,4121,0.2,11,0,5,0,1,0,0,1.16,0
tx_02410,22111,10.003875726567397,5691,0.35,20,1,1,1,1,0,0,21.19,0
tx_02411,44006,10.692103991155873,4121,0.2,2,1,5,0,1,0,0,0.18,0
tx_02412,3629,8.196987927258897,7995,0.3,20,1,0,1,1,0,0,0.11,0
tx_02413,6779,8.821732380934442,5712,0.25,17,1,0,-1,1,0,1,0.58,0
tx_02414,11782,9.37441309371334,5411,0.1,5,1,3,1,1,0,0,3.17,0
tx_02415,3607,8.190908881182514,5412,0.2,19,1,3,1,1,0,0,0.45,0
tx_02416,10530,9.262078567380597,5712,0.25,17,0,0,-1,1,0,0,23.86,0
tx_02417,6578,8.791638037085997,4900,0.1,21,1,1,1,1,0,0,5.21,0
tx_02418,6453,8.772455372611907,5311,0.4,5,0,2,-1,1,0,0,10.41,0
tx_02419,8533,9.051813463747946,5411,0.1,21,1,1,1,1,0,0,3.27,0
tx_02420,8716,9.073030421011577,4900,0.1,18,1,0,1,1,0,0,2.43,0
tx_02421,9517,9.160940021681055,5814,0.3,8,0,1,1,1,0,0,4.48,0
tx_02422,4611,8.436416881388949,4814,0.55,8,1,2,0,1,0,0,51.3,0
tx_02423,4807,8.478036476215044,5968,0.7,6,0,0,1,1,0,0,6.29,0
tx_02424,7277,8.892611378172106,5311,0.4,11,1,4,1,0,0,0,6.01,0
tx_02425,7806,8.962776046120291,5691,0.35,21,1,2,1,1,0,0,1.4,0
tx_02426,5368,8.58839695042257,4829,0.8,20,0,1,1,1,0,0,1.49,0
tx_02427,11080,9.312987208936326,5411,0.1,3,0,4,0,1,1,0,1947.2,0
tx_02428,1453,7.282073658093465,5814,0.3,3,1,3,-1,1,0,1,10.36,0
tx_02429,4069,8.311398278436641,4900,0.1,1,1,1,1,1,0,0,7.32,0
tx_02430,6243,8.739376281635323,4814,0.55,14,0,2,1,1,0,0,0.46,0
tx_02431,3611,8.192016914536875,5691,0.35,7,0,3,1,1,0,1,8.48,0
tx_02432,38289,10.55294404447134,4829,0.8,18,0,2,1,0,0,0,11.74,0
tx_02433,8292,9.023167064451204,5311,0.4,18,0,6,0,1,0,0,10.05,0
tx_02434,9634,9.173157580848466,5412,0.2,4,1,0,1,1,0,0,9.82,0
tx_02435,5147,8.546363568716018,5691,0.35,16,1,0,1,1,0,1,10.12,0
tx_02436,8024,8.990316947998217,5712,0.25,18,0,5,0,1,0,0,7.69,0
tx_02437,2567,7.850882664809852,5812,0.45,23,1,8,0,1,0,0,1.0,0
tx_02438,6932,8.84404789894249,5968,0.7,17,1,7,1,1,0,1,15.82,0
tx_02439,3344,8.11522197256233,4121,0.2,8,1,3,-1,1,0,0,39.11,0
tx_02440,6258,8.7417757069247,5411,0.1,23,0,2,1,-1,0,0,22.63,0
tx_02441,716,6.57507584059962,4121,0.2,6,0,0,1,1,0,0,6.88,0
tx_02442,2789,7.933796874815411,4121,0.2,19,1,7,0,1,0,0,4.53,0
tx_02443,32725,10.39592514798884,4829,0.8,9,0,1,1,1,0,0,2.33,0
tx_02444,17927,9.794119015480764,5712,0.25,22,0,2,-1,0,0,0,0.52,0
tx_02445,28517,10.258290745842064,6011,0.85,18,1,2,1,0,0,0,15.8,0
tx_02446,30440,10.323545662947193,5814,0.3,14,0,1,-1,1,0,0,0.84,0
tx_02447,15437,9.6445872815098,5812,0.45,5,1,6,1,1,1,0,3797.22,1
tx_02448,5297,8.575084669832014,5814,0.3,4,1,1,1,-1,0,0,3.14,0
tx_02449,3041,8.020270472819238,4829,0.8,22,0,6,0,1,0,0,22.37,0
tx_02450,24211,10.094603657011579,5968,0.7,19,1,3,0,1,0,1,10.99,1
tx_02451,8660,9.066585468331045,6011,0.85,12,1,6,0,1,0,1,2.37,0
tx_02452,87072,11.374502126265279,4814,0.55,21,0,4,1,1,0,0,4.32,0
tx_02453,5758,8.658519127506672,5412,0.2,18,0,1,1,1,0,0,3.86,0
tx_02454,53073,10.879442445131593,5968,0.7,9,1,0,1,0,0,0,10.47,0
tx_02455,7018,8.856376036730422,5412,0.2,19,1,0,1,-1,0,0,1.47,0
tx_02456,28982,10.274464730185619,5968,0.7,19,1,6,1,1,0,0,7.05,0
tx_02457,40824,10.617049917838665,7995,0.3,11,0,0,1,1,0,0,3.88,0
tx_02458,3082,8.03365842788615,5412,0.2,0,0,1,1,1,0,1,93.73,0
tx_02459,5138,8.54461378699223,4121,0.2,17,1,4,1,0,1,0,3573.92,0
tx_02460,3053,8.024207485778577,5311,0.4,8,1,6,0,0,0,0,21.52,0
tx_02461,2532,7.837159650001675,4900,0.1,8,0,2,-1,0,0,0,2.98,0
tx_02462,15350,9.638935897473202,5412,0.2,17,1,1,1,1,0,0,4.44,0
tx_02463,6757,8.818482267274236,5712,0.25,19,1,3,0,1,0,0,25.23,0
tx_02464,8561,9.055089086704891,5412,0.2,2,0,5,0,1,0,0,9.58,0
tx_02465,13816,9.53365499705667,4829,0.8,19,1,2,1,1,0,0,4.34,0
tx_02466,1395,7.241366283322318,5311,0.4,7,1,1,1,1,0,0,3.25,0
tx_02467,27656,10.227634139466703,5812,0.45,13,0,1,-1,1,0,0,26.36,0
tx_02468,5846,8.67368398817567,4121,0.2,20,1,4,0,1,0,0,3.24,0
tx_02469,13507,9.511037381505458,4829,0.8,5,0,3,1,1,0,0,3.23,0
tx_02470,14689,9.594922269167922,6011,0.85,5,0,0,1,0,0,0,2.2,0
tx_02471,29954,10.307451534518025,4814,0.55,23,1,6,0,1,0,0,43.47,0
tx_02472,7373,8.90571557879409,5411,0.1,8,0,0,1,1,0,1,1.1,0
tx_02473,1083,6.988413181999592,4829,0.8,22,1,1,1,1,0,0,7.0,0
tx_02474,8599,9.0595174822416,4814,0.55,8,1,1,1,1,0,0,7.41,0
tx_02475,9856,9.19593714166544,5411,0.1,14,1,10,0,1,0,0,1.18,0
tx_02476,3049,8.022896869601457,5691,0.35,12,0,1,1,0,0,1,3.58,0
tx_02477,9370,9.145375093123823,4829,0.8,23,1,2,-1,1,0,0,3.17,0
tx_02478,5780,8.662331957082475,4814,0.55,13,0,3,1,0,0,1,2.4,0
tx_02479,2275,7.730174795246222,4814,0.55,12,0,8,0,1,0,0,5.63,1
tx_02480,15415,9.643161210094203,5812,0.45,11,0,1,1,1,1,0,2421.22,1
tx_02481,4768,8.469891918298224,6011,0.85,9,1,9,0,0,0,0,3.51,0
tx_02482,5536,8.619208116822968,4829,0.8,10,1,6,0,1,0,0,55.14,0
tx_02483,5249,8.565983355585669,5311,0.4,11,0,1,1,1,0,0,2.25,0
tx_02484,26341,10.178919902558992,5311,0.4,18,1,3,1,1,0,0,6.77,0
tx_02485,7835,8.966483779064431,5411,0.1,1,1,2,-1,1,0,0,5.74,0
tx_02486,8781,9.080459451121662,4900,0.1,12,0,3,0,0,0,0,10.3,0
tx_02487,5359,8.586719254064848,4121,0.2,13,1,2,1,-1,0,0,6.4,0
tx_02488,12643,9.444938073335509,5691,0.35,18,1,8,1,1,0,0,1.82,0
tx_02489,29349,10.287047825256243,5411,0.1,15,1,1,-1,0,0,0,10.84,0
tx_02490,15073,9.620726684403415,5311,0.4,10,0,9,0,1,0,0,5.08,0
tx_02491,15642,9.657778811561771,4900,0.1,2,0,2,1,1,0,0,16.11,0
tx_02492,14488,9.581145019820722,7995,0.3,8,1,1,1,1,0,1,12.73,0
tx_02493,2195,7.694392802629421,5712,0.25,6,0,5,1,1,1,0,4709.23,0
tx_02494,3543,8.173011311724972,5411,0.1,4,1,1,0,1,0,1,15.22,0
tx_02495,6704,8.81060879571578,4829,0.8,17,1,3,0,1,0,0,2.52,0
tx_02496,4087,8.31581113188354,5968,0.7,11,1,0,1,1,0,0,5.55,0
tx_02497,2963,7.994294986415977,6011,0.85,19,0,1,1,-1,1,0,1977.87,0
tx_02498,1376,7.227662498728654,4121,0.2,3,1,2,1,0,0,0,6.59,0
tx_02499,2266,7.726212650507529,7995,0.3,23,1,1,1,0,0,0,1.97,0
tx_02500,6383,8.761550139129644,5812,0.45,11,1,2,-1,0,0,0,1.43,0
tx_02501,7625,8.939318740417509,4814,0.55,6,1,6,0,0,0,1,12.56,0
tx_02502,3834,8.251924713801357,5814,0.3,8,0,0,1,1,0,0,2.56,0
tx_02503,8779,9.080231686629162,4814,0.55,20,0,6,1,1,0,1,4.66,0
tx_02504,5394,8.593227877692234,4121,0.2,17,1,0,1,0,0,0,26.93,0
tx_02505,22953,10.041247492240613,4814,0.55,4,0,5,1,1,0,0,1.81,0
tx_02506,6986,8.85180655855245,5412,0.2,23,0,2,1,1,0,0,20.54,0
tx_02507,15783,9.66675204770245,5712,0.25,3,1,7,1,1,0,0,1.49,1
tx_02508,9880,9.198369000194964,5411,0.1,6,0,3,-1,1,0,0,20.89,0
tx_02509,2150,7.67368812926773,4814,0.55,17,1,1,1,1,0,0,6.09,0
tx_02510,7473,8.91918561004543,4829,0.8,12,1,4,0,1,0,0,0.64,0
tx_02511,2518,7.831617276352611,5968,0.7,10,0,2,1,0,0,0,1.15,0
tx_02512,7350,8.902591637374087,7995,0.3,22,0,1,1,1,0,1,1.77,0
tx_02513,4013,8.297543529356284,5814,0.3,19,0,6,0,1,0,0,5.82,0
tx_02514,11708,9.368113055848724,4814,0.55,23,1,4,0,-1,0,0,19.13,0
tx_02515,2275,7.730174795246222,5968,0.7,6,0,2,0,1,0,0,7.9,0
tx_02516,8260,9.019300924562506,5812,0.45,20,1,3,1,1,0,0,1.76,0
tx_02517,14030,9.549024446393997,5691,0.35,5,1,4,1,0,0,0,28.08,0
tx_02518,19291,9.867445781188863,4829,0.8,19,0,1,1,1,0,0,4.6,0
tx_02519,3941,8.279443487712665,7995,0.3,13,1,0,1,1,0,0,1.65,0
tx_02520,8284,9.022201929860664,5412,0.2,14,1,1,1,1,0,0,4.31,0
tx_02521,9702,9.1801903950253,4121,0.2,2,1,0,1,-1,0,1,5.01,0
tx_02522,35417,10.474975444468745,4829,0.8,21,1,2,1,1,0,0,1.78,0
tx_02523,1994,7.598399329323964,5411,0.1,6,1,4,1,1,0,0,15.52,0
tx_02524,3428,8.14002395246292,4121,0.2,14,0,2,1,1,0,0,3.21,0
tx_02525,116939,11.669416261729662,5311,0.4,3,1,2,1,-1,0,0,1.83,0
tx_02526,6284,8.745921121024347,5412,0.2,22,0,8,0,1,0,0,10.3,0
tx_02527,1351,7.20934025660291,7995,0.3,7,1,0,-1,1,0,0,7.97,0
tx_02528,4683,8.451907724717607,4814,0.55,18,1,1,1,1,0,0,12.74,0
tx_02529,587,6.376726947898627,5712,0.25,18,0,2,1,-1,0,0,12.4,0
tx_02530,10240,9.234154550075438,6011,0.85,13,1,2,0,1,0,0,2.24,0
tx_02531,17579,9.774517171239168,5968,0.7,2,1,3,1,1,0,0,4.31,0
tx_02532,3426,8.139440521874608,6011,0.85,6,1,11,0,1,0,0,0.33,0
tx_02533,5208,8.558143177745192,4829,0.8,14,1,4,1,0,0,0,5.83,0
tx_02534,19587,9.882672412822208,5968,0.7,12,1,5,1,1,0,0,6.61,1
tx_02535,1545,7.343426229147367,7995,0.3,14,1,2,1,1,0,0,3.89,0
tx_02536,2321,7.7501841622578365,5311,0.4,5,0,3,0,1,0,0,1.57,0
tx_02537,6558,8.788593431293735,5412,0.2,12,1,1,1,1,0,0,17.6,0
tx_02538,3986,8.290794347381356,5691,0.35,2,0,1,1,1,0,0,1.16,0
tx_02539,6161,8.726156679156613,5412,0.2,11,0,0,1,0,0,0,30.06,0
tx_02540,2452,7.8050670442584895,5311,0.4,2,0,2,1,1,0,0,0.8,0
tx_02541,9984,9.208839245849916,7995,0.3,15,1,3,-1,1,0,0,3.6,0
tx_02542,7068,8.863474306170954,7995,0.3,13,0,2,1,1,0,0,0.32,0
tx_02543,13724,9.526974266377731,5411,0.1,20,1,1,1,1,0,0,2.0,0
tx_02544,9853,9.195632743103909,5968,0.7,11,1,2,1,1,0,0,6.62,0
tx_02545,9912,9.201602306032898,5411,0.1,3,1,2,1,1,0,0,7.22,0
tx_02546,2061,7.631431664576906,5968,0.7,5,1,6,0,-1,0,0,3.71,0
tx_02547,13006,9.47324295306374,5712,0.25,19,0,5,0,-1,0,0,2.71,0
tx_02548,5948,8.690978417187905,5412,0.2,22,1,1,1,1,1,0,3478.12,1
tx_02549,6953,8.847072312567807,4814,0.55,1,1,0,1,1,0,0,4.48,0
tx_02550,22049,10.001067880874992,5812,0.45,16,1,2,1,1,0,0,148.57,0
tx_02551,4112,8.321907968230423,5311,0.4,11,1,1,1,-1,0,0,31.18,0
tx_02552,29401,10.288817978223912,4900,0.1,6,1,4,1,1,0,0,2.22,0
tx_02553,32126,10.377452077068984,4829,0.8,12,1,0,1,1,0,0,2.76,0
tx_02554,16652,9.720345659358271,7995,0.3,22,1,1,1,1,0,1,34.49,0
tx_02555,3209,8.07402621612406,4814,0.55,4,0,1,1,1,0,0,0.93,0
tx_02556,1021,6.92951677076365,5968,0.7,20,1,1,1,1,0,0,26.63,0
tx_02557,22699,10.030120203469494,6011,0.85,2,1,4,1,1,0,0,4.32,0
tx_02558,9054,9.111072370317514,4121,0.2,17,0,0,1,1,0,0,0.25,0
tx_02559,4013,8.297543529356284,5712,0.25,1,1,10,0,1,0,0,1.27,0
tx_02560,24836,10.120089755806916,5712,0.25,1,0,1,1,1,0,0,3.72,0
tx_02561,3593,8.187021067343505,5411,0.1,0,1,0,1,1,0,0,2.67,0
tx_02562,5444,8.602453035367061,5812,0.45,19,0,1,1,1,0,0,2.09,0
tx_02563,13411,9.50390510758612,5411,0.1,13,1,2,1,1,0,0,0.84,0
tx_02564,2828,7.947678571301568,5412,0.2,16,1,2,1,1,0,0,4.75,0
tx_02565,7341,8.90136656405678,5412,0.2,3,0,3,1,-1,0,0,30.94,0
tx_02566,22922,10.039896052315676,5968,0.7,22,0,3,1,1,0,0,30.07,0
tx_02567,9954,9.205830216498297,5712,0.25,19,1,6,1,1,0,0,21.09,0
tx_02568,26641,10.190244196911408,5411,0.1,11,1,7,1,1,0,0,4.0,0
tx_02569,23911,10.082135703963774,6011,0.85,21,0,0,1,1,0,0,21.31,0
tx_02570,8205,9.012620873002131,5968,0.7,3,1,2,1,1,0,0,0.75,0
tx_02571,885,6.786716950605081,7995,0.3,7,0,5,1,-1,0,0,10.36,0
tx_02572,2849,7.955074273262696,5814,0.3,1,0,1,-1,1,0,0,33.49,0
tx_02573,16820,9.730383384791782,5411,0.1,3,0,10,0,1,0,0,12.07,0
tx_02574,1868,7.533158807455563,5814,0.3,20,0,1,-1,0,0,0,0.71,0
tx_02575,5972,8.695004592732307,5311,0.4,9,0,0,-1,0,0,0,1.69,0
tx_02576,11234,9.326789184619429,4900,0.1,15,0,1,1,1,0,0,2.27,0
tx_02577,32901,10.401288725179366,5412,0.2,21,0,2,1,1,0,0,1.35,0
tx_02578,4717,8.45914025996762,7995,0.3,18,0,0,1,1,0,0,3.34,0
tx_02579,4420,8.394121193826242,5691,0.35,9,0,5,1,1,0,0,4.39,0
tx_02580,7749,8.955448122347393,5411,0.1,8,0,4,0,1,0,0,3.76,0
tx_02581,11368,9.338645632129106,5412,0.2,2,0,5,0,1,0,0,1.68,0
tx_02582,7035,8.85879510585745,5311,0.4,19,0,4,1,0,0,0,18.69,0
tx_02583,22070,10.002019808600375,5812,0.45,23,1,10,0,1,0,0,3.97,0
tx_02584,3812,8.246171559857563,5311,0.4,12,0,0,1,1,0,0,0.89,0
tx_02585,9130,9.11943049661634,5691,0.35,11,0,2,1,1,0,0,2.89,0
tx_02586,12433,9.428189934829282,5411,0.1,20,1,3,1,0,0,0,2.53,0
tx_02587,5569,8.62515033292133,5311,0.4,8,0,2,-1,1,0,0,0.56,0
tx_02588,18086,9.802948727157515,7995,0.3,9,1,0,1,1,0,0,3.12,0
tx_02589,9383,9.146761390333312,5311,0.4,21,0,0,1,1,0,0,23.08,0
tx_02590,17233,9.754639455799712,4121,0.2,9,0,0,1,1,0,0,3.65,0
tx_02591,9794,9.189627330378642,5411,0.1,22,0,4,0,1,0,0,3.96,0
tx_02592,11646,9.362803915102651,5691,0.35,3,1,5,0,1,0,0,9.57,0
tx_02593,4467,8.404696160189092,4814,0.55,11,0,1,1,1,0,0,2.42,0
tx_02594,4474,8.406261630708956,5311,0.4,11,0,2,-1,1,0,0,1.34,0
tx_02595,26065,10.168387062090664,4829,0.8,7,1,4,1,1,0,0,11.48,0
tx_02596,14897,9.608982254736222,5691,0.35,23,1,2,-1,1,0,0,4.83,0
tx_02597,3082,8.03365842788615,5814,0.3,11,1,2,1,0,0,1,0.63,0
tx_02598,9672,9.177093778182547,7995,0.3,21,0,6,0,1,0,0,8.09,0
tx_02599,854,6.75110146893676,5411,0.1,5,0,1,-1,0,0,0,7.24,0
tx_02600,4722,8.460199469896118,6011,0.85,8,1,4,0,1,0,0,0.61,0
tx_02601,20295,9.918179101279117,4900,0.1,11,1,1,1,0,0,0,0.28,0
tx_02602,7232,8.886409166849282,5814,0.3,13,1,4,0,1,0,0,2.22,0
tx_02603,9111,9.117347505127018,5691,0.35,5,0,2,1,1,1,0,4165.56,1
tx_02604,464,6.142037405587356,5814,0.3,7,1,1,1,1,0,0,85.58,0
tx_02605,5611,8.632662441222351,5814,0.3,14,1,3,1,1,0,0,30.43,0
tx_02606,11232,9.326611153641569,5691,0.35,6,0,1,1,-1,0,0,2.0,0
tx_02607,12673,9.447307929883463,4900,0.1,18,1,2,1,0,0,0,1.83,0
tx_02608,20321,9.919459322045826,5691,0.35,11,0,0,1,1,0,0,1.04,0
tx_02609,6670,8.805525052709516,5968,0.7,23,0,6,1,-1,0,0,1.12,0
tx_02610,6959,8.847934753328465,7995,0.3,5,1,2,1,1,0,0,10.42,0
tx_02611,2298,7.740229524763182,6011,0.85,20,0,4,0,1,0,0,39.73,0
tx_02612,6707,8.8110561229431,4829,0.8,11,0,2,1,0,0,0,3.66,0
tx_02613,2457,7.80710329012598,5712,0.25,2,1,1,1,1,0,0,2.57,0
tx_02614,1408,7.25063551189868,4814,0.55,16,0,1,1,1,0,0,1.63,0
tx_02615,2905,7.974532844130228,5812,0.45,5,0,4,1,1,0,0,3.82,0
tx_02616,34147,10.438459298130198,7995,0.3,3,0,2,1,1,0,0,1.76,0
tx_02617,6299,8.748304912379623,4121,0.2,12,0,3,1,1,0,0,0.91,0
tx_02618,10037,9.214133170214879,5812,0.45,18,1,4,0,1,0,0,6.15,0
tx_02619,5001,8.517593111437565,7995,0.3,6,1,1,-1,1,0,0,1.89,0
tx_02620,1486,7.304515946460155,5968,0.7,14,1,0,1,1,0,0,2.64,0
tx_02621,19821,9.894547710966654,5411,0.1,0,1,3,1,-1,0,0,5.04,0
tx_02622,1034,6.942156705699469,4814,0.55,4,1,2,1,1,0,0,0.41,0
tx_02623,4808,8.478244441277663,6011,0.85,18,0,1,1,1,0,0,0.79,0
tx_02624,7733,8.953381472167242,6011,0.85,0,1,0,1,1,0,0,5.8,0
tx_02625,10139,9.224243277145174,5712,0.25,8,1,0,1,-1,0,0,1.23,0
tx_02626,4085,8.315321775377567,7995,0.3,12,1,1,1,1,0,0,5.25,0
tx_02627,1421,7.259819610363186,4121,0.2,1,0,1,1,1,0,0,2.05,0
tx_02628,3805,8.244334047856094,5712,0.25,23,1,10,0,1,0,0,6.92,0
tx_02629,3999,8.294049640102028,4121,0.2,12,0,3,1,1,0,0,0.73,0
tx_02630,3908,8.271036865792954,7995,0.3,8,0,4,1,1,0,0,1.83,0
tx_02631,20470,9.926764529440621,5812,0.45,23,1,0,-1,1,0,0,33.94,0
tx_02632,2572,7.8528278122817445,6011,0.85,13,1,0,1,1,0,0,7.71,0
tx_02633,10841,9.291182759820284,5691,0.35,16,1,1,1,1,0,0,15.07,0
tx_02634,9467,9.155672970633875,4814,0.55,2,0,2,1,1,0,0,5.0,0
tx_02635,20284,9.917636975640548,4121,0.2,3,1,1,1,1,0,1,1.08,0
tx_02636,7177,8.878776071707552,5311,0.4,1,1,2,1,1,0,0,2.04,0
tx_02637,17270,9.756784073343919,5814,0.3,12,1,3,1,1,0,0,2.26,0
tx_02638,6916,8.841737428600585,4829,0.8,20,0,1,1,1,0,0,2.27,0
tx_02639,12306,9.417923485172336,5968,0.7,21,1,1,1,-1,0,1,23.82,0
tx_02640,1953,7.577633832602728,4900,0.1,13,0,1,1,1,0,0,3.77,0
tx_02641,664,6.499787040655854,5412,0.2,1,1,1,1,1,0,0,0.93,0
tx_02642,11659,9.363919459904483,4829,0.8,15,1,2,1,1,0,0,2.19,0
tx_02643,12269,9.414912537704957,5412,0.2,15,1,1,1,1,0,0,8.05,0
tx_02644,12796,9.456966047437597,5412,0.2,14,0,3,0,1,0,0,0.8,0
tx_02645,4947,8.506738733512378,4121,0.2,17,0,0,1,1,0,0,18.27,0
tx_02646,33537,10.420434403307056,5691,0.35,13,0,7,1,1,0,0,28.34,0
tx_02647,5262,8.56845648535378,5968,0.7,16,1,3,1,-1,0,0,1.8,0
tx_02648,12149,9.405084448768694,7995,0.3,11,1,1,1,1,0,0,9.31,0
tx_02649,14329,9.570110520822217,5311,0.4,3,0,1,1,1,0,0,15.39,0
tx_02650,41688,10.637992584019639,6011,0.85,1,1,1,1,1,0,1,1.45,1
tx_02651,6027,8.704170559746386,6011,0.85,21,1,1,1,1,0,0,2.98,0
tx_02652,4379,8.384804003370492,7995,0.3,10,1,3,1,0,0,1,3.55,0
tx_02653,1962,7.5822291942764615,5411,0.1,7,0,2,1,1,0,0,7.72,0
tx_02654,35594,10.479960457537974,5968,0.7,7,0,11,0,0,0,0,28.44,1
tx_02655,12155,9.405578154036684,5691,0.35,1,0,2,1,1,0,0,3.59,0
tx_02656,12526,9.435641593844192,4121,0.2,22,0,1,1,1,0,0,0.79,0
tx_02657,157320,11.96604358299643,4900,0.1,1,1,8,0,1,0,0,0.59,0
tx_02658,11092,9.314069557738659,5812,0.45,5,0,0,1,1,0,0,1.94,0
tx_02659,2364,7.768533300926033,4829,0.8,10,1,1,1,1,0,1,3.45,0
tx_02660,6762,8.81922185757494,5412,0.2,8,0,3,1,1,1,0,2481.41,1
tx_02661,3226,8.079308192051961,5814,0.3,0,0,1,1,-1,0,0,0.6,0
tx_02662,5592,8.629271094821588,4829,0.8,7,1,2,1,1,0,0,3.89,0
tx_02663,5556,8.622813673279921,5412,0.2,18,0,3,0,1,0,0,28.59,0
tx_02664,4663,8.447628728030327,4900,0.1,6,0,2,0,1,0,0,7.78,0
tx_02665,2168,7.682021510826875,5691,0.35,20,1,2,1,1,0,0,1.09,0
tx_02666,36977,10.518078420190298,4900,0.1,8,0,5,0,0,0,0,5.92,0
tx_02667,10819,9.289151552400472,7995,0.3,0,1,6,0,-1,0,0,4.5,0
tx_02668,6575,8.791181936736017,4814,0.55,2,0,0,1,1,0,0,21.25,0
tx_02669,16729,9.72495879398087,7995,0.3,19,0,0,1,-1,0,0,11.34,0
tx_02670,12742,9.452737380212278,5968,0.7,9,0,0,1,1,0,1,6.56,0
tx_02671,10584,9.267193183568965,5968,0.7,23,0,1,1,1,0,0,9.17,0
tx_02672,15614,9.65598726971718,5968,0.7,18,0,5,0,1,0,0,4.9,0
tx_02673,9250,9.132486932771318,4829,0.8,0,0,3,0,1,0,0,1.86,0
tx_02674,15396,9.641927964229918,7995,0.3,7,0,5,0,1,0,1,11.06,0
tx_02675,16658,9.720705889909716,5712,0.25,17,0,2,1,1,0,1,2.07,0
tx_02676,9507,9.159888828480085,7995,0.3,1,1,1,1,1,0,0,7.16,0
tx_02677,6606,8.795884972029885,6011,0.85,23,0,2,1,1,0,0,10.74,0
tx_02678,34858,10.459066632489291,5712,0.25,3,0,2,1,1,0,0,1.03,0
tx_02679,5173,8.551401362745974,5411,0.1,19,1,3,1,1,0,0,3.54,0
tx_02680,11813,9.37704054786718,4814,0.55,20,1,5,1,-1,0,0,29.96,0
tx_02681,12069,9.398478314091577,4814,0.55,12,1,1,1,0,0,0,22.95,0
tx_02682,4565,8.42639282708974,5411,0.1,19,0,0,1,-1,0,0,7.75,0
tx_02683,3781,8.238008249218403,5968,0.7,21,0,4,1,1,0,0,3.72,0
tx_02684,5820,8.669227347271736,5691,0.35,17,1,4,1,1,0,0,3.33,0
tx_02685,5103,8.537779825024625,5412,0.2,16,0,2,0,1,0,0,2.06,1
tx_02686,2038,7.620214770574455,4900,0.1,9,1,0,1,1,0,0,4.23,0
tx_02687,4386,8.386400901166214,5691,0.35,7,0,3,1,1,0,0,21.68,0
tx_02688,10489,9.258177701390343,5712,0.25,20,1,0,1,1,0,0,2.16,0
tx_02689,27114,10.20784235927516,7995,0.3,5,1,4,1,0,0,0,1.0,0
tx_02690,13792,9.53191649607552,5814,0.3,9,0,1,1,1,0,0,14.86,0
tx_02691,689,6.536691597591305,5712,0.25,12,0,6,0,1,0,0,2.96,0
tx_02692,14979,9.61447125707121,6011,0.85,9,0,2,1,1,0,0,1.41,0
tx_02693,4793,8.475120414994329,5411,0.1,8,0,1,1,1,0,0,4.77,0
tx_02694,12526,9.435641593844192,7995,0.3,14,0,2,1,1,0,0,3.07,0
tx_02695,8036,8.991811158212718,5411,0.1,7,1,2,1,-1,0,0,4.87,0
tx_02696,6783,8.822322177471738,4814,0.55,23,1,3,-1,1,0,1,8.23,0
tx_02697,7391,8.90815361332152,5411,0.1,4,0,1,1,1,0,0,6.99,0
tx_02698,7973,8.983941527941301,4814,0.55,9,1,0,1,1,0,0,7.81,0
tx_02699,29213,10.282403325410757,4814,0.55,20,1,1,1,1,0,0,5.31,0
tx_02700,7994,8.986571625268054,6011,0.85,11,0,3,1,-1,0,0,0.53,0
tx_02701,22844,10.036487553997372,5968,0.7,16,1,1,1,0,0,0,4.96,0
tx_02702,19892,9.898123190036978,4900,0.1,15,1,2,1,1,0,0,0.95,0
tx_02703,15350,9.638935897473202,5968,0.7,7,0,8,0,-1,0,0,1.89,0
tx_02704,1492,7.30854279753919,4121,0.2,17,1,5,0,1,0,1,1.92,0
tx_02705,23529,10.066031481721408,4900,0.1,5,0,1,1,0,0,0,8.88,0
tx_02706,5272,8.57035473953047,5812,0.45,17,0,8,0,1,0,0,0.52,0
tx_02707,16076,9.68514495816296,5311,0.4,3,1,2,1,0,0,0,3.52,0
tx_02708,3233,8.081475040137052,5814,0.3,16,0,1,1,0,0,0,3.99,0
tx_02709,2642,7.879669914604289,6011,0.85,2,0,0,1,1,0,1,11.32,0
tx_02710,53249,10.882753083571671,4121,0.2,20,1,1,1,1,0,0,5.03,0
tx_02711,3281,8.096208271650037,4121,0.2,15,0,0,1,1,0,0,8.59,0
tx_02712,24197,10.094025264101424,7995,0.3,0,0,1,-1,1,0,0,5.12,0
tx_02713,9115,9.117786390365575,5691,0.35,2,1,1,1,1,0,0,34.75,0
tx_02714,5465,8.606302366488013,5691,0.35,4,0,0,1,1,0,0,2.65,0
tx_02715,7805,8.96264794774056,5412,0.2,23,1,2,1,1,0,0,73.32,0
tx_02716,2366,7.769378609513984,5412,0.2,14,1,2,1,1,0,0,2.3,0
tx_02717,8039,8.992184362173012,5812,0.45,6,1,3,1,0,0,1,11.43,0
tx_02718,2912,7.976938756959434,5712,0.25,6,0,2,1,1,0,0,28.01,0
tx_02719,5594,8.629628620746026,4829,0.8,0,0,3,1,1,0,0,3.6,0
tx_02720,19618,9.884253763420828,5712,0.25,4,1,0,1,1,0,0,4.13,0
tx_02721,10370,9.246768728589734,5812,0.45,20,0,1,1,-1,0,0,0.9,0
tx_02722,1992,7.597396320212795,4814,0.55,14,0,1,1,1,0,0,263.98,0
tx_02723,18290,9.814164414575925,5411,0.1,8,0,1,-1,1,0,0,3.53,0
tx_02724,8090,8.99850761180784,5968,0.7,0,0,2,1,1,0,0,25.22,0
tx_02725,4866,8.490233009833455,5712,0.25,8,0,0,1,1,0,0,1.97,0
tx_02726,16556,9.71456425210761,4814,0.55,9,0,0,1,-1,0,0,0.86,0
tx_02727,6949,8.846496938558838,4121,0.2,2,1,3,1,1,0,0,2.17,0
tx_02728,2691,7.898039690764619,5712,0.25,14,1,2,1,1,0,0,5.81,0
tx_02729,47126,10.76060136416805,5412,0.2,15,0,0,1,1,0,0,5.41,0
tx_02730,8012,8.98882050177807,7995,0.3,23,0,4,-1,1,0,1,2.14,0
tx_02731,7539,8.927977461002001,5691,0.35,8,0,2,1,1,0,0,2.74,0
tx_02732,5543,8.620471540869739,7995,0.3,6,0,1,1,1,0,0,5.61,0
tx_02733,24988,10.126191007021934,4900,0.1,19,0,3,1,1,0,1,1.84,0
tx_02734,4947,8.506738733512378,5412,0.2,8,1,1,-1,1,0,1,2.7,0
tx_02735,1877,7.537962659768208,4814,0.55,15,0,0,1,1,0,0,1.29,0
tx_02736,4275,8.360773272144936,5712,0.25,17,0,4,-1,1,0,0,12.28,0
tx_02737,28727,10.265627535905919,4829,0.8,21,0,2,1,1,0,0,0.98,0
tx_02738,17956,9.795735290041899,5412,0.2,7,0,1,1,1,0,0,3.31,0
tx_02739,6393,8.763115329619787,5311,0.4,14,1,6,0,0,0,0,9.12,0
tx_02740,30024,10.309785646948184,4829,0.8,3,1,10,0,0,0,0,10.0,0
tx_02741,16576,9.715771471424866,4814,0.55,18,0,1,1,-1,0,0,1.23,0
tx_02742,6323,8.752107198329362,5691,0.35,1,0,8,0,1,0,0,12.39,0
tx_02743,6957,8.847647355711887,7995,0.3,16,1,5,1,0,1,0,848.54,0
tx_02744,11137,9.318117964149614,4829,0.8,5,0,1,-1,1,0,0,10.84,0
tx_02745,3696,8.215276958936633,5411,0.1,11,0,8,0,1,0,0,4.27,0
tx_02746,8180,9.009569671513699,4900,0.1,1,0,0,1,1,0,0,8.39,0
tx_02747,10919,9.298351249298896,5968,0.7,16,0,0,1,1,0,0,10.1,0
tx_02748,1640,7.403061091090091,5411,0.1,11,1,3,1,1,0,0,96.62,0
tx_02749,6804,8.825412915085566,7995,0.3,15,1,2,1,1,0,0,0.63,0
tx_02750,6107,8.717354666338522,4900,0.1,8,1,1,1,-1,0,0,8.09,0
tx_02751,21630,9.981882749963502,4814,0.55,0,1,0,1,1,0,0,11.83,0
tx_02752,1412,7.253470382684528,5712,0.25,13,1,9,0,-1,0,0,7.06,0
tx_02753,5669,8.642944396721798,5812,0.45,16,0,1,1,1,0,0,16.67,0
tx_02754,5154,8.54772239645106,7995,0.3,15,1,2,1,-1,0,0,15.65,0
tx_02755,20277,9.917291833512525,6011,0.85,6,0,0,-1,1,0,0,7.61,0
tx_02756,7815,8.96392819372262,6011,0.85,17,1,4,0,1,0,0,4.39,0
tx_02757,44867,10.711480124765114,5712,0.25,13,1,8,1,1,0,0,0.42,0
tx_02758,15280,9.634365505605258,5411,0.1,5,1,1,1,-1,0,0,67.14,0
tx_02759,5516,8.61558951327243,5412,0.2,2,1,1,1,1,0,0,0.31,0
tx_02760,10228,9.232982102457008,4814,0.55,7,1,0,1,1,0,0,11.02,0
tx_02761,5819,8.669055540725484,5412,0.2,0,0,1,1,0,0,0,7.97,0
tx_02762,18427,9.821626526055807,5411,0.1,17,1,1,1,1,0,0,1.08,0
tx_02763,2298,7.740229524763182,4121,0.2,0,0,1,1,1,0,0,80.0,0
tx_02764,3724,8.22282213081366,4829,0.8,1,1,4,1,1,1,0,672.71,0
tx_02765,12558,9.438192819018127,5691,0.35,3,0,2,-1,0,0,0,7.68,0
tx_02766,26099,10.169690593310785,5411,0.1,7,0,3,0,-1,0,0,1.12,0
tx_02767,1006,6.914730892718563,7995,0.3,0,1,1,1,1,0,1,34.01,0
tx_02768,30059,10.310950663306965,5412,0.2,15,0,1,1,1,0,0,36.92,0
tx_02769,7130,8.872206756028303,7995,0.3,3,1,1,1,1,0,0,6.53,0
tx_02770,1360,7.215975002651466,5812,0.45,19,0,2,1,1,0,0,49.17,0
tx_02771,470,6.154858094016418,4121,0.2,13,0,7,0,1,0,0,6.98,0
tx_02772,1905,7.552762084214147,4829,0.8,2,0,4,1,1,0,0,8.62,0
tx_02773,7994,8.986571625268054,5812,0.45,9,0,1,1,1,0,0,4.99,0
tx_02774,7651,8.942722330560143,5691,0.35,3,0,0,1,1,0,0,13.21,0
tx_02775,14864,9.606764735432199,5311,0.4,23,0,3,1,1,0,0,10.42,0
tx_02776,4833,8.483429561263428,5691,0.35,14,1,2,1,1,0,0,2.79,0
tx_02777,2843,7.952966790923131,6011,0.85,19,1,1,1,-1,0,0,1.33,0
tx_02778,5501,8.61286694148452,5411,0.1,8,0,2,1,0,0,0,4.09,0
tx_02779,8409,9.037176752966994,4121,0.2,3,1,3,1,1,0,0,12.4,0
tx_02780,10142,9.224539091375995,5311,0.4,5,0,12,0,0,0,0,4.17,0
tx_02781,3849,8.25582842728183,7995,0.3,10,1,5,1,-1,0,0,1.67,0
tx_02782,19178,9.861571209434837,5814,0.3,18,1,2,1,1,0,0,4.68,0
tx_02783,4514,8.415160465851086,5968,0.7,10,1,7,1,1,0,0,1.25,0
tx_02784,3565,8.179199798423086,6011,0.85,22,0,3,-1,1,0,0,2.62,0
tx_02785,4865,8.490027523343468,4814,0.55,8,0,9,1,0,0,0,0.57,0
tx_02786,22613,10.026324462495191,4900,0.1,5,0,0,1,1,0,1,5.87,0
tx_02787,7180,8.879193928110318,4121,0.2,11,1,0,1,1,0,0,13.01,0
tx_02788,4211,8.345692873253865,4121,0.2,2,1,2,1,1,0,0,5.26,0
tx_02789,19633,9.885018036252466,5968,0.7,16,0,9,0,1,0,0,8.16,0
tx_02790,62366,11.040791568315225,7995,0.3,2,0,2,1,0,0,0,6.11,0
tx_02791,9940,9.204422898212146,4829,0.8,15,0,0,1,0,0,0,8.93,0
tx_02792,26300,10.177362240256695,5814,0.3,9,1,7,0,1,0,0,10.32,0
tx_02793,21795,9.989481745702989,5691,0.35,8,0,2,1,1,0,0,10.58,0
tx_02794,4582,8.430109084509125,4121,0.2,14,1,0,1,-1,0,0,19.99,0
tx_02795,8354,9.030615441029495,6011,0.85,16,1,1,1,1,0,0,0.72,0
tx_02796,2408,7.786967002614872,6011,0.85,22,1,2,1,1,0,0,12.72,0
tx_02797,6704,8.81060879571578,5691,0.35,6,0,7,0,1,0,0,3.81,0
tx_02798,4493,8.410498452745275,5812,0.45,19,1,2,1,1,0,1,2.8,0
tx_02799,5555,8.622633703874234,5411,0.1,20,0,3,1,1,0,0,0.49,0
tx_02800,3995,8.293049139768444,5968,0.7,23,0,2,-1,1,0,0,0.74,0
tx_02801,6201,8.732627099660395,5412,0.2,23,1,1,1,1,0,0,2.71,0
tx_02802,13505,9.510889310134788,7995,0.3,18,1,0,1,1,0,0,1.83,0
tx_02803,7271,8.891786635857315,4121,0.2,7,1,2,1,0,0,0,16.36,0
tx_02804,1386,7.234898420314831,4829,0.8,16,1,2,1,-1,0,0,11.99,0
tx_02805,4009,8.296546520300614,7995,0.3,18,0,2,1,0,0,0,30.08,0
tx_02806,1923,7.562161631225652,5311,0.4,6,1,1,1,1,1,0,2043.12,0
tx_02807,10270,9.237079669165805,5311,0.4,19,0,4,1,1,0,0,10.86,0
tx_02808,13139,9.483416292038601,5968,0.7,16,1,0,1,1,0,1,0.75,0
tx_02809,10393,9.248983995568388,4829,0.8,11,1,6,1,1,0,0,87.27,0
tx_02810,3855,8.257385655730436,5691,0.35,20,0,0,1,1,0,0,42.76,0
tx_02811,10298,9.239802082125802,5311,0.4,2,0,1,1,0,0,0,1.83,0
tx_02812,5211,8.558718938244736,4829,0.8,16,0,3,1,1,0,1,33.84,0
tx_02813,2762,7.924072324923417,7995,0.3,18,0,2,1,1,0,0,1.25,0
tx_02814,16482,9.710084825731355,4829,0.8,0,1,4,1,1,0,0,2.21,0
tx_02815,17717,9.782336350971978,4814,0.55,9,0,1,-1,1,0,0,5.01,0
tx_02816,20063,9.906682443432647,5812,0.45,12,0,4,0,0,1,0,4371.73,1
tx_02817,4570,8.427487278331744,6011,0.85,4,0,1,1,1,0,0,10.24,0
tx_02818,24973,10.125590562675091,4814,0.55,21,0,2,0,1,0,0,19.39,1
tx_02819,5096,8.536407410340042,5812,0.45,15,1,3,1,1,0,0,0.9,0
tx_02820,15154,9.626085789491903,5691,0.35,6,1,1,-1,0,0,0,5.71,0
tx_02821,5013,8.519989278718239,5968,0.7,10,1,3,-1,1,0,0,1.51,0
tx_02822,6584,8.792549614177382,4814,0.55,2,0,0,1,1,0,0,6.89,0
tx_02823,817,6.706862336602747,7995,0.3,2,0,0,1,1,0,0,7.08,0
tx_02824,6114,8.718500048121273,5712,0.25,17,0,3,1,-1,0,0,2.31,0
tx_02825,8881,9.091782035852047,5968,0.7,23,1,2,1,1,0,0,4.07,0
tx_02826,5517,8.615770754777232,5411,0.1,6,0,4,1,1,0,1,5.61,0
tx_02827,43198,10.673572625816131,7995,0.3,5,1,4,1,1,0,0,2.18,0
tx_02828,2700,7.901377353792616,5712,0.25,16,1,2,1,1,0,0,0.66,0
tx_02829,4768,8.469891918298224,4814,0.55,12,1,7,0,0,0,0,12.56,1
tx_02830,3448,8.145839612936841,6011,0.85,3,1,1,-1,0,0,0,12.45,0
tx_02831,4768,8.469891918298224,5968,0.7,16,0,1,1,1,0,0,11.78,0
tx_02832,21699,9.98506753952855,5311,0.4,5,1,0,1,1,0,0,1.5,0
tx_02833,33167,10.409340834675561,5691,0.35,2,0,6,0,0,0,0,3.75,0
tx_02834,4186,8.339739766019143,5411,0.1,11,1,0,1,0,0,0,0.7,0
tx_02835,4098,8.318498320504338,5691,0.35,17,1,1,-1,1,0,0,60.54,0
tx_02836,2713,7.906178840394815,7995,0.3,12,0,0,1,1,0,0,1.01,0
tx_02837,28174,10.246190338907978,6011,0.85,15,1,2,1,1,0,0,22.24,0
tx_02838,23627,10.070187728427126,4900,0.1,5,1,0,1,1,0,1,1.95,0
tx_02839,7365,8.904630097005011,7995,0.3,11,0,0,1,-1,0,0,7.12,0
tx_02840,2162,7.679251425953058,5412,0.2,17,0,3,1,1,0,0,3.64,0
tx_02841,2354,7.764296006450518,5812,0.45,12,0,7,0,1,0,0,3.12,0
tx_02842,9578,9.167328481382892,5814,0.3,5,0,1,1,1,0,0,8.07,0
tx_02843,13726,9.52711997525166,5412,0.2,22,0,0,1,1,0,0,2.55,0
tx_02844,1144,7.0431599159883405,5412,0.2,1,0,1,1,1,0,0,0.71,0
tx_02845,6002,8.700014623251842,5412,0.2,21,0,4,1,-1,0,0,4.06,0
tx_02846,37894,10.542574456246129,6011,0.85,17,0,0,1,1,0,0,18.87,0
tx_02847,6625,8.798756582859841,5411,0.1,2,0,1,1,1,0,0,5.05,0
tx_02848,33534,10.420344948533838,4900,0.1,6,1,0,1,0,0,0,1.6,0
tx_02849,15090,9.62185381861855,5411,0.1,8,0,7,0,1,0,0,136.76,0
tx_02850,2908,7.975564658495202,4829,0.8,22,0,0,-1,1,0,0,5.0,0
tx_02851,6168,8.72729202920964,5411,0.1,12,0,2,1,1,0,0,1.79,0
tx_02852,7208,8.883085524404578,4814,0.55,6,0,3,1,1,0,0,65.23,0
tx_02853,3295,8.100464891029363,4814,0.55,22,1,3,-1,1,0,0,0.62,0
tx_02854,3242,8.084254106307318,5814,0.3,2,1,0,1,1,0,0,1.62,0
tx_02855,34085,10.436642021785183,4814,0.55,19,1,0,1,-1,0,0,16.88,0
tx_02856,3219,8.077136638538454,5691,0.35,19,1,2,1,0,0,0,1.59,0
tx_02857,22690,10.02972364908127,5814,0.3,9,0,3,1,1,0,0,11.9,0
tx_02858,5380,8.59062950948942,5814,0.3,1,1,0,1,1,0,0,13.87,0
tx_02859,7949,8.980927207648378,5412,0.2,21,0,1,1,1,0,0,59.28,0
tx_02860,13890,9.53899642739739,4829,0.8,23,0,2,1,1,0,0,17.73,0
tx_02861,4613,8.4368504387337,7995,0.3,9,0,5,1,1,0,0,2.86,0
tx_02862,13970,9.544739031650487,5968,0.7,4,1,4,1,1,0,0,2.05,0
tx_02863,1166,7.062191632286556,5712,0.25,6,0,1,1,1,0,0,1.39,0
tx_02864,12368,9.42294862137501,4814,0.55,3,0,2,1,0,0,0,1.3,0
tx_02865,781,6.661854740545311,4121,0.2,14,1,3,1,1,0,0,7.95,0
tx_02866,6566,8.789812386190972,5311,0.4,12,0,7,1,1,1,1,3091.59,1
tx_02867,18337,9.816730688609846,4829,0.8,8,0,4,1,0,0,0,6.01,0
tx_02868,14711,9.596418766284158,6011,0.85,15,0,2,1,0,1,1,2611.49,1
tx_02869,2372,7.771910256435763,4829,0.8,14,1,3,1,1,0,0,6.74,0
tx_02870,2681,7.894318063841624,4900,0.1,0,1,1,1,1,0,0,2.57,0
tx_02871,4234,8.351138607086154,7995,0.3,9,0,8,0,0,0,0,10.59,0
tx_02872,9721,9.1821466376054,5968,0.7,20,0,1,1,1,0,0,0.19,0
tx_02873,1182,7.075808863978387,4900,0.1,19,1,1,1,1,1,0,4456.43,1
tx_02874,8043,8.992681750892542,5411,0.1,20,1,0,1,1,0,0,5.02,0
tx_02875,10949,9.301094735244646,5691,0.35,22,1,1,1,1,0,0,2.82,0
tx_02876,6225,8.736489351001554,5812,0.45,1,0,3,0,-1,0,0,9.28,0
tx_02877,13416,9.504277838590472,7995,0.3,6,1,7,0,-1,0,0,8.45,0
tx_02878,10074,9.217812386814884,6011,0.85,11,1,2,1,1,0,0,0.95,0
tx_02879,4869,8.490849216076635,7995,0.3,12,1,0,1,1,0,0,5.98,0
tx_02880,1294,7.166265974133638,4121,0.2,18,0,1,1,-1,0,0,11.92,0
tx_02881,9246,9.132054453577638,4900,0.1,17,0,1,1,1,0,0,0.73,0
tx_02882,3294,8.100161446936607,5691,0.35,16,1,1,1,1,0,0,6.33,0
tx_02883,4702,8.455955881945048,4121,0.2,3,0,9,0,1,0,1,21.01,0
tx_02884,12840,9.460398455831275,5311,0.4,16,1,1,1,1,0,0,6.08,0
tx_02885,31308,10.351660875132662,4829,0.8,19,0,5,0,1,0,0,2.82,0
tx_02886,7856,8.969160133175821,7995,0.3,18,0,6,0,1,0,0,0.96,0
tx_02887,13788,9.531626451841742,4121,0.2,13,1,1,1,0,0,0,1.32,0
tx_02888,2065,7.633369649679584,4829,0.8,2,0,3,1,-1,0,1,3.05,0
tx_02889,10285,9.23853902633486,4829,0.8,3,1,0,1,1,0,0,12.58,0
tx_02890,7694,8.94832604627298,4829,0.8,17,0,9,0,1,0,0,10.09,0
tx_02891,26185,10.172980195787698,5691,0.35,20,0,3,1,1,0,0,3.06,0
tx_02892,4874,8.491875383431948,5411,0.1,19,0,2,1,1,0,0,1.84,0
tx_02893,6474,8.775703886567738,6011,0.85,10,1,2,1,1,0,0,2.38,0
tx_02894,22271,10.011085563134147,4900,0.1,14,0,1,1,1,0,0,19.81,0
tx_02895,7463,8.91784674252718,5691,0.35,4,0,2,1,1,0,1,0.79,0
tx_02896,2841,7.952263308657046,5812,0.45,14,0,4,0,0,0,0,5.05,0
tx_02897,91970,11.429228588948428,5712,0.25,4,0,0,1,0,0,0,2.57,0
tx_02898,2923,7.980707820869669,5968,0.7,19,0,3,1,0,0,0,10.63,0
tx_02899,7660,8.94389780251682,4829,0.8,18,1,1,1,1,0,0,3.68,0
tx_02900,11322,9.33459133431404,5691,0.35,1,1,1,1,1,0,1,1.04,0
tx_02901,10503,9.259511415982631,5968,0.7,22,0,0,1,1,0,0,31.34,0
tx_02902,6802,8.825118970345061,6011,0.85,19,0,4,1,1,0,0,6.1,0
tx_02903,6834,8.82981174915805,5712,0.25,9,0,2,-1,1,0,0,5.69,0
tx_02904,6516,8.78216942633238,5812,0.45,10,0,0,1,0,0,0,0.88,0
tx_02905,2822,7.945555428253489,6011,0.85,1,1,2,1,0,0,0,3.16,0
tx_02906,62811,11.047901417004844,5712,0.25,22,1,8,0,1,0,0,1.93,1
tx_02907,6609,8.796338932845732,7995,0.3,2,1,1,1,1,0,1,4.19,0
tx_02908,14361,9.572341108670264,4814,0.55,22,0,1,-1,1,0,0,0.49,0
tx_02909,5927,8.687442166975924,5311,0.4,15,1,4,1,1,0,0,5.43,0
tx_02910,5815,8.668368019213355,4814,0.55,22,1,1,1,1,0,0,12.63,0
tx_02911,5284,8.572627898304338,4814,0.55,8,0,2,1,0,0,1,2.41,0
tx_02912,1868,7.533158807455563,5412,0.2,21,0,2,1,-1,0,0,6.46,0
tx_02913,6992,8.852664927703866,4900,0.1,10,0,1,-1,1,0,0,1.34,0
tx_02914,5533,8.618666160346871,5411,0.1,8,0,3,-1,0,0,0,35.11,0
tx_02915,24788,10.118155285369294,5412,0.2,8,1,2,1,1,0,1,1.37,0
tx_02916,2613,7.868636894184167,5712,0.25,22,1,0,1,1,0,0,3.72,0
tx_02917,4707,8.457018468380168,7995,0.3,11,1,2,1,1,0,0,1.78,0
tx_02918,3469,8.151909872940905,5968,0.7,11,0,3,1,1,0,0,1.52,0
tx_02919,32067,10.375613927162842,5411,0.1,15,0,2,1,1,0,0,31.4,0
tx_02920,3566,8.17948018535889,5311,0.4,13,1,0,1,1,1,1,2881.58,1
tx_02921,13896,9.539428268486581,5814,0.3,12,1,1,1,1,0,0,2.6,0
tx_02922,20472,9.926862223852579,4814,0.55,9,1,4,1,1,0,1,289.07,0
tx_02923,7089,8.866440619526173,5691,0.35,3,1,1,1,1,0,0,18.05,0
tx_02924,2202,7.697575346802343,5411,0.1,23,1,2,1,0,0,0,16.3,0
tx_02925,2229,7.709756864454165,4829,0.8,11,1,4,1,1,0,0,4.87,0
tx_02926,18434,9.822006310668245,5712,0.25,23,0,0,1,1,0,0,20.18,0
tx_02927,2459,7.807916628926408,5311,0.4,11,1,1,1,1,0,0,5.62,0
tx_02928,11821,9.377717481384314,4829,0.8,14,1,1,1,1,0,0,1.48,0
tx_02929,9080,9.113939597689829,5812,0.45,13,0,2,1,1,0,0,4.72,0
tx_02930,11654,9.363490551469857,4829,0.8,23,1,7,0,1,0,0,2.85,0
tx_02931,12749,9.453286550586572,5812,0.45,2,1,2,1,1,0,0,1.1,0
tx_02932,3355,8.118505067587098,4829,0.8,12,1,1,1,-1,0,0,16.35,0
tx_02933,3224,8.078688229229872,5412,0.2,3,0,6,1,1,0,0,6.0,0
tx_02934,16064,9.68439827154996,5968,0.7,20,1,3,-1,1,0,0,4.48,0
tx_02935,4480,8.407601514786142,4900,0.1,12,0,1,1,1,0,0,39.93,0
tx_02936,597,6.393590753950631,5814,0.3,22,0,2,1,1,0,0,5.99,0
tx_02937,15085,9.621522440413576,5814,0.3,6,0,0,1,0,0,0,21.66,0
tx_02938,3043,8.020927718981577,6011,0.85,3,0,2,1,1,1,0,1722.39,0
tx_02939,12695,9.449042262206245,4829,0.8,15,0,7,0,1,0,0,1.91,0
tx_02940,30588,10.3283957461889,5814,0.3,3,0,3,0,0,0,0,4.94,0
tx_02941,8276,9.021235862885396,7995,0.3,8,1,7,0,1,0,0,5.55,1
tx_02942,20976,9.95118187839879,5814,0.3,7,0,1,1,1,0,0,7.07,0
tx_02943,9426,9.15133319139615,4829,0.8,5,1,0,1,1,0,0,16.48,0
tx_02944,36799,10.513253124157023,5968,0.7,3,0,1,1,0,0,0,380.69,0
tx_02945,2970,7.9966538754626075,4814,0.55,15,0,7,0,1,0,0,0.71,0
tx_02946,8082,8.997518369733845,5712,0.25,18,1,4,1,1,0,0,2.37,0
tx_02947,15439,9.644716823578767,5412,0.2,9,0,0,1,1,0,0,8.0,0
tx_02948,6797,8.824383730256061,5691,0.35,6,1,0,-1,1,0,0,51.55,0
tx_02949,24338,10.099835281063175,5691,0.35,3,1,2,-1,1,0,0,3.77,0
tx_02950,5403,8.59489469908009,4121,0.2,16,0,1,1,0,0,0,4.82,0
tx_02951,58167,10.971090654329894,5691,0.35,19,0,1,1,1,0,0,3.02,0
tx_02952,61161,11.021281360620167,7995,0.3,13,0,1,1,0,0,0,9.33,0
tx_02953,10648,9.273221270015384,5412,0.2,10,0,1,1,1,0,0,4.77,0
tx_02954,13769,9.5302475917227,4900,0.1,15,0,1,1,1,0,0,13.17,0
tx_02955,25267,10.137294052018591,7995,0.3,21,1,0,1,1,0,0,21.48,0
tx_02956,2637,7.87777633327726,4814,0.55,23,0,6,1,1,0,0,3.13,0
tx_02957,2342,7.759187438507795,5412,0.2,4,1,5,0,1,0,0,15.54,0
tx_02958,26870,10.198802917143304,5691,0.35,11,1,0,-1,1,0,0,2.0,0
tx_02959,10567,9.26558584620216,5412,0.2,21,1,3,-1,1,0,0,6.43,0
tx_02960,6568,8.790116892892472,6011,0.85,15,1,4,0,0,0,0,2.2,0
tx_02961,8232,9.015905747298426,5411,0.1,19,0,2,1,1,0,0,0.67,0
tx_02962,844,6.739336627357174,7995,0.3,23,1,3,1,1,0,0,14.88,0
tx_02963,6796,8.824236617346639,4121,0.2,2,1,0,1,1,0,0,1.44,0
tx_02964,3983,8.290041618704489,5814,0.3,14,0,3,1,1,0,0,2.03,0
tx_02965,19484,9.87740021777281,5712,0.25,12,1,3,1,1,0,0,3.2,0
tx_02966,20962,9.950514257963883,4900,0.1,6,1,1,1,1,0,0,48.31,0
tx_02967,14087,9.553078650176042,4900,0.1,15,1,2,0,1,0,0,34.73,0
tx_02968,11859,9.380926672551716,5814,0.3,2,0,1,1,1,0,0,0.66,0
tx_02969,1964,7.583247524303362,5712,0.25,11,0,1,1,1,0,0,1.12,0
tx_02970,14275,9.566335084610051,5712,0.25,9,1,10,0,1,0,0,47.05,0
tx_02971,14811,9.603192942033504,4121,0.2,9,1,3,1,-1,0,0,68.22,0
tx_02972,26585,10.188140040427545,5712,0.25,14,1,4,1,1,0,0,8.79,0
tx_02973,60929,11.017480943242541,7995,0.3,22,1,2,1,1,0,0,5.84,0
tx_02974,1631,7.397561535524052,4121,0.2,22,1,0,1,1,0,0,4.6,0
tx_02975,5631,8.636219897837877,5412,0.2,16,0,1,1,1,0,0,3.81,0
tx_02976,4024,8.300280189852664,5412,0.2,7,1,0,1,1,0,0,1.11,0
tx_02977,9596,9.169205828617628,6011,0.85,23,0,0,-1,1,0,0,13.37,0
tx_02978,8249,9.017968479328726,4900,0.1,23,1,0,1,1,0,1,1.6,0
tx_02979,6521,8.782936356349264,5412,0.2,20,0,0,1,0,0,1,10.84,0
tx_02980,21620,9.98142034359255,5814,0.3,20,1,2,1,1,0,0,5.16,0
tx_02981,2861,7.959275960116396,4121,0.2,19,1,1,1,1,0,0,18.43,0
tx_02982,3029,8.016317898503415,5968,0.7,18,0,3,-1,1,0,0,2.18,0
tx_02983,3078,8.0323601479245,5968,0.7,17,0,4,1,0,0,0,1.07,0
tx_02984,5784,8.663023639627777,5814,0.3,15,0,7,0,0,0,0,1.47,0
tx_02985,2535,7.8383433155571165,5812,0.45,15,1,5,0,1,0,0,4.83,0
tx_02986,7778,8.959183074206774,5814,0.3,9,1,1,1,1,0,0,4.11,0
tx_02987,6960,8.848078421168667,5814,0.3,21,0,11,0,-1,0,0,1.06,0
tx_02988,3858,8.258163361537619,6011,0.85,15,1,1,-1,1,0,0,2.61,0
tx_02989,18681,9.835315772432795,5411,0.1,14,1,2,-1,1,0,0,5.44,0
tx_02990,7697,8.948715833843691,5412,0.2,17,0,1,1,1,0,0,11.57,0
tx_02991,22352,10.014715819221838,5712,0.25,1,0,2,1,0,0,0,4.82,0
tx_02992,6767,8.81996090128606,4829,0.8,22,0,1,1,1,0,0,11.49,0
tx_02993,7960,8.982309899088579,5968,0.7,13,1,1,1,1,0,0,5.21,0
tx_02994,4772,8.470730317005897,5814,0.3,22,1,1,1,1,0,0,5.25,0
tx_02995,8091,8.998631198287637,5712,0.25,2,1,3,1,1,0,0,9.03,0
tx_02996,16023,9.681842877345654,5311,0.4,5,1,1,1,1,0,0,1.18,0
tx_02997,5510,8.614501373883236,5311,0.4,22,1,4,0,1,0,0,47.66,0
tx_02998,13329,9.497772413172754,5412,0.2,16,0,2,1,0,0,0,5.44,0
tx_02999,3763,8.23323750070527,5812,0.45,15,1,0,-1,1,0,0,4.46,0
tx_03000,16752,9.726332625693532,5814,0.3,9,0,0,1,1,0,0,6.68,0
tx_03001,4695,8.454466361507933,5812,0.45,13,1,1,1,0,0,0,19.44,0
tx_03002,18293,9.81432841621631,7995,0.3,13,1,6,0,1,0,0,8.16,0
tx_03003,8631,9.06323150693797,7995,0.3,4,1,4,1,1,0,0,10.64,0
tx_03004,34547,10.450104940400177,5812,0.45,13,1,3,1,1,0,0,5.51,0
tx_03005,2721,7.909122183211411,5411,0.1,12,0,3,-1,0,0,0,1.35,0
tx_03006,2004,7.60339933974067,5712,0.25,7,1,1,-1,1,0,0,0.22,0
tx_03007,4536,8.420021279663963,5411,0.1,8,1,9,0,1,0,0,13.4,0
tx_03008,2186,7.690286020676768,5712,0.25,18,1,0,1,1,0,0,16.62,0
tx_03009,2190,7.692113339595466,5968,0.7,16,0,1,1,1,0,0,1.18,0
tx_03010,14701,9.595738817934032,5411,0.1,11,0,0,1,1,0,0,1.02,0
tx_03011,8113,9.001346243766392,5691,0.35,14,1,1,1,1,0,0,1.22,0
tx_03012,5164,8.549660381553739,4121,0.2,5,1,4,-1,1,0,0,2.29,0
tx_03013,5640,8.637816633739977,5814,0.3,11,1,2,1,1,0,0,1.58,0
tx_03014,4618,8.437933510430605,5412,0.2,13,0,5,0,1,0,0,5.43,0
tx_03015,39067,10.573058996567367,5412,0.2,6,1,3,1,1,0,0,5.65,0
tx_03016,4050,8.30671904320269,5691,0.35,4,1,1,1,1,0,0,4.89,0
tx_03017,2320,7.749753406274437,4900,0.1,12,0,2,1,1,0,0,2.44,0
tx_03018,17351,9.761463052506711,5712,0.25,22,0,10,1,1,0,0,1.53,0
tx_03019,6636,8.800415333145924,5814,0.3,11,0,1,1,1,0,1,0.77,0
tx_03020,56501,10.942031314738118,5311,0.4,21,1,1,-1,1,0,0,2.27,0
tx_03021,4941,8.505525386548555,4814,0.55,20,1,2,1,1,0,0,9.62,0
tx_03022,18194,9.80890211004626,5411,0.1,17,0,2,1,0,0,0,0.64,0
tx_03023,22771,10.033286990070973,4829,0.8,21,0,1,1,1,0,0,4.13,0
tx_03024,4964,8.510168576479273,5411,0.1,9,0,5,0,0,0,0,1.26,0
tx_03025,4021,8.299534570332597,5712,0.25,18,1,1,1,-1,0,0,0.94,0
tx_03026,16473,9.709538659501193,4814,0.55,3,0,2,1,-1,0,1,14.33,0
tx_03027,14063,9.551373619924957,5814,0.3,7,0,0,1,1,1,0,4013.73,1
tx_03028,2133,7.665753431861699,4900,0.1,13,0,8,0,1,0,0,8.2,0
tx_03029,2788,7.933438387627489,6011,0.85,0,0,1,-1,1,0,0,1.08,0
tx_03030,732,6.597145701886651,5814,0.3,18,0,4,-1,1,0,0,12.31,0
tx_03031,14340,9.570877846729212,4900,0.1,22,1,2,1,1,0,0,11.01,0
tx_03032,6351,8.756525002926972,5691,0.35,2,0,3,1,1,0,0,49.77,0
tx_03033,6982,8.851233902846035,4814,0.55,23,0,2,1,1,0,0,2.39,0
tx_03034,1633,7.3987862754199485,4814,0.55,2,1,2,1,1,0,0,7.12,0
tx_03035,2870,7.962415680121064,7995,0.3,3,0,1,1,0,0,0,1.56,1
tx_03036,5172,8.551208070003515,5968,0.7,18,1,2,1,1,0,0,0.46,0
tx_03037,4300,8.366602832783736,4829,0.8,16,0,5,1,1,0,0,0.5,0
tx_03038,9110,9.117237753713859,4900,0.1,22,0,1,1,1,0,1,4.88,0
tx_03039,14178,9.559517275737559,4829,0.8,10,1,1,1,1,0,0,1.87,0
tx_03040,70355,11.161323346752216,5411,0.1,13,1,0,-1,0,0,0,8.51,0
tx_03041,7992,8.98632143762602,5311,0.4,3,1,4,1,1,0,0,9.91,0
tx_03042,23501,10.064840802893887,5311,0.4,16,0,2,1,1,0,0,4.67,0
tx_03043,3702,8.216898580913613,5691,0.35,23,1,3,1,1,0,0,0.71,0
tx_03044,1659,7.414572881350589,4829,0.8,14,0,3,1,1,0,0,1.4,0
tx_03045,5828,8.67060073804555,6011,0.85,22,0,2,1,1,0,0,6.09,0
tx_03046,1785,7.487733761436444,5814,0.3,9,1,6,0,-1,0,0,6.87,0
tx_03047,8259,9.019179866515024,5814,0.3,23,0,2,1,1,0,0,6.99,0
tx_03048,3881,8.264105763728956,4829,0.8,12,1,1,1,0,0,0,12.99,0
tx_03049,1272,7.149131598557407,5812,0.45,3,0,2,-1,0,0,0,3.44,0
tx_03050,42378,10.654408235508033,5968,0.7,8,0,2,1,1,0,0,5.91,0
tx_03051,4888,8.494743062578646,4829,0.8,11,0,1,1,1,0,0,8.97,0
tx_03052,1719,7.450079569807499,5814,0.3,1,1,1,1,1,0,0,14.67,0
tx_03053,19119,9.858490186605392,5411,0.1,21,0,1,1,1,0,0,4.52,0
tx_03054,4076,8.313116702819253,5968,0.7,5,1,3,1,1,0,0,4.33,0
tx_03055,22944,10.040855326828934,5412,0.2,16,0,0,1,0,0,0,6.65,0
tx_03056,4058,8.308691916838898,5968,0.7,22,1,2,1,1,0,1,4.86,0
tx_03057,4872,8.491465042843506,4829,0.8,10,0,2,-1,1,0,0,3.31,0
tx_03058,11302,9.33282345619073,5411,0.1,14,0,1,1,1,0,0,2.14,0
tx_03059,14310,9.568783751310876,4900,0.1,12,1,2,1,1,0,0,0.58,0
tx_03060,16903,9.735305559295893,4900,0.1,18,0,6,0,1,0,0,8.73,0
tx_03061,7479,8.919988070968524,5311,0.4,0,0,2,1,1,0,0,8.02,0
tx_03062,13458,9.507403306233716,5411,0.1,8,1,1,1,0,0,1,6.31,0
tx_03063,16540,9.713597426242222,4814,0.55,14,1,0,1,1,0,0,7.52,0
tx_03064,9855,9.1958356857733,5812,0.45,2,0,5,0,1,0,0,3.77,0
tx_03065,7113,8.8698199525084,5691,0.35,20,0,1,-1,1,0,0,43.39,0
tx_03066,2063,7.6324011266014535,5968,0.7,15,1,2,1,1,0,0,13.31,0
tx_03067,14391,9.574427775630369,5812,0.45,0,1,1,1,1,1,0,4470.37,0
tx_03068,8478,9.045347797304004,4829,0.8,0,1,0,1,1,0,1,2.08,0
tx_03069,5499,8.612503371220562,4121,0.2,3,1,2,1,1,0,0,4.3,0
tx_03070,27421,10.2191008899166,5411,0.1,15,0,5,1,0,0,0,4.3,0
tx_03071,2098,7.649216319820633,5412,0.2,12,1,1,1,0,0,0,26.29,0
tx_03072,38832,10.567025679591955,4900,0.1,11,1,1,1,1,0,0,0.39,0
tx_03073,7975,8.984192311641674,5814,0.3,13,1,0,1,1,0,0,9.66,0
tx_03074,11013,9.306922469822426,5712,0.25,11,1,9,0,1,0,0,6.0,0
tx_03075,5596,8.62998601889136,5814,0.3,8,0,2,1,1,0,0,17.36,0
tx_03076,1671,7.421775793644647,4814,0.55,0,1,2,1,1,0,0,2.53,0
tx_03077,7133,8.872627365918836,5968,0.7,0,0,3,-1,1,0,0,0.62,0
tx_03078,11194,9.323222529032856,4829,0.8,16,1,5,0,1,0,0,48.05,0
tx_03079,15484,9.647627092407303,5412,0.2,17,1,3,-1,1,0,0,4.89,0
tx_03080,6748,8.817149624743406,5412,0.2,5,0,1,1,1,0,0,15.59,0
tx_03081,1015,6.923628628138427,5968,0.7,5,1,2,1,1,0,0,3.42,0
tx_03082,1883,7.5411524551363085,4900,0.1,9,1,3,1,1,0,0,19.43,0
tx_03083,57216,10.954606336009089,4900,0.1,15,1,1,-1,1,0,0,12.55,0
tx_03084,2885,7.9676267393338165,5311,0.4,14,0,8,0,1,0,0,21.49,0
tx_03085,31599,10.360912399575003,5411,0.1,13,0,4,0,-1,1,0,893.34,0
tx_03086,3354,8.118207049405783,4829,0.8,0,1,1,1,1,0,0,25.18,0
tx_03087,6849,8.83200393125627,4829,0.8,10,1,0,1,1,0,0,9.36,0
tx_03088,14752,9.599201730917567,4900,0.1,18,1,4,1,1,0,0,0.56,0
tx_03089,3737,8.226305988015508,5412,0.2,14,1,3,1,0,0,0,25.54,0
tx_03090,36967,10.517807952550102,5311,0.4,19,0,1,1,1,0,0,9.96,0
tx_03091,8753,9.07726601775084,5411,0.1,16,0,2,1,1,0,0,3.48,0
tx_03092,12619,9.443038136095204,5814,0.3,21,1,5,0,1,0,0,4.25,0
tx_03093,6317,8.75115798136203,4900,0.1,13,0,2,1,1,0,0,1.49,0
tx_03094,15229,9.631022445889208,6011,0.85,13,0,7,0,1,0,1,5.95,0
tx_03095,36498,10.505040141934996,5814,0.3,13,1,2,1,-1,0,0,9.68,0
tx_03096,7190,8.880585523102495,4829,0.8,6,1,3,1,1,0,0,5.71,0
tx_03097,42125,10.648420406245304,5311,0.4,10,1,0,1,1,0,0,6.57,0
tx_03098,4556,8.424419791263883,4829,0.8,4,0,3,1,1,0,0,2.58,0
tx_03099,16832,9.731096524419081,4900,0.1,10,0,2,1,0,0,0,1.65,0
tx_03100,12963,9.469931564261438,5411,0.1,3,0,2,1,0,0,0,5.18,0
tx_03101,2951,7.990238185720363,4814,0.55,11,0,0,1,1,0,0,6.79,0
tx_03102,9980,9.208438564686587,4121,0.2,22,0,3,1,1,0,0,3.04,0
tx_03103,8202,9.01225522000275,5412,0.2,10,1,0,1,0,0,1,8.78,0
tx_03104,3621,8.19478163844336,5812,0.45,17,1,8,0,0,0,0,14.03,0
tx_03105,11445,9.345395602969047,5311,0.4,10,1,1,1,0,0,0,16.02,0
tx_03106,9359,9.144200569471638,6011,0.85,21,0,1,1,1,0,0,2.77,0
tx_03107,7602,8.936298185228436,5411,0.1,5,1,5,1,1,0,0,0.68,0
tx_03108,7631,8.940105213128122,6011,0.85,20,0,0,1,-1,1,0,4797.35,1
tx_03109,7478,8.919854372191667,4900,0.1,17,0,1,1,1,0,0,3.52,0
tx_03110,5744,8.656085190282855,5691,0.35,21,0,3,0,1,0,0,5.11,0
tx_03111,9302,9.138092207768558,5814,0.3,3,0,0,1,1,0,0,2.78,0
tx_03112,4418,8.39366870513074,4121,0.2,21,1,2,1,1,0,0,35.32,0
tx_03113,101635,11.52915308207488,7995,0.3,21,1,1,1,1,0,0,3.01,0
tx_03114,2135,7.666690200080086,5411,0.1,7,1,0,1,1,0,1,46.99,0
tx_03115,4674,8.449984441722787,5412,0.2,14,0,5,0,1,0,0,12.65,0
tx_03116,5038,8.524962928680598,5712,0.25,14,0,3,1,1,0,0,17.55,0
tx_03117,56593,10.94365825150499,5812,0.45,1,0,0,1,0,0,0,4.25,0
tx_03118,2324,7.751475318021456,4121,0.2,12,1,6,0,0,0,0,1.83,0
tx_03119,12207,9.409846753524238,6011,0.85,15,1,1,1,1,0,0,11.51,0
tx_03120,10313,9.241257474610904,5712,0.25,4,1,1,1,1,0,0,7.5,0
tx_03121,11182,9.322150047028188,7995,0.3,8,0,1,1,1,0,0,2.71,0
tx_03122,26362,10.179716790941928,5412,0.2,14,0,4,0,1,0,0,11.65,0
tx_03123,25854,10.160259284830321,5712,0.25,22,1,0,1,1,0,0,10.05,0
tx_03124,5307,8.576970395452099,5412,0.2,1,1,0,1,1,0,0,0.63,0
tx_03125,9794,9.189627330378642,6011,0.85,22,0,6,1,1,0,0,10.44,0
tx_03126,1386,7.234898420314831,5968,0.7,19,1,1,1,0,0,0,15.79,0
tx_03127,8949,9.099408811268901,6011,0.85,20,1,1,1,0,0,0,0.8,0
tx_03128,3831,8.251142139090751,5691,0.35,1,0,1,1,1,0,0,51.76,0
tx_03129,6823,8.828201089171515,5968,0.7,13,1,8,1,1,0,0,26.68,0
tx_03130,1643,7.404887575616125,5411,0.1,8,0,2,1,1,0,0,0.63,0
tx_03131,11966,9.389908140573516,5412,0.2,22,1,1,1,0,0,0,3.22,0
tx_03132,1625,7.3938782901077555,5814,0.3,17,1,8,0,1,0,0,1.7,0
tx_03133,9377,9.146121799649531,4814,0.55,15,1,0,1,1,0,0,1.19,0
tx_03134,2540,7.840312983320164,5812,0.45,0,0,4,0,1,0,0,7.22,0
tx_03135,3634,8.19836438996762,4121,0.2,21,0,5,1,1,0,0,5.93,0
tx_03136,24396,10.10221545290255,5712,0.25,11,0,1,1,1,0,0,1.66,0
tx_03137,14238,9.563739957780994,5412,0.2,3,1,2,1,1,0,0,1.91,0
tx_03138,24268,10.096955094740336,5412,0.2,20,1,0,1,1,0,0,5.03,0
tx_03139,35843,10.48693146800411,5412,0.2,21,0,1,1,1,0,0,8.12,0
tx_03140,3909,8.271292652979412,5412,0.2,11,0,5,1,1,0,0,1.84,0
tx_03141,33833,10.429221493035238,5411,0.1,15,1,3,-1,0,0,0,5.39,0
tx_03142,2024,7.613324979540639,5412,0.2,14,0,1,1,1,0,0,9.62,0
tx_03143,16547,9.714020527581303,5691,0.35,7,0,2,1,1,0,0,14.88,1
tx_03144,5097,8.53660358493606,5814,0.3,17,0,3,1,1,0,0,7.06,0
tx_03145,3366,8.121777419161074,5691,0.35,23,1,3,0,1,0,0,6.0,0
tx_03146,14602,9.588982266040471,5712,0.25,22,0,1,1,1,0,0,3.72,0
tx_03147,19988,9.902937401230647,5968,0.7,16,0,1,1,1,0,0,3.04,0
tx_03148,19432,9.874727930864703,7995,0.3,8,0,0,-1,1,0,0,6.14,0
tx_03149,9989,9.2093398716426,4814,0.55,21,0,2,1,0,0,0,5.56,0
tx_03150,9233,9.130647603066935,5812,0.45,22,1,1,1,1,0,0,8.14,0
tx_03151,13436,9.50576737487541,4900,0.1,0,0,1,1,1,0,0,1.98,0
tx_03152,10870,9.293853972204001,4829,0.8,8,1,0,1,1,0,0,10.69,0
tx_03153,13622,9.51951481976606,5968,0.7,13,0,8,0,1,0,0,0.8,0
tx_03154,9887,9.199077179697472,4121,0.2,13,1,1,1,1,0,0,11.24,0
tx_03155,18139,9.805874723669127,5968,0.7,17,0,3,0,1,0,0,3.84,0
tx_03156,1736,7.459914766241105,5814,0.3,12,0,2,1,0,0,0,1.28,0
tx_03157,7190,8.880585523102495,7995,0.3,0,0,4,0,1,0,0,1.28,0
tx_03158,2188,7.691200097522863,5812,0.45,3,1,2,-1,1,0,0,9.58,0
tx_03159,10594,9.2681374707024,6011,0.85,18,1,1,-1,0,0,0,5.75,0
tx_03160,38755,10.565040861504896,4814,0.55,16,0,7,0,0,0,0,6.35,0
tx_03161,5192,8.555066843844319,6011,0.85,15,0,0,1,1,0,0,3.94,0
tx_03162,9192,9.126197603863755,4829,0.8,10,0,2,1,1,1,0,4056.04,0
tx_03163,16711,9.723882303236401,5311,0.4,6,0,2,1,1,0,0,5.72,0
tx_03164,1142,7.04141166379481,4814,0.55,7,0,3,1,1,0,0,4.75,0
tx_03165,4960,8.509362612301048,5411,0.1,16,1,0,1,1,0,0,1.98,0
tx_03166,11516,9.351579483668907,5814,0.3,12,1,4,1,1,0,0,0.66,0
tx_03167,520,6.255750041753367,4900,0.1,3,1,0,1,1,0,0,2.13,0
tx_03168,3220,8.0774471493312,5968,0.7,9,0,2,1,1,0,0,5.95,0
tx_03169,23179,10.051045116893743,5712,0.25,19,0,0,1,1,0,0,13.36,0
tx_03170,21121,9.95807043030642,5712,0.25,14,1,2,1,1,0,0,0.45,0
tx_03171,11623,9.36082720525012,7995,0.3,20,0,3,0,1,0,0,2.71,0
tx_03172,18831,9.843312829500057,5412,0.2,12,0,0,1,1,0,1,6.38,0
tx_03173,9992,9.209640126861789,5311,0.4,11,0,1,1,0,0,0,5.72,0
tx_03174,13805,9.53285855926342,7995,0.3,22,1,2,1,-1,1,0,2754.26,1
tx_03175,6035,8.70549681988774,5691,0.35,12,1,0,1,1,0,0,2.63,0
tx_03176,9092,9.115260165725912,5712,0.25,3,1,6,1,1,0,0,1.94,0
tx_03177,4467,8.404696160189092,5311,0.4,9,1,0,1,0,0,0,8.45,0
tx_03178,27051,10.20551621869483,4900,0.1,15,0,0,-1,0,0,0,6.5,0
tx_03179,34567,10.450683677611769,4829,0.8,8,1,1,0,0,0,1,4.51,1
tx_03180,30215,10.316126864392293,4900,0.1,9,1,1,1,1,0,0,54.42,0
tx_03181,5527,8.617581365447506,4829,0.8,20,1,1,1,1,0,0,21.25,0
tx_03182,3291,8.09925056179696,5814,0.3,10,1,5,1,-1,0,0,8.92,0
tx_03183,27400,10.21833478806055,4121,0.2,7,1,1,1,1,0,0,15.0,0
tx_03184,13655,9.521934264474277,5712,0.25,2,0,2,-1,1,0,0,10.76,0
tx_03185,11129,9.31739944426959,7995,0.3,9,1,3,1,1,0,0,3.56,0
tx_03186,4461,8.403352374992478,5814,0.3,18,0,2,1,1,0,0,1.3,0
tx_03187,12204,9.40960098282706,5411,0.1,7,1,4,-1,1,0,0,15.74,0
tx_03188,2905,7.974532844130228,4121,0.2,11,0,1,1,-1,0,0,4.87,0
tx_03189,14876,9.607571675157244,5968,0.7,15,1,2,-1,1,0,0,14.58,0
tx_03190,30185,10.315133519719373,4121,0.2,22,1,1,1,1,0,0,13.22,0
tx_03191,38356,10.554692319474022,5812,0.45,19,1,2,1,1,0,0,0.82,0
tx_03192,15967,9.678341998551245,5812,0.45,6,0,6,1,1,0,0,10.52,0
tx_03193,2191,7.692569648067906,4829,0.8,3,1,5,0,1,0,0,39.66,0
tx_03194,9824,9.192685436737461,5814,0.3,16,1,1,-1,1,0,0,4.0,0
tx_03195,62185,11.037885173007027,4829,0.8,6,0,0,1,1,0,0,7.52,0
tx_03196,3569,8.180320874773685,4900,0.1,9,1,5,0,1,0,0,17.27,0
tx_03197,7700,8.94910546953925,5968,0.7,2,0,1,1,1,0,0,0.86,0
tx_03198,31195,10.348045160450388,7995,0.3,18,1,0,1,-1,0,0,0.43,0
tx_03199,14639,9.591512787515303,4900,0.1,3,0,1,1,1,0,0,4.12,0
tx_03200,85933,11.361334838740923,6011,0.85,9,0,2,1,0,0,0,0.76,0
tx_03201,4060,8.309184527686298,6011,0.85,9,0,3,1,1,0,0,24.94,0
tx_03202,3181,8.065265208897733,5814,0.3,1,1,0,1,1,0,0,13.93,0
tx_03203,26058,10.168118476957156,4814,0.55,18,1,1,1,1,0,0,23.63,0
tx_03204,2615,7.86940171257709,5311,0.4,14,1,1,1,-1,0,0,4.7,0
tx_03205,6756,8.818334283552174,5812,0.45,12,1,2,1,1,0,0,19.05,0
tx_03206,7653,8.942983665985647,7995,0.3,4,0,1,1,1,1,0,3894.54,1
tx_03207,21793,9.989389981536831,5968,0.7,1,0,4,0,1,0,0,8.02,0
tx_03208,14599,9.588776807696428,5411,0.1,1,1,2,1,1,0,0,64.87,0
tx_03209,12574,9.43946599496794,4900,0.1,15,0,0,-1,1,0,0,1.1,0
tx_03210,5557,8.62299361030245,7995,0.3,17,0,3,1,1,0,0,39.85,0
tx_03211,25833,10.159446732791961,4900,0.1,19,0,2,1,1,0,0,0.52,0
tx_03212,373138,12.829706283363134,5311,0.4,19,0,0,1,0,1,0,1031.87,1
tx_03213,15707,9.661925415697901,7995,0.3,9,1,0,1,0,0,0,9.71,0
tx_03214,8954,9.099967314494812,5691,0.35,0,0,0,1,-1,0,0,2.74,0
tx_03215,2374,7.772752716468742,4900,0.1,5,1,5,1,1,0,0,6.99,0
tx_03216,4445,8.399760094524142,4121,0.2,18,1,1,1,1,0,1,7.72,0
tx_03217,6648,8.802221746402456,5412,0.2,18,0,1,1,1,0,0,10.43,0
tx_03218,4902,8.497602541651233,7995,0.3,12,0,7,0,0,0,0,3.9,0
tx_03219,8022,8.990067695753655,5412,0.2,0,0,2,1,1,1,0,3956.19,1
tx_03220,44103,10.69430576026952,5812,0.45,18,0,1,1,1,0,0,6.22,0
tx_03221,26635,10.190018963230512,4900,0.1,19,1,2,1,1,0,0,3.37,0
tx_03222,7004,8.854379458771108,5814,0.3,5,1,0,1,1,0,0,5.13,0
tx_03223,2585,7.857867559331803,5814,0.3,19,1,3,-1,1,0,0,3.42,0
tx_03224,29018,10.275706066850656,5712,0.25,15,0,1,1,1,0,0,6.3,0
tx_03225,7774,8.958668737047434,5814,0.3,21,1,1,1,1,0,0,2.4,0
tx_03226,1580,7.365812837209472,5712,0.25,15,1,2,1,1,0,0,2.79,0
tx_03227,16026,9.682030078993575,5411,0.1,2,0,0,-1,1,0,0,1.31,0
tx_03228,21581,9.97961491292368,5814,0.3,15,1,2,1,1,0,0,5.98,0
tx_03229,813,6.70196036600254,5968,0.7,2,0,7,0,-1,0,0,1.68,1
tx_03230,3721,8.222016437202196,5968,0.7,6,1,3,0,-1,0,0,7.18,0
tx_03231,7334,8.900412690577083,4829,0.8,20,1,1,1,1,0,0,16.83,0
tx_03232,16366,9.703022391505884,5812,0.45,23,1,5,0,0,0,0,32.48,0
tx_03233,4990,8.515391569469609,4121,0.2,11,0,2,1,1,0,0,4.34,0
tx_03234,3695,8.215006432761575,5712,0.25,6,0,1,1,1,0,0,138.01,0
tx_03235,16252,9.696032786103176,5691,0.35,9,1,1,1,1,0,0,10.38,0
tx_03236,5220,8.560444233410552,5411,0.1,5,0,2,1,1,0,0,5.77,0
tx_03237,13631,9.520175249069098,7995,0.3,13,1,3,1,1,0,0,50.92,0
tx_03238,2833,7.949444420250626,6011,0.85,10,1,3,0,1,0,0,1.72,0
tx_03239,2254,7.720905251936779,4121,0.2,1,0,1,1,-1,0,0,4.87,0
tx_03240,16692,9.722744748855389,4829,0.8,14,0,4,0,1,0,0,3.47,0
tx_03241,10353,9.245128197461847,4829,0.8,15,0,0,1,1,0,0,1.05,0
tx_03242,19565,9.881548645017373,6011,0.85,16,0,1,1,0,0,0,16.26,0
tx_03243,4911,8.499436469826978,5691,0.35,22,1,4,1,0,0,0,7.06,0
tx_03244,3827,8.250097752572845,5814,0.3,16,0,1,0,1,0,0,11.04,0
tx_03245,29669,10.297891713284868,5968,0.7,16,1,1,1,1,1,0,1222.83,1
tx_03246,1917,7.559038255443384,5814,0.3,5,1,4,1,1,0,0,0.65,1
tx_03247,26744,10.19410281896535,4814,0.55,11,0,2,1,1,0,0,20.78,0
tx_03248,28557,10.25969238599024,4814,0.55,10,0,5,0,1,0,0,2.01,0
tx_03249,18440,9.822331725575118,5411,0.1,23,1,4,1,1,0,0,16.01,0
tx_03250,4238,8.352082671352637,5311,0.4,11,0,4,1,0,0,0,1.11,0
tx_03251,3750,8.229777750081887,5814,0.3,16,0,0,1,1,0,0,7.68,0
tx_03252,6672,8.805824812903607,4829,0.8,12,0,4,0,-1,0,0,2.33,0
tx_03253,2380,7.7752758464868625,5411,0.1,1,1,6,0,1,0,0,6.51,1
tx_03254,3267,8.091933455979893,4900,0.1,22,1,5,0,0,0,0,4.12,0
tx_03255,15028,9.617736946934095,4829,0.8,16,1,1,1,1,0,0,7.02,0
tx_03256,15094,9.622118842140939,4829,0.8,5,1,0,1,1,1,0,2338.78,1
tx_03257,3005,8.00836557031292,4829,0.8,1,0,0,1,0,0,0,2.79,0
tx_03258,15483,9.647562511697538,5691,0.35,22,1,0,1,1,0,0,22.27,0
tx_03259,12541,9.436838291102966,5411,0.1,7,1,2,-1,1,0,0,22.26,0
tx_03260,34186,10.439600733828868,5412,0.2,0,1,0,1,-1,0,0,48.68,0
tx_03261,13987,9.545955098183267,5412,0.2,14,1,0,1,-1,0,0,5.28,0
tx_03262,22266,10.010861040804457,5814,0.3,0,0,1,1,1,0,0,4.52,0
tx_03263,12815,9.458449669308141,6011,0.85,5,1,0,1,1,0,0,5.64,0
tx_03264,20663,9.936148334775677,5691,0.35,21,1,2,1,1,0,0,2.28,0
tx_03265,2398,7.782807262839695,5712,0.25,0,0,3,1,1,0,0,1.18,0
tx_03266,7255,8.889583991794973,5814,0.3,18,0,3,1,1,0,1,2.72,0
tx_03267,7849,8.968268810776454,5812,0.45,14,1,4,-1,1,0,0,2.15,0
tx_03268,6461,8.773694146384443,4814,0.55,7,1,4,0,1,1,0,3492.22,1
tx_03269,12418,9.426982836948033,7995,0.3,6,1,2,-1,0,0,0,13.34,0
tx_03270,14881,9.607907707957207,4829,0.8,11,1,0,1,1,0,0,0.5,0
tx_03271,11823,9.377886643187983,5411,0.1,12,0,3,-1,1,0,0,2.02,0
tx_03272,6885,8.83724564389847,5812,0.45,21,1,1,1,-1,0,0,8.36,0
tx_03273,4049,8.306472160100585,5411,0.1,6,0,3,1,1,0,0,6.22,0
tx_03274,23098,10.047544605529554,4900,0.1,14,1,3,1,1,0,1,4.08,0
tx_03275,11355,9.337501517592862,6011,0.85,16,1,2,1,0,0,0,3.94,0
tx_03276,3095,8.037866234709618,4814,0.55,0,1,6,0,-1,0,0,7.87,0
tx_03277,6776,8.821289805136113,4900,0.1,21,1,1,1,1,0,0,8.44,0
tx_03278,1555,7.349873704738337,7995,0.3,23,1,2,1,1,0,0,1.09,0
tx_03279,8423,9.03884005381381,5814,0.3,2,0,1,1,1,0,0,0.61,0
tx_03280,6746,8.816853240627426,4814,0.55,6,1,0,1,1,0,1,4.71,0
tx_03281,4719,8.459564078579602,5814,0.3,18,1,10,0,1,0,0,12.53,1
tx_03282,36700,10.510559281627845,7995,0.3,19,0,3,1,1,0,0,3.07,0
tx_03283,2716,7.907283609426348,4814,0.55,3,0,3,1,1,0,0,71.02,0
tx_03284,15935,9.67633597982438,5411,0.1,22,1,9,0,1,0,0,14.04,0
tx_03285,65026,11.082557847244853,5412,0.2,7,1,3,0,0,0,1,2.97,0
tx_03286,22665,10.028621283292894,4814,0.55,7,0,2,1,1,0,0,0.65,0
tx_03287,7905,8.97537724385663,4829,0.8,8,0,3,1,1,0,0,12.52,0
tx_03288,2773,7.928045600874777,4829,0.8,16,1,3,-1,0,0,0,1.9,0
tx_03289,2233,7.711548979629146,4829,0.8,4,0,4,1,1,0,0,2.61,0
tx_03290,5509,8.61431990214696,5411,0.1,13,1,1,1,1,0,0,2.06,0
tx_03291,4241,8.352790135124629,5412,0.2,1,1,2,1,0,0,0,1.12,0
tx_03292,4112,8.321907968230423,4900,0.1,3,0,1,1,0,0,0,2.74,0
tx_03293,5974,8.695339376799712,5311,0.4,18,1,2,-1,1,0,0,2.7,0
tx_03294,7391,8.90815361332152,4829,0.8,9,0,0,-1,1,0,0,1.87,0
tx_03295,12915,9.466222131878165,5968,0.7,19,0,0,1,1,0,0,2.39,0
tx_03296,2513,7.829630389150193,4829,0.8,17,1,4,1,1,0,0,43.45,0
tx_03297,4260,8.357259153499912,6011,0.85,23,1,4,0,1,0,0,12.02,0
tx_03298,6999,8.85366542803745,5691,0.35,3,1,0,1,-1,0,0,4.23,0
tx_03299,6765,8.819665349340653,5968,0.7,22,1,4,1,1,0,1,0.64,0
tx_03300,46619,10.749784912589748,5712,0.25,21,1,0,-1,1,0,0,9.5,0
tx_03301,10156,9.2259184019395,4900,0.1,10,1,2,1,1,0,0,44.76,0
tx_03302,1759,7.473069088032197,5712,0.25,3,0,2,1,1,0,1,39.51,0
tx_03303,12118,9.402529747968487,4900,0.1,3,0,5,0,1,0,0,4.22,0
tx_03304,13678,9.523617089089445,4814,0.55,12,1,2,1,1,0,0,7.51,0
tx_03305,7232,8.886409166849282,4900,0.1,0,0,1,1,-1,0,0,1.31,0
tx_03306,2572,7.8528278122817445,4900,0.1,2,1,2,1,1,0,0,6.81,0
tx_03307,43275,10.675353487807463,4814,0.55,12,1,2,1,-1,0,0,11.29,0
tx_03308,2948,7.989221408815276,4121,0.2,13,0,1,1,1,0,0,9.09,0
tx_03309,15259,9.632990304838447,7995,0.3,20,1,8,0,1,0,0,20.3,0
tx_03310,9850,9.19532825185568,5691,0.35,23,0,6,0,1,0,0,10.93,0
tx_03311,14414,9.576024610072503,5411,0.1,6,0,0,1,0,0,0,0.7,0
tx_03312,41220,10.626703114218108,7995,0.3,7,0,2,1,0,0,1,3.13,0
tx_03313,13887,9.538780436900131,4900,0.1,4,0,1,1,1,0,0,16.35,0
tx_03314,4791,8.474703139795285,5411,0.1,5,0,4,1,1,0,0,0.7,0
tx_03315,23292,10.055908165231354,5968,0.7,10,0,2,1,1,0,0,5.38,0
tx_03316,4472,8.405814603432848,5712,0.25,23,0,3,1,1,0,0,2.97,0
tx_03317,9514,9.16062477973025,5411,0.1,21,0,4,0,1,0,1,1.12,0
tx_03318,2384,7.776954403322442,4900,0.1,21,0,4,0,1,0,0,15.32,0
tx_03319,3052,8.023879992734878,4121,0.2,10,1,3,1,1,0,0,1.93,0
tx_03320,8553,9.054154288786854,4814,0.55,15,1,4,0,1,0,0,62.9,0
tx_03321,11555,9.354960061586127,4829,0.8,17,0,0,1,1,0,0,3.83,0
tx_03322,1616,7.388327859577107,5968,0.7,5,0,1,1,1,0,0,17.99,0
tx_03323,13064,9.477692177954713,5712,0.25,11,1,0,1,0,0,0,37.09,0
tx_03324,3740,8.227108234348146,5412,0.2,13,0,3,0,1,0,0,7.35,0
tx_03325,27471,10.220922583137257,5814,0.3,8,1,1,1,0,0,0,5.48,0
tx_03326,5830,8.670943791222156,4829,0.8,11,0,3,1,0,0,1,12.45,0
tx_03327,2801,7.938088726896952,4829,0.8,10,0,1,1,1,1,0,3826.13,1
tx_03328,8753,9.07726601775084,5411,0.1,1,1,2,1,1,0,0,7.32,0
tx_03329,3411,8.13505390861157,6011,0.85,18,1,2,1,1,0,0,2.14,0
tx_03330,27192,10.210714866221961,5712,0.25,21,0,5,1,1,0,0,0.88,0
tx_03331,8149,9.005773206234908,5968,0.7,18,0,5,-1,-1,0,0,7.49,0
tx_03332,7052,8.86120833720818,4900,0.1,22,1,1,1,1,0,0,1.48,0
tx_03333,14291,9.5674552191433,5968,0.7,10,0,3,1,1,0,0,15.04,0
tx_03334,3135,8.0507033814703,4814,0.55,1,0,1,1,0,0,0,22.52,0
tx_03335,2393,7.780720886117918,4900,0.1,6,0,5,0,0,0,0,9.97,0
tx_03336,12005,9.393161803811788,5691,0.35,20,0,0,1,1,0,0,4.62,0
tx_03337,2865,7.960672608388117,4121,0.2,3,1,2,0,1,0,0,10.39,0
tx_03338,2865,7.960672608388117,6011,0.85,13,0,1,1,0,0,0,5.12,0
tx_03339,18035,9.800125039540974,6011,0.85,0,0,1,1,1,0,0,3.62,0
tx_03340,13413,9.504054216659682,5691,0.35,7,0,12,0,0,0,0,2.93,0
tx_03341,2475,7.814399633804487,5311,0.4,2,1,1,1,-1,0,0,5.7,0
tx_03342,4523,8.41715183723601,4814,0.55,2,1,2,1,1,0,0,5.07,0
tx_03343,3452,8.146998697389993,5712,0.25,3,0,2,1,1,0,0,22.06,0
tx_03344,44032,10.692694631790944,5691,0.35,12,0,7,0,-1,0,0,9.87,0
tx_03345,19262,9.865941436462158,5814,0.3,16,0,0,1,1,0,0,1.01,0
tx_03346,5461,8.60557030203365,5712,0.25,6,1,1,1,1,0,0,9.04,0
tx_03347,14081,9.552652665079078,4814,0.55,19,1,1,1,1,0,0,5.57,0
tx_03348,2246,7.717351272185329,4814,0.55,9,1,0,1,1,0,0,6.99,0
tx_03349,4299,8.366370301681654,5814,0.3,17,1,3,1,1,0,0,3.7,0
tx_03350,8998,9.104868739033948,4829,0.8,12,0,0,1,1,0,0,5.2,0
tx_03351,12516,9.434842999328023,7995,0.3,17,1,0,1,1,0,0,35.92,0
tx_03352,7425,8.912742634737025,4814,0.55,23,1,12,0,1,0,0,3.21,0
tx_03353,10309,9.240869577011006,5814,0.3,23,0,1,1,1,0,0,2.32,0
tx_03354,8774,9.079662048334066,7995,0.3,14,0,4,1,1,0,0,2.15,0
tx_03355,6973,8.849944227235596,5412,0.2,23,0,5,1,0,0,0,1.38,0
tx_03356,6148,8.724044745953469,4121,0.2,16,0,0,1,1,0,0,10.25,0
tx_03357,5433,8.600430789986293,6011,0.85,6,0,1,1,0,0,0,20.38,0
tx_03358,10153,9.22562299550734,4829,0.8,22,1,2,0,1,0,1,2.44,1
tx_03359,12033,9.395491255780296,5691,0.35,3,1,8,1,1,0,0,9.4,0
tx_03360,9834,9.19370273082316,7995,0.3,11,0,7,0,1,0,0,17.24,0
tx_03361,2658,7.88570539124302,5814,0.3,3,1,1,1,0,0,0,6.52,0
tx_03362,3153,8.056426767522984,4121,0.2,18,1,2,1,1,0,0,5.08,0
tx_03363,11898,9.384209641955154,5968,0.7,21,0,0,1,0,0,0,2.26,0
tx_03364,32967,10.403292673018653,4829,0.8,19,0,1,1,1,0,0,10.47,0
tx_03365,9414,9.150059441091253,5814,0.3,2,1,1,-1,-1,0,0,3.73,0
tx_03366,5509,8.61431990214696,5712,0.25,6,1,11,0,0,0,1,10.21,1
tx_03367,10080,9.218407743053941,5311,0.4,8,1,3,1,-1,0,0,2.68,0
tx_03368,2766,7.925518979786926,5411,0.1,2,0,1,1,1,0,0,7.32,0
tx_03369,28245,10.24870713362901,4814,0.55,12,0,10,0,1,0,0,18.32,0
tx_03370,9725,9.182557990963732,7995,0.3,0,0,2,1,1,0,0,8.85,0
tx_03371,4312,8.369388996647842,4900,0.1,14,0,2,-1,1,0,0,2.31,0
tx_03372,6952,8.846928500099018,5311,0.4,13,0,2,1,1,0,0,1.33,0
tx_03373,4937,8.504715669905124,5691,0.35,14,1,1,1,1,0,0,5.4,0
tx_03374,28318,10.251288236449755,5812,0.45,21,1,1,1,1,0,1,26.21,0
tx_03375,6721,8.81314100828505,5691,0.35,18,0,3,1,1,0,0,12.81,0
tx_03376,9441,9.152923101106232,5691,0.35,6,1,0,1,1,0,0,53.18,0
tx_03377,14048,9.550306497851652,5712,0.25,13,0,0,1,1,0,0,132.83,0
tx_03378,4030,8.301769763117166,6011,0.85,19,1,0,-1,-1,0,0,4.39,0
tx_03379,9791,9.189321004752108,5411,0.1,20,0,3,1,1,0,0,10.61,0
tx_03380,10571,9.26596427572418,5968,0.7,15,1,0,1,1,0,0,4.93,0
tx_03381,1861,7.529406457837013,5968,0.7,2,1,2,1,1,0,0,2.58,0
tx_03382,10355,9.245321340871428,7995,0.3,10,1,4,1,1,0,1,8.42,0
tx_03383,7799,8.961879012677683,6011,0.85,20,1,3,1,1,0,0,6.73,0
tx_03384,9215,9.128696382935672,5968,0.7,1,0,0,1,1,0,0,4.68,0
tx_03385,8426,9.039196115772354,4900,0.1,14,1,1,0,1,0,0,3.25,0
tx_03386,10419,9.251482315307358,5814,0.3,12,1,3,0,1,0,0,5.83,0
tx_03387,29017,10.27567160607563,5814,0.3,5,0,4,-1,1,0,0,3.19,0
tx_03388,2656,7.884952945759814,5311,0.4,8,1,1,1,0,0,0,4.2,0
tx_03389,5885,8.680331928793418,5812,0.45,23,1,1,1,1,0,1,1.32,0
tx_03390,15344,9.638544967053836,4900,0.1,14,1,1,1,1,0,0,1.87,0
tx_03391,12862,9.462110252078716,5691,0.35,22,0,6,0,1,0,0,2.6,0
tx_03392,12602,9.441690159837492,5968,0.7,11,1,2,1,1,0,0,6.3,0
tx_03393,111421,11.62108007351243,4829,0.8,20,1,5,0,1,0,0,5.46,0
tx_03394,14597,9.588639812011577,5311,0.4,14,1,0,-1,0,0,0,2.44,0
tx_03395,23851,10.079623350242997,5968,0.7,21,1,4,1,1,0,1,2.72,0
tx_03396,6084,8.713582005421628,5412,0.2,7,0,2,1,1,0,0,6.37,0
tx_03397,3171,8.06211758275474,7995,0.3,9,1,2,1,0,0,0,2.79,0
tx_03398,6042,8.706655856361559,4121,0.2,0,0,4,1,1,0,0,1.58,0
tx_03399,16019,9.68159322062235,5814,0.3,5,0,3,1,1,0,0,11.24,0
tx_03400,11988,9.391744841707654,5968,0.7,3,0,2,1,-1,0,0,0.97,0
tx_03401,11947,9.388319179336001,6011,0.85,4,1,3,0,1,0,0,1.42,0
tx_03402,6644,8.801619971147346,4829,0.8,7,1,0,1,0,0,0,19.03,0
tx_03403,5710,8.650149418664864,7995,0.3,20,0,1,1,1,0,0,1.24,0
tx_03404,6866,8.834482608620677,5411,0.1,9,1,1,1,-1,0,0,29.79,0
tx_03405,16211,9.693506987748199,5311,0.4,19,0,7,0,0,0,0,1.23,1
tx_03406,18104,9.803943422199742,5311,0.4,19,1,5,1,1,0,0,1.56,0
tx_03407,3131,8.049427057110695,5712,0.25,23,1,4,0,-1,0,0,1.4,0
tx_03408,16804,9.729431740159207,5812,0.45,12,1,0,1,1,0,0,1.03,0
tx_03409,4390,8.387312270561717,5412,0.2,20,0,3,-1,0,0,0,26.51,0
tx_03410,12716,9.450694960020746,4121,0.2,10,0,4,0,1,0,0,20.95,1
tx_03411,6787,8.822911626354117,7995,0.3,15,0,7,0,1,0,0,0.93,0
tx_03412,36050,10.492689881579409,4900,0.1,19,1,3,0,1,0,0,32.8,0
tx_03413,5475,8.60813018640834,4814,0.55,3,1,2,1,1,0,0,1.14,0
tx_03414,9651,9.174920426744922,5712,0.25,1,0,3,1,1,0,0,173.73,0
tx_03415,14493,9.581490049669227,5411,0.1,3,1,1,0,1,0,0,4.16,0
tx_03416,3551,8.17526610411206,5712,0.25,17,1,0,1,1,0,0,2.42,0
tx_03417,7600,8.936035096566041,6011,0.85,11,1,0,1,0,0,0,9.04,0
tx_03418,6323,8.752107198329362,4814,0.55,6,1,3,1,-1,0,0,1.73,0
tx_03419,4999,8.517193191416238,4900,0.1,18,0,2,1,1,0,1,0.91,0
tx_03420,5364,8.587651655064798,5691,0.35,0,0,0,1,1,0,0,2.94,0
tx_03421,23426,10.061644482330784,5968,0.7,4,1,2,1,1,0,0,5.48,0
tx_03422,4613,8.4368504387337,5712,0.25,11,1,1,1,-1,0,0,0.37,0
tx_03423,13950,9.543306469268108,5411,0.1,21,0,1,1,0,0,0,1.69,0
tx_03424,10982,9.304103901788347,5712,0.25,17,1,5,0,-1,1,0,3735.72,1
tx_03425,2160,7.6783263565068856,7995,0.3,16,1,2,1,1,0,0,4.91,0
tx_03426,13338,9.498447354141044,5412,0.2,17,1,0,-1,1,0,0,0.28,0
tx_03427,2127,7.662937850461535,6011,0.85,7,0,2,-1,1,0,0,4.97,0
tx_03428,14792,9.601909374892236,5814,0.3,10,1,2,1,1,0,0,7.63,0
tx_03429,5031,8.523572798380277,5311,0.4,21,0,2,1,1,0,0,4.86,0
tx_03430,8210,9.01322999770879,4900,0.1,17,0,2,1,1,0,0,12.73,0
tx_03431,2382,7.776115477098742,5814,0.3,14,1,6,0,1,0,0,3.51,0
tx_03432,9149,9.121509158269568,4829,0.8,1,0,1,1,1,0,0,16.8,0
tx_03433,19649,9.885832617297407,5311,0.4,17,0,2,1,1,0,0,4.88,0
tx_03434,3784,8.23880116587155,4900,0.1,8,1,1,1,1,0,0,5.7,0
tx_03435,4575,8.428580533059634,5712,0.25,9,1,0,1,1,0,0,7.52,0
tx_03436,12545,9.437157168656688,5311,0.4,16,0,1,1,1,0,0,11.43,0
tx_03437,12846,9.46086560003161,5812,0.45,9,0,1,1,1,0,0,7.6,0
tx_03438,806,6.693323668269949,7995,0.3,13,0,6,0,1,0,0,2.03,0
tx_03439,55260,10.91982269458584,5968,0.7,0,0,0,1,1,0,0,33.9,0
tx_03440,13458,9.507403306233716,7995,0.3,4,1,1,1,1,0,0,1.94,0
tx_03441,15792,9.667322082870054,4121,0.2,12,0,1,1,1,0,0,1.75,0
tx_03442,7107,8.868976189274543,5412,0.2,22,1,3,1,1,0,0,0.48,0
tx_03443,1398,7.243512974665482,4900,0.1,18,0,1,1,1,0,0,3.65,0
tx_03444,15462,9.64620535247543,6011,0.85,10,0,1,1,1,0,0,2.72,0
tx_03445,4761,8.468423027046809,5812,0.45,23,0,3,-1,0,0,0,5.37,0
tx_03446,13656,9.522007489678424,5311,0.4,6,1,1,1,1,0,0,1.83,0
tx_03447,6616,8.797397374012059,5691,0.35,21,0,2,1,1,0,0,35.88,0
tx_03448,10212,9.2314166975781,5712,0.25,9,0,4,0,1,0,0,2.45,0
tx_03449,3901,8.269244521183056,5412,0.2,2,0,1,1,1,0,0,2.45,0
tx_03450,18515,9.826390502151161,5412,0.2,0,1,3,1,1,0,0,4.55,0
tx_03451,2634,7.876638460975463,4121,0.2,23,1,1,1,1,0,0,7.76,0
tx_03452,68766,11.138479257689228,5412,0.2,15,0,8,0,1,0,0,21.15,0
tx_03453,68270,11.131240358027329,5311,0.4,3,1,1,1,1,0,0,9.31,0
tx_03454,38416,10.55625534894273,5968,0.7,23,0,1,1,-1,0,0,9.11,0
tx_03455,27361,10.216910468480059,6011,0.85,0,0,1,1,0,0,0,5.72,0
tx_03456,7516,8.924922401177469,5814,0.3,8,1,2,0,1,0,1,1.85,0
tx_03457,24671,10.113424276363055,4121,0.2,17,0,4,0,1,0,0,2.36,0
tx_03458,7434,8.913953858894255,5968,0.7,1,1,4,1,1,0,0,0.35,0
tx_03459,1862,7.529943370601589,5411,0.1,21,0,2,1,1,0,0,3.4,0
tx_03460,33969,10.43323306115463,5411,0.1,16,0,2,1,1,0,0,10.67,0
tx_03461,23803,10.077608912764743,7995,0.3,22,0,4,1,1,0,0,3.63,0
tx_03462,7906,8.975503722070927,6011,0.85,20,0,4,1,-1,0,0,8.32,0
tx_03463,2543,7.841492924460013,4121,0.2,19,0,1,1,1,0,0,48.4,0
tx_03464,4667,8.448485993406447,5411,0.1,5,1,0,1,-1,0,0,5.63,0
tx_03465,1444,7.275864600546533,5814,0.3,4,0,5,0,-1,0,0,9.87,0
tx_03466,19990,9.903037451255743,5691,0.35,5,1,2,1,1,0,0,5.7,0
tx_03467,1776,7.482681828154651,4900,0.1,3,1,4,1,1,0,0,1.86,0
tx_03468,10696,9.27771860730613,5691,0.35,15,0,2,1,1,0,0,3.83,0
tx_03469,3654,8.203851372183879,6011,0.85,1,1,2,1,1,0,0,1.34,0
tx_03470,2100,7.650168700845001,4900,0.1,10,0,2,1,0,0,0,13.71,0
tx_03471,10215,9.231710397712375,5814,0.3,13,0,1,1,-1,0,0,15.1,0
tx_03472,5932,8.688285266258644,5814,0.3,12,0,1,1,1,0,0,4.43,0
tx_03473,18060,9.801510196423664,6011,0.85,11,0,0,1,1,0,0,41.41,0
tx_03474,2443,7.8013913202914855,5311,0.4,5,1,1,-1,0,0,0,3.78,0
tx_03475,3967,8.286017468404763,4900,0.1,2,0,0,1,1,0,0,14.12,0
tx_03476,843,6.738152494595957,5691,0.35,23,1,4,1,1,0,0,3.68,0
tx_03477,1023,6.931471805599453,5691,0.35,11,0,3,1,1,0,0,8.47,0
tx_03478,44957,10.713483999592366,5411,0.1,14,0,0,1,1,0,0,0.93,0
tx_03479,58958,10.984597566068096,5814,0.3,13,1,1,0,1,1,0,2043.73,1
tx_03480,8895,9.093357016490364,5968,0.7,8,0,2,1,1,0,0,5.36,0
tx_03481,3724,8.22282213081366,4900,0.1,17,0,1,1,1,0,0,13.74,0
tx_03482,6134,8.721765357145012,5968,0.7,9,1,1,1,1,0,0,5.24,0
tx_03483,18677,9.835101639669663,4900,0.1,9,0,0,1,1,0,0,25.53,0
tx_03484,4997,8.516793111394898,5411,0.1,19,1,2,1,0,0,0,3.21,0
tx_03485,10208,9.231024963169016,4121,0.2,7,0,6,0,1,0,0,1.63,0
tx_03486,8047,8.99317889233952,5311,0.4,16,0,2,1,0,0,0,46.72,0
tx_03487,4745,8.465057436995709,7995,0.3,15,1,1,1,1,0,0,0.8,0
tx_03488,4941,8.505525386548555,5412,0.2,0,0,1,1,1,0,1,2.05,0
tx_03489,10763,9.283962511846797,5812,0.45,16,0,5,0,1,0,0,4.9,0
tx_03490,3220,8.0774471493312,4814,0.55,19,1,4,1,0,0,0,3.48,0
tx_03491,12510,9.4343635363174,5712,0.25,6,1,1,1,1,0,0,5.76,0
tx_03492,5204,8.557374981049069,5411,0.1,21,1,3,1,1,0,0,5.57,0
tx_03493,9193,9.126306376366173,5814,0.3,0,0,0,1,-1,0,0,69.1,0
tx_03494,30331,10.319958539820826,6011,0.85,4,1,0,1,1,0,0,3.72,0
tx_03495,6942,8.845489236753274,5691,0.35,22,0,0,1,1,0,0,7.63,0
tx_03496,19516,9.879041159631202,4814,0.55,20,1,0,1,1,0,0,5.27,0
tx_03497,1484,7.3031700512368,5412,0.2,18,0,1,-1,1,0,0,0.27,0
tx_03498,5210,8.558527054909215,4814,0.55,14,1,0,1,1,0,0,1.17,0
tx_03499,8362,9.031572493381526,5412,0.2,4,1,5,0,0,0,0,0.35,0
tx_03500,50632,10.832358816615612,4121,0.2,11,0,0,1,0,0,0,1.29,0
tx_03501,1265,7.143617602704121,5712,0.25,13,0,2,1,1,0,0,3.9,0
tx_03502,7434,8.913953858894255,5311,0.4,2,0,7,0,0,0,0,13.44,0
tx_03503,32501,10.389056904885955,4829,0.8,14,0,1,1,0,0,0,23.9,0
tx_03504,3864,8.259716961021523,4121,0.2,2,0,0,1,1,0,0,97.83,0
tx_03505,6654,8.803123730829212,6011,0.85,3,0,14,0,0,0,0,5.3,0
tx_03506,11163,9.320449594656212,5968,0.7,4,0,1,1,1,0,1,4.95,0
tx_03507,9706,9.180602553712227,5968,0.7,4,0,6,0,1,0,0,0.84,0
tx_03508,36050,10.492689881579409,4121,0.2,1,0,0,1,-1,0,0,1.43,0
tx_03509,12472,9.431321587125709,5311,0.4,22,0,1,1,1,0,0,12.56,0
tx_03510,28755,10.266601720103763,7995,0.3,19,0,4,1,1,0,0,48.34,0
tx_03511,5786,8.663369301573839,5712,0.25,12,1,2,1,1,0,0,25.42,0
tx_03512,4031,8.302017809751204,4814,0.55,8,1,2,1,1,0,0,2.28,0
tx_03513,6573,8.790877754224164,4814,0.55,4,1,7,0,1,0,0,1.19,0
tx_03514,2708,7.904334842085095,4900,0.1,22,1,8,0,1,0,0,0.54,0
tx_03515,12894,9.464594918315445,7995,0.3,19,1,0,1,1,0,0,4.32,0
tx_03516,5645,8.638702608813434,4829,0.8,18,1,0,1,1,0,1,49.55,0
tx_03517,4303,8.36730010184162,6011,0.85,11,1,2,1,1,0,0,2.57,0
tx_03518,13081,9.478992518521158,5812,0.45,0,0,2,1,1,0,0,2.22,0
tx_03519,2748,7.918992488165245,6011,0.85,15,0,2,1,0,0,0,3.5,0
tx_03520,16935,9.737196812814702,5968,0.7,11,1,1,1,1,0,0,3.4,0
tx_03521,5171,8.551014739891748,5311,0.4,7,1,0,1,1,0,0,5.21,0
tx_03522,24497,10.10634676054763,5968,0.7,7,1,4,-1,-1,0,0,0.23,0
tx_03523,5609,8.632305998516742,4829,0.8,1,0,3,-1,1,0,0,1.45,0
tx_03524,14846,9.605553103619997,5311,0.4,20,0,3,1,1,0,0,2.96,0
tx_03525,9660,9.17585244151751,4829,0.8,3,0,0,1,1,0,0,6.54,0
tx_03526,16513,9.711963784977375,4814,0.55,19,1,1,1,-1,0,0,2.39,0
tx_03527,9042,9.10974625674048,4814,0.55,23,1,2,1,1,0,0,6.09,0
tx_03528,1677,7.425357887027151,4829,0.8,1,1,1,1,-1,0,0,2.23,0
tx_03529,21238,9.963594393268247,4814,0.55,14,0,2,1,-1,0,0,12.98,0
tx_03530,7494,8.921991410536698,5411,0.1,1,1,6,0,-1,0,0,6.96,0
tx_03531,17244,9.755277525370941,4121,0.2,19,0,2,1,0,0,0,5.95,0
tx_03532,15692,9.66097003203872,4121,0.2,12,0,0,1,1,0,0,12.57,0
tx_03533,3907,8.270781013162674,7995,0.3,0,1,3,1,-1,0,0,9.56,0
tx_03534,3416,8.136518252115291,4814,0.55,18,0,3,1,1,0,0,2.41,0
tx_03535,15180,9.627799924932715,4814,0.55,18,0,1,1,0,0,0,1.81,0
tx_03536,6106,8.717190933223135,4121,0.2,22,1,1,1,1,0,0,24.15,0
tx_03537,19827,9.894850359140465,4814,0.55,11,0,0,1,1,0,0,49.82,0
tx_03538,6877,8.83608319099221,5691,0.35,22,1,4,1,1,0,0,19.75,0
tx_03539,21534,9.977434797488211,5968,0.7,15,1,0,1,-1,0,0,19.16,0
tx_03540,12177,9.40738632416852,5814,0.3,12,0,1,1,1,0,0,1.42,0
tx_03541,10708,9.278839788400875,5712,0.25,8,0,10,0,1,0,0,4.02,0
tx_03542,5709,8.649974302650056,4814,0.55,7,1,5,0,1,0,0,3.44,0
tx_03543,10158,9.226115291091546,5814,0.3,14,0,2,1,1,0,1,3.3,0
tx_03544,25295,10.138401559449253,4121,0.2,17,0,4,0,1,0,0,1.86,0
tx_03545,7736,8.953769294549454,5712,0.25,0,0,1,1,1,0,0,7.41,0
tx_03546,13491,9.50985219618154,5411,0.1,9,0,0,1,1,0,0,7.52,0
tx_03547,8512,9.049349685884057,6011,0.85,1,1,1,1,0,0,0,1.64,0
tx_03548,9169,9.123692565250511,5311,0.4,9,0,3,1,-1,0,0,2.02,0
tx_03549,41874,10.642444269127367,5712,0.25,19,1,4,1,1,0,0,6.25,0
tx_03550,25510,10.146865010681147,5412,0.2,16,1,2,-1,1,0,0,4.74,0
tx_03551,8783,9.080687163749312,5691,0.35,2,1,1,1,1,0,0,2.39,0
tx_03552,9986,9.209039526243135,7995,0.3,17,1,6,1,1,0,1,3.86,1
tx_03553,4181,8.338544879988579,5812,0.45,0,0,0,1,1,0,0,1.02,0
tx_03554,6911,8.841014310483892,5411,0.1,0,0,7,0,0,0,0,10.96,0
tx_03555,10928,9.299175085676673,5412,0.2,21,0,6,1,1,0,0,3.07,0
tx_03556,18274,9.81328928461798,5812,0.45,0,1,6,-1,0,0,0,2.94,0
tx_03557,16596,9.71697723512072,5311,0.4,6,0,2,1,1,0,0,8.75,0
tx_03558,2839,7.951559331155252,4829,0.8,3,0,3,0,-1,0,0,17.35,0
tx_03559,20605,9.933337574505014,5412,0.2,13,1,2,1,1,1,0,4492.96,1
tx_03560,7486,8.920923462230686,4121,0.2,12,1,1,1,0,0,0,2.33,0
tx_03561,3189,8.06777619577889,4829,0.8,20,1,0,1,1,0,0,8.0,0
tx_03562,28991,10.274775208842707,5411,0.1,23,0,2,1,1,0,0,5.31,0
tx_03563,32705,10.395313826292336,5968,0.7,17,1,5,1,1,0,0,7.2,0
tx_03564,10464,9.2557916348801,5814,0.3,11,1,2,1,1,0,0,13.07,0
tx_03565,15971,9.678592468183112,4900,0.1,1,0,0,1,-1,0,0,4.0,0
tx_03566,16886,9.734299374132137,5411,0.1,22,0,2,1,0,0,0,16.87,0
tx_03567,30673,10.331170669210724,4829,0.8,13,1,0,1,1,0,0,2.47,0
tx_03568,16266,9.696893794766453,5814,0.3,5,0,1,1,1,0,0,2.17,0
tx_03569,2307,7.744136627627991,4900,0.1,13,0,3,0,-1,0,0,14.5,0
tx_03570,54967,10.914506476710912,5968,0.7,9,1,3,-1,1,0,0,8.41,0
tx_03571,22416,10.017574878573896,5968,0.7,8,0,3,1,1,0,0,4.09,0
tx_03572,5020,8.521384396034705,5812,0.45,10,1,0,1,1,0,0,4.86,0
tx_03573,3063,8.027476530860483,5311,0.4,18,0,0,-1,0,0,1,3.46,0
tx_03574,13157,9.484785217645943,7995,0.3,3,1,2,-1,1,0,0,3.89,0
tx_03575,6253,8.740976538017787,5812,0.45,23,1,1,-1,1,0,0,1.13,0
tx_03576,11144,9.31874624581997,5812,0.45,1,0,0,1,1,0,0,1.95,0
tx_03577,16505,9.71147923015263,5968,0.7,3,1,2,1,1,0,1,4.12,0
tx_03578,4755,8.467162257810672,6011,0.85,16,0,1,-1,1,0,0,0.75,0
tx_03579,2821,7.945201132412759,4814,0.55,3,0,4,1,-1,0,0,0.37,0
tx_03580,11751,9.371778717853713,6011,0.85,18,1,2,1,0,0,0,0.71,0
tx_03581,4907,8.498621805830801,5814,0.3,17,1,5,-1,-1,0,0,20.33,0
tx_03582,9358,9.144093726157257,4829,0.8,10,1,4,0,1,0,0,49.43,0
tx_03583,2273,7.729295674310482,5311,0.4,10,0,1,1,1,0,0,6.9,0
tx_03584,6410,8.765770543987257,5814,0.3,23,0,1,1,1,0,0,4.0,0
tx_03585,16065,9.684460516733758,4900,0.1,19,0,6,0,0,0,0,19.6,0
tx_03586,14484,9.580868910203451,5412,0.2,15,0,0,1,1,0,0,1.33,0
tx_03587,3852,8.256607344626158,5812,0.45,3,0,0,1,1,0,0,7.14,0
tx_03588,2685,7.895808377083183,5812,0.45,14,0,1,1,1,0,0,7.19,0
tx_03589,8268,9.020268861722167,6011,0.85,0,0,1,1,1,0,0,3.64,0
tx_03590,13879,9.538204234060796,4814,0.55,6,1,6,0,0,0,0,0.53,0
tx_03591,11969,9.390158798552019,5311,0.4,16,1,3,-1,1,0,0,18.75,0
tx_03592,5007,8.518791912779934,7995,0.3,9,0,2,1,1,0,0,2.49,0
tx_03593,10809,9.288226910633254,5691,0.35,23,0,2,1,1,0,0,2.13,0
tx_03594,33942,10.432437926160665,4900,0.1,22,0,1,1,1,0,0,0.81,0
tx_03595,9898,9.200189020919808,5311,0.4,2,0,0,1,-1,0,0,10.06,0
tx_03596,1726,7.454141078146678,5311,0.4,21,1,0,-1,0,0,0,7.69,0
tx_03597,9879,9.198267790741914,5691,0.35,20,0,0,1,-1,0,1,9.47,0
tx_03598,56779,10.946939430026962,4900,0.1,2,0,1,-1,1,0,1,2.85,0
tx_03599,2397,7.7823903355874595,5712,0.25,9,1,5,0,1,0,0,3.44,0
tx_03600,8378,9.033483854613287,5412,0.2,22,0,1,1,1,0,0,2.14,0
tx_03601,6569,8.790269111478656,5712,0.25,0,1,1,1,1,0,0,6.57,0
tx_03602,8922,9.09638749190015,4829,0.8,1,0,1,-1,1,0,0,4.86,0
tx_03603,9796,9.189831495344642,5712,0.25,12,1,1,1,1,0,0,3.37,1
tx_03604,24056,10.088181293475138,6011,0.85,22,0,4,0,1,0,0,1.12,0
tx_03605,8828,9.085797036901582,4814,0.55,6,0,2,1,1,0,0,3.36,0
tx_03606,27407,10.2185902205639,5311,0.4,18,0,3,1,0,0,0,0.83,0
tx_03607,7284,8.893572718629306,5812,0.45,16,0,0,1,1,0,0,2.31,0
tx_03608,5840,8.67265729404031,5712,0.25,3,0,1,1,1,0,0,1.83,0
tx_03609,4313,8.369620826949102,5812,0.45,6,0,2,1,1,0,1,3.7,0
tx_03610,1449,7.27931883541462,5691,0.35,14,1,1,1,1,0,0,6.78,0
tx_03611,10585,9.267287652417933,5812,0.45,11,1,0,1,0,0,0,4.06,0
tx_03612,57324,10.956492107726104,5712,0.25,5,0,1,1,1,0,0,2.4,0
tx_03613,12588,9.44057869576626,4814,0.55,4,0,1,1,1,0,0,3.58,0
tx_03614,15640,9.657650950674242,5814,0.3,13,0,2,-1,1,0,0,5.91,0
tx_03615,5502,8.613048677059759,5412,0.2,19,1,3,0,1,0,0,8.21,0
tx_03616,6458,8.773229786032473,4121,0.2,9,1,0,1,1,0,0,24.77,0
tx_03617,20756,9.94063881816692,5411,0.1,22,1,1,-1,1,0,1,85.72,0
tx_03618,54909,10.913450760272918,5412,0.2,16,1,1,1,1,0,0,28.25,0
tx_03619,33481,10.41876325997573,4814,0.55,9,1,2,1,1,0,0,4.9,0
tx_03620,17503,9.770184705221707,7995,0.3,16,1,1,1,1,0,0,1.61,0
tx_03621,8422,9.038721338315364,4900,0.1,10,1,5,0,-1,0,0,3.18,0
tx_03622,9941,9.204523486654617,5311,0.4,18,1,1,1,1,0,0,6.29,0
tx_03623,3981,8.289539484624141,5412,0.2,23,0,6,0,1,0,1,2.98,0
tx_03624,2058,7.629975707027789,5968,0.7,18,1,2,1,1,0,0,3.33,0
tx_03625,2793,7.935229539816907,5814,0.3,3,0,2,1,0,0,0,10.74,0
tx_03626,8540,9.052633375946147,5814,0.3,1,1,3,1,1,0,0,3.89,0
tx_03627,6172,8.727940222393896,4900,0.1,19,0,1,1,1,0,0,7.25,0
tx_03628,2017,7.609862200913554,5968,0.7,20,0,6,1,-1,0,0,3.78,0
tx_03629,7861,8.969796305981806,5968,0.7,13,0,3,0,1,0,0,0.44,0
tx_03630,6019,8.702842538302868,5412,0.2,5,1,0,1,1,0,1,0.44,0
tx_03631,2673,7.891330757661889,5691,0.35,21,1,1,1,1,0,0,7.79,0
tx_03632,5730,8.653645314551737,4121,0.2,10,0,2,1,-1,0,0,4.44,0
tx_03633,6005,8.700514248543275,5814,0.3,7,0,2,1,1,0,1,5.86,0
tx_03634,4534,8.419580362549237,7995,0.3,8,0,7,0,1,0,0,6.89,0
tx_03635,19644,9.88557813199256,5412,0.2,7,1,2,1,-1,0,0,6.42,0
tx_03636,1336,7.198183577101943,5691,0.35,6,1,1,1,0,0,0,4.65,0
tx_03637,1235,7.119635638017636,5412,0.2,7,1,2,1,1,1,0,1017.94,1
tx_03638,8171,9.008468955937513,4814,0.55,16,0,0,1,1,0,1,6.38,0
tx_03639,8924,9.09661160664784,5712,0.25,0,0,2,1,1,0,0,6.59,0
tx_03640,11958,9.389239411968807,5814,0.3,8,1,0,1,0,0,0,2.66,0
tx_03641,4881,8.493310250952906,6011,0.85,4,0,0,1,1,0,0,1.23,0
tx_03642,3405,8.133293861222633,7995,0.3,15,1,0,1,1,0,0,66.8,0
tx_03643,8089,8.998384010052538,5412,0.2,23,0,2,1,0,0,0,13.22,0
tx_03644,5354,8.585785982881848,7995,0.3,18,0,1,1,1,0,0,6.67,0
tx_03645,35550,10.47872356423098,5691,0.35,5,0,3,1,1,0,0,3.73,0
tx_03646,5986,8.697345730925353,5712,0.25,12,1,3,1,0,0,0,10.43,0
tx_03647,7744,8.954802752850968,5712,0.25,0,1,1,1,1,0,0,2.69,0
tx_03648,85547,11.356832900905628,7995,0.3,9,0,0,1,-1,0,0,11.49,0
tx_03649,6769,8.820256365906321,5814,0.3,6,1,3,1,1,0,0,29.74,0
tx_03650,13815,9.533582619826515,4814,0.55,12,1,2,1,1,0,0,4.5,0
tx_03651,15050,9.619199713152362,4814,0.55,9,1,5,0,1,0,0,31.77,0
tx_03652,16318,9.700085352130934,5411,0.1,16,1,7,1,1,0,0,3.6,0
tx_03653,10723,9.28023949935585,5691,0.35,13,0,1,1,1,0,0,0.58,0
tx_03654,9792,9.189423123720795,5812,0.45,22,0,0,1,1,0,0,13.28,0
tx_03655,8960,9.10063710688422,5412,0.2,1,1,1,1,1,0,0,4.39,0
tx_03656,4713,8.458292083496076,5691,0.35,22,1,5,0,1,0,0,13.37,0
tx_03657,11097,9.314520190885846,6011,0.85,18,1,1,1,1,0,0,1.29,0
tx_03658,55960,10.932410298526829,5311,0.4,17,1,0,1,1,0,0,2.76,0
tx_03659,25728,10.155374039382549,5412,0.2,19,1,0,1,1,0,0,24.83,0
tx_03660,10871,9.29394595583098,5691,0.35,1,1,3,1,1,0,0,7.06,0
tx_03661,18365,9.818256408173468,5412,0.2,5,1,5,1,1,0,0,29.86,0
tx_03662,3567,8.1797604936999,7995,0.3,0,0,2,1,1,0,0,2.33,0
tx_03663,6359,8.757783656334167,7995,0.3,19,1,1,1,0,0,0,84.27,0
tx_03664,20043,9.905685136079615,5691,0.35,8,0,0,1,0,0,0,76.11,0
tx_03665,33456,10.4180163112265,5412,0.2,8,0,0,1,1,0,1,12.25,0
tx_03666,3916,8.27308133366583,5712,0.25,14,0,2,1,1,0,1,5.95,0
tx_03667,5145,8.545974992841689,4829,0.8,10,1,5,1,1,0,1,8.34,0
tx_03668,64697,11.077485568110127,5411,0.1,15,1,1,1,1,0,0,17.35,0
tx_03669,8925,9.096723645189215,4900,0.1,22,0,4,0,1,0,0,6.7,0
tx_03670,46045,10.737396175804315,4829,0.8,7,0,3,1,1,0,0,3.27,0
tx_03671,9914,9.201804040953895,4814,0.55,21,0,3,1,1,0,0,1.44,0
tx_03672,10291,9.239122173401634,5712,0.25,12,0,2,1,1,0,0,0.37,0
tx_03673,6093,8.715059959545654,4121,0.2,9,0,1,1,-1,0,0,3.48,0
tx_03674,19942,9.900633483553221,5812,0.45,22,1,3,1,1,0,0,0.42,0
tx_03675,29586,10.295090354651144,5412,0.2,11,0,0,1,0,0,0,4.13,0
tx_03676,3047,8.022240916806537,5411,0.1,3,0,1,1,1,0,0,32.26,0
tx_03677,5827,8.670429167315095,5814,0.3,6,0,0,1,0,0,0,4.55,0
tx_03678,19428,9.874522074243114,5691,0.35,20,1,0,1,1,0,0,1.6,0
tx_03679,7202,8.882252884889363,5814,0.3,12,0,0,1,1,0,0,2.68,0
tx_03680,5097,8.53660358493606,5812,0.45,13,0,0,1,1,0,0,1.86,0
tx_03681,21253,9.96430039193264,4121,0.2,16,1,1,1,1,0,0,38.15,0
tx_03682,23236,10.053501114853614,4900,0.1,4,0,4,0,1,0,0,2.25,0
tx_03683,5314,8.57828829077605,5691,0.35,2,1,3,1,1,1,0,4485.58,1
tx_03684,9966,9.207034914967457,7995,0.3,10,0,0,1,1,0,0,105.35,0
tx_03685,2584,7.85748078694253,4829,0.8,22,1,5,-1,1,0,0,3.94,0
tx_03686,3479,8.15478757276852,4814,0.55,3,1,0,1,-1,0,0,1.72,0
tx_03687,9165,9.123256265069069,7995,0.3,17,1,0,1,1,0,0,5.01,0
tx_03688,8392,9.035153304082828,7995,0.3,23,1,1,1,1,0,0,3.73,0
tx_03689,3251,8.087025470667701,4829,0.8,2,0,1,1,1,0,0,8.7,0
tx_03690,4126,8.325306029752582,5411,0.1,3,1,1,1,-1,0,0,4.07,0
tx_03691,2961,7.993619994827744,5712,0.25,20,1,2,1,-1,0,0,0.38,0
tx_03692,12550,9.437555622660446,4829,0.8,2,0,3,1,1,0,0,3.99,0
tx_03693,1256,7.136483208590247,5311,0.4,17,1,1,1,1,0,0,14.34,0
tx_03694,3116,8.044626279767337,5411,0.1,19,1,2,1,1,0,0,2.6,0
tx_03695,1388,7.236339342754344,5712,0.25,7,0,2,1,1,0,0,11.86,0
tx_03696,12128,9.40335455830888,5311,0.4,6,0,0,1,1,0,0,15.38,0
tx_03697,1469,7.293017679772782,5411,0.1,12,1,0,1,1,0,0,20.39,0
tx_03698,8394,9.035391569511642,5311,0.4,12,0,2,1,1,0,0,1.43,0
tx_03699,38666,10.562741802072889,5814,0.3,20,1,4,0,1,0,0,1.62,0
tx_03700,39932,10.594958328715128,4829,0.8,14,1,8,0,1,0,0,5.09,1
tx_03701,1465,7.290292882446597,4900,0.1,23,0,3,1,1,0,0,0.56,0
tx_03702,10815,9.288781798282745,4900,0.1,5,0,1,1,1,0,0,1.35,0
tx_03703,3183,8.065893546964274,6011,0.85,6,1,1,1,1,0,0,7.08,0
tx_03704,2622,7.872073979866873,7995,0.3,5,1,0,1,-1,0,0,0.41,0
tx_03705,7313,8.897545598709327,5691,0.35,15,0,4,1,1,0,1,0.57,0
tx_03706,26162,10.172101477895096,4829,0.8,0,0,0,1,1,1,0,1999.13,0
tx_03707,14398,9.57491403870827,5814,0.3,20,1,2,0,1,0,0,0.71,0
tx_03708,4129,8.326032685955079,5412,0.2,18,0,3,1,0,0,0,125.05,0
tx_03709,15914,9.675017339716193,5968,0.7,23,1,4,1,1,0,0,1.46,1
tx_03710,966,6.874198495453294,5411,0.1,23,1,2,1,1,0,1,1.35,0
tx_03711,3983,8.290041618704489,7995,0.3,1,0,1,1,1,0,0,0.9,0
tx_03712,3724,8.22282213081366,5968,0.7,17,0,2,1,1,0,1,4.73,0
tx_03713,8774,9.079662048334066,4900,0.1,12,1,0,1,1,0,0,3.8,0
tx_03714,6718,8.81269461292015,5814,0.3,17,1,1,0,1,0,0,7.7,0
tx_03715,7121,8.870943863837724,5311,0.4,20,1,0,1,1,0,0,3.58,0
tx_03716,6899,8.83927669058535,5311,0.4,13,0,3,0,1,0,0,14.6,0
tx_03717,8320,9.02653771890043,4900,0.1,0,0,0,1,1,0,0,3.66,0
tx_03718,13606,9.518339645190858,5812,0.45,20,1,1,1,1,0,0,3.08,0
tx_03719,9387,9.147187556970914,4900,0.1,10,1,2,0,1,0,0,6.34,0
tx_03720,6217,8.735203590618699,5712,0.25,11,1,1,1,1,0,0,0.46,0
tx_03721,11930,9.3868953338758,5712,0.25,14,1,4,0,1,0,1,1.26,1
tx_03722,17854,9.790038860028549,5814,0.3,21,0,0,-1,-1,0,0,37.22,0
tx_03723,4803,8.477204183199873,7995,0.3,12,0,4,1,1,1,0,591.57,0
tx_03724,7698,8.94884572927805,4121,0.2,4,0,1,1,1,0,0,13.9,0
tx_03725,24563,10.10903723544929,7995,0.3,17,1,1,1,1,0,0,0.27,0
tx_03726,2857,7.957877358489813,4814,0.55,15,0,0,1,0,0,0,0.7,0
tx_03727,45235,10.719648508991218,5691,0.35,1,0,6,0,1,0,0,1.87,0
tx_03728,2282,7.733245646529795,5311,0.4,12,1,1,1,1,0,0,7.99,0
tx_03729,5867,8.677269139262872,5712,0.25,18,0,0,1,1,0,0,4.0,0
tx_03730,3303,8.102889134640868,5814,0.3,21,0,2,1,1,0,1,7.65,0
tx_03731,65101,11.083710549690956,6011,0.85,6,1,0,1,1,0,0,2.5,0
tx_03732,5049,8.527143522269405,5411,0.1,12,0,7,0,1,0,0,3.91,0
tx_03733,5061,8.529516941105069,7995,0.3,19,0,0,1,1,0,0,4.95,0
tx_03734,5727,8.653121708640482,5311,0.4,14,0,2,1,-1,0,0,14.84,0
tx_03735,8919,9.096051225574055,4829,0.8,10,0,0,1,1,0,0,37.99,0
tx_03736,5962,8.693328989123106,5411,0.1,4,1,2,1,1,0,0,1.31,0
tx_03737,7179,8.87905466204227,5691,0.35,1,1,1,1,-1,0,0,3.92,0
tx_03738,285,5.655991810819852,5812,0.45,16,1,2,1,-1,0,0,2.94,0
tx_03739,8600,9.059633754551479,5968,0.7,23,1,1,1,1,0,0,6.92,0
tx_03740,8284,9.022201929860664,4900,0.1,14,0,5,0,1,0,0,25.84,0
tx_03741,21847,9.99186466315354,5311,0.4,18,1,1,1,1,0,0,5.39,0
tx_03742,28248,10.248813337717966,7995,0.3,16,0,4,1,1,0,1,2.44,0
tx_03743,6815,8.827028068509152,5412,0.2,8,1,2,1,1,0,0,16.61,0
tx_03744,17687,9.780641722537283,4900,0.1,12,1,2,1,1,0,0,3.61,0
tx_03745,2860,7.95892649305011,7995,0.3,6,1,2,1,1,0,0,4.04,0
tx_03746,16884,9.734180932819669,5412,0.2,5,0,1,1,1,0,0,10.0,0
tx_03747,4728,8.461469042643875,7995,0.3,14,1,1,1,0,0,0,1.0,0
tx_03748,2643,7.880048200971577,6011,0.85,15,1,9,0,1,0,0,0.92,0
tx_03749,6829,8.829079952564836,6011,0.85,23,0,0,1,1,0,0,1.46,0
tx_03750,30811,10.335659503472856,5712,0.25,5,1,4,0,1,0,0,3.47,0
tx_03751,9673,9.177197153382929,5968,0.7,6,0,11,0,0,0,0,16.96,0
tx_03752,33753,10.42685420779643,7995,0.3,3,0,4,0,1,0,0,2.19,1
tx_03753,3999,8.294049640102028,4900,0.1,22,0,0,1,1,0,0,2.64,0
tx_03754,22040,10.000659634288388,4121,0.2,18,0,0,1,1,0,1,6.08,0
tx_03755,4384,8.385944904806284,5311,0.4,7,0,4,0,1,0,0,1.6,0
tx_03756,10089,9.219300113347655,5712,0.25,23,0,9,0,1,0,0,2.79,0
tx_03757,10007,9.211140052146748,5691,0.35,16,0,5,0,0,0,0,4.71,0
tx_03758,15269,9.633645398212678,4814,0.55,11,0,2,-1,1,0,0,9.77,0
tx_03759,10336,9.243484970568485,5691,0.35,9,1,0,1,1,0,0,15.34,0
tx_03760,4036,8.30325712085294,4829,0.8,13,1,1,1,1,0,0,4.08,0
tx_03761,18797,9.841505760180247,5691,0.35,2,1,6,0,1,0,0,3.46,0
tx_03762,42203,10.650270282261983,5712,0.25,4,0,5,1,0,0,0,3.83,0
tx_03763,4678,8.450839690866216,5712,0.25,22,1,10,0,1,0,0,6.33,0
tx_03764,1425,7.262628600974241,5411,0.1,4,1,8,0,1,0,0,28.84,0
tx_03765,13089,9.479603858903946,5411,0.1,3,0,3,1,1,1,0,4439.34,1
tx_03766,5946,8.690642169706594,5812,0.45,20,0,1,1,1,0,0,45.55,0
tx_03767,7191,8.880724576151456,5814,0.3,22,0,0,1,1,0,0,17.8,0
tx_03768,13815,9.533582619826515,5968,0.7,19,0,1,-1,1,0,0,1.45,0
tx_03769,5280,8.571870752706934,5311,0.4,2,0,2,1,1,0,0,6.43,0
tx_03770,6309,8.749890955535259,5411,0.1,20,1,6,1,1,0,0,3.19,0
tx_03771,7406,8.91018077801329,5311,0.4,6,0,1,1,0,0,0,4.2,0
tx_03772,32907,10.40147106828882,5691,0.35,0,1,2,0,1,0,0,39.97,0
tx_03773,8381,9.033841828485016,4814,0.55,22,0,3,1,0,0,1,24.39,0
tx_03774,2518,7.831617276352611,5412,0.2,6,1,1,1,-1,0,1,13.69,0
tx_03775,2615,7.86940171257709,4829,0.8,15,1,2,1,1,0,0,114.32,0
tx_03776,9297,9.13755460225053,5691,0.35,1,0,0,1,1,0,0,13.35,0
tx_03777,2786,7.932721027481948,5968,0.7,4,0,4,0,1,0,0,29.51,0
tx_03778,1846,7.52131798019924,7995,0.3,21,0,2,1,1,0,0,9.65,0
tx_03779,14897,9.608982254736222,5412,0.2,14,1,1,1,-1,0,0,6.28,0
tx_03780,15607,9.655538882302947,4121,0.2,23,0,3,1,-1,0,0,56.65,1
tx_03781,5741,8.655562860681009,4900,0.1,4,0,2,1,1,0,0,1.93,0
tx_03782,10766,9.284241179815718,4814,0.55,21,1,2,1,1,0,1,0.72,0
tx_03783,9739,9.18399639663658,5814,0.3,20,1,8,0,1,0,0,1.56,0
tx_03784,14436,9.577549634629815,7995,0.3,22,1,2,1,1,0,1,2.86,0
tx_03785,14468,9.579763708737081,5691,0.35,1,1,2,1,-1,0,0,14.88,0
tx_03786,685,6.530877627725885,4829,0.8,2,1,3,1,1,0,0,22.42,0
tx_03787,6481,8.776784383701493,4121,0.2,12,1,1,0,1,0,0,1.93,0
tx_03788,13322,9.497247143960212,7995,0.3,2,0,3,1,0,0,1,2.39,0
tx_03789,5515,8.615408238913192,5311,0.4,1,0,1,1,1,0,0,2.92,0
tx_03790,8430,9.039670667922676,4814,0.55,19,0,5,1,1,0,0,5.24,0
tx_03791,16620,9.71842223507111,4829,0.8,16,1,8,-1,1,0,0,4.99,0
tx_03792,8796,9.082166033252674,4900,0.1,20,1,0,1,1,0,0,7.69,0
tx_03793,34122,10.437726922711134,5812,0.45,22,0,7,1,1,0,0,1.6,0
tx_03794,23761,10.075842945018232,6011,0.85,3,0,1,1,1,0,1,1.37,0
tx_03795,7277,8.892611378172106,4900,0.1,19,1,2,1,1,0,0,1.75,0
tx_03796,6748,8.817149624743406,5812,0.45,1,1,2,-1,1,0,0,5.22,0
tx_03797,543,6.298949246855942,4121,0.2,8,0,0,1,0,0,0,1.15,0
tx_03798,5973,8.695171998776056,4121,0.2,7,0,3,1,1,0,0,1.68,0
tx_03799,2252,7.720017940432244,4121,0.2,5,1,5,0,-1,0,0,9.17,0
tx_03800,10050,9.21542741102474,6011,0.85,17,0,1,1,1,0,0,28.9,0
tx_03801,9418,9.150484204822817,5712,0.25,2,1,0,1,1,0,0,7.9,0
tx_03802,15776,9.666308462257454,5968,0.7,19,1,4,1,1,0,0,1.34,0
tx_03803,30700,10.332050506334692,4121,0.2,20,1,3,1,1,0,0,11.37,0
tx_03804,7944,8.980298078970817,4121,0.2,15,1,3,-1,1,0,0,2.49,0
tx_03805,71080,11.171575350824662,5968,0.7,1,1,5,0,1,0,0,26.68,1
tx_03806,10158,9.226115291091546,4814,0.55,14,0,1,1,1,0,1,8.31,0
tx_03807,2346,7.760893195851024,4829,0.8,15,0,1,0,1,0,0,1.79,0
tx_03808,4775,8.471358655072438,5691,0.35,8,0,3,1,1,0,0,5.72,0
tx_03809,5716,8.651199471263972,5712,0.25,8,1,2,1,1,0,0,0.92,0
tx_03810,14295,9.567735056839265,4900,0.1,11,1,0,1,1,0,0,6.1,0
tx_03811,3312,8.105609402299896,5412,0.2,23,0,4,0,1,0,0,3.6,0
tx_03812,6137,8.722254235179681,5812,0.45,0,1,1,1,1,0,0,61.66,0
tx_03813,6990,8.852378886511985,5412,0.2,12,0,2,1,1,0,0,6.37,0
tx_03814,5321,8.579604451537634,5411,0.1,7,0,1,1,1,0,0,5.32,0
tx_03815,17606,9.776051829226445,4814,0.55,13,0,3,1,1,0,0,0.28,0
tx_03816,14979,9.61447125707121,5412,0.2,0,1,0,1,1,0,1,10.58,0
tx_03817,24672,10.113464807318579,5968,0.7,22,0,2,1,1,1,0,2463.14,1
tx_03818,5947,8.690810307580046,5712,0.25,10,1,6,0,0,0,0,20.31,0
tx_03819,25529,10.14760951023553,6011,0.85,23,0,0,-1,1,0,0,4.27,0
tx_03820,2229,7.709756864454165,4814,0.55,3,0,0,1,1,0,0,2.37,0
tx_03821,2178,7.68662133494462,4121,0.2,14,1,0,-1,1,0,0,22.0,0
tx_03822,2571,7.85243908535751,5691,0.35,16,0,8,0,1,0,0,4.46,0
tx_03823,8217,9.014082149443356,4829,0.8,19,0,6,0,1,0,0,4.74,0
tx_03824,25525,10.147452819542636,5712,0.25,0,0,3,1,1,0,0,3.33,0
tx_03825,4597,8.433376705323127,6011,0.85,15,1,11,0,1,0,0,0.33,0
tx_03826,5179,8.55256033525353,5311,0.4,3,0,3,1,1,0,0,1.85,0
tx_03827,6634,8.800113946766308,5691,0.35,10,0,2,1,1,0,0,5.57,0
tx_03828,14036,9.549451979534325,5812,0.45,1,0,3,0,1,0,0,10.17,0
tx_03829,5174,8.55159461813357,4829,0.8,1,1,1,1,0,1,0,4829.77,1
tx_03830,4907,8.498621805830801,6011,0.85,18,0,6,0,1,1,0,2867.46,1
tx_03831,2269,7.727535110475448,4829,0.8,17,0,0,1,1,0,0,0.63,0
tx_03832,4732,8.462314529906248,5968,0.7,21,0,1,1,1,0,0,1.58,0
tx_03833,24928,10.123787063398602,5812,0.45,16,0,3,1,1,0,0,78.5,0
tx_03834,8880,9.091669442258505,4814,0.55,14,0,4,0,1,1,0,1754.57,0
tx_03835,4033,8.302513718514158,5814,0.3,2,1,0,1,1,0,0,25.16,0
tx_03836,26357,10.179527113203834,4829,0.8,18,0,10,0,0,0,0,3.58,0
tx_03837,4671,8.449342524508063,5712,0.25,5,1,2,1,0,0,0,17.07,0
tx_03838,31386,10.354149073430555,7995,0.3,2,0,0,1,1,0,0,16.29,0
tx_03839,30903,10.338640904346118,7995,0.3,17,1,3,1,1,0,0,65.87,0
tx_03840,8590,9.058470422638056,6011,0.85,14,1,3,-1,1,0,0,8.45,0
tx_03841,1962,7.5822291942764615,5412,0.2,3,0,1,-1,1,0,0,1.41,0
tx_03842,71696,11.180204184708169,5691,0.35,13,0,1,1,1,0,0,1.98,0
tx_03843,11767,9.373139262281274,5311,0.4,16,1,0,1,1,0,0,7.14,0
tx_03844,5988,8.697679732264463,6011,0.85,11,1,2,1,0,0,0,0.22,1
tx_03845,20201,9.91353688838913,5412,0.2,17,1,10,0,1,0,0,8.13,0
tx_03846,15873,9.672437829650821,5814,0.3,12,0,0,1,1,0,0,9.72,0
tx_03847,28298,10.250581747317963,5411,0.1,8,1,2,1,1,0,0,29.31,0
tx_03848,4341,8.376090350438238,5814,0.3,5,0,3,1,1,0,0,0.56,0
tx_03849,11023,9.30782999325344,4900,0.1,6,0,1,-1,-1,0,0,1.31,0
tx_03850,2640,7.878912912297133,5814,0.3,19,1,1,1,1,0,0,5.69,0
tx_03851,15340,9.638284261844774,4121,0.2,8,0,2,0,0,0,0,4.7,0
tx_03852,7969,8.98343977178426,4814,0.55,17,0,5,1,-1,0,0,5.08,0
tx_03853,10637,9.272187775302262,5311,0.4,8,0,1,1,1,0,0,15.96,0
tx_03854,7088,8.866299565855018,5412,0.2,12,0,1,1,0,0,0,7.51,0
tx_03855,6417,8.766861821669803,5812,0.45,14,1,0,-1,0,0,0,31.27,0
tx_03856,3570,8.18060094759445,5411,0.1,11,0,4,1,1,0,0,21.0,0
tx_03857,17259,9.756146964637418,4121,0.2,17,0,7,1,1,0,0,2.21,0
tx_03858,33536,10.420404585938435,5311,0.4,22,1,1,1,1,0,0,7.11,0
tx_03859,4800,8.476579508530941,5412,0.2,20,0,2,1,1,0,0,9.81,0
tx_03860,13781,9.531118671917154,5691,0.35,22,0,2,1,1,0,0,48.64,0
tx_03861,12280,9.415808631610384,5812,0.45,0,1,2,-1,1,0,0,6.55,0
tx_03862,8208,9.012986392348266,4900,0.1,18,0,5,1,0,1,0,4888.05,1
tx_03863,1910,7.555381944240273,5712,0.25,17,1,3,0,1,0,0,2.85,0
tx_03864,2365,7.768956044538332,5712,0.25,9,0,2,1,1,0,0,9.6,0
tx_03865,3879,8.263590432617319,5814,0.3,7,1,2,0,1,0,0,1.38,0
tx_03866,1068,6.974478911025045,5691,0.35,1,1,7,0,0,0,0,2.27,0
tx_03867,31033,10.34283865664343,5968,0.7,20,1,1,1,1,0,0,22.86,0
tx_03868,11551,9.354613861132608,4900,0.1,20,0,0,1,1,0,0,14.02,0
tx_03869,7917,8.976893927666076,5812,0.45,1,0,7,0,1,0,0,25.57,0
tx_03870,1017,6.925595197110468,4121,0.2,13,0,6,0,1,0,0,75.46,0
tx_03871,1440,7.273092595999522,4814,0.55,13,1,1,1,1,0,0,15.51,0
tx_03872,8127,9.003070169818264,6011,0.85,4,0,0,-1,0,0,1,6.73,0
tx_03873,52952,10.877160006648388,5412,0.2,13,0,3,0,1,0,0,2.56,0
tx_03874,4194,8.341648618901306,5712,0.25,19,0,2,1,1,0,0,2.62,0
tx_03875,18505,9.825850282808975,5712,0.25,7,0,1,1,0,0,0,5.11,0
tx_03876,5163,8.549466751966532,5812,0.45,17,0,2,1,1,0,0,4.67,0
tx_03877,8584,9.057771773331575,4900,0.1,23,0,2,1,1,0,0,14.19,0
tx_03878,25826,10.159175735326064,4829,0.8,10,1,3,0,1,0,0,1.74,0
tx_03879,5864,8.676757761087575,4121,0.2,2,0,0,0,1,0,0,2.55,0
tx_03880,4228,8.34972083747249,6011,0.85,7,1,0,1,1,0,1,7.69,0
tx_03881,31330,10.35236330172604,4900,0.1,3,1,0,1,0,0,0,0.85,0
tx_03882,8505,9.04852707581358,5712,0.25,8,0,0,1,1,0,0,28.96,0
tx_03883,22967,10.0418572218009,5412,0.2,15,1,2,1,1,0,0,14.06,0
tx_03884,4248,8.354438940114811,4829,0.8,4,0,1,1,1,0,0,6.38,0
tx_03885,30993,10.34154891634728,5411,0.1,12,0,1,1,0,0,0,1.46,0
tx_03886,10563,9.265207273417023,4814,0.55,23,0,2,1,1,0,1,4.21,0
tx_03887,12311,9.418329675518715,4829,0.8,6,0,1,1,1,0,0,11.72,0
tx_03888,9230,9.130322663990151,4814,0.55,21,1,7,0,1,0,0,2.34,0
tx_03889,5039,8.525161361065415,5968,0.7,7,0,2,1,-1,0,0,0.69,0
tx_03890,8132,9.003685138166775,5691,0.35,14,0,1,1,1,0,0,8.72,0
tx_03891,5349,8.584851839890053,6011,0.85,3,0,0,-1,0,0,0,7.26,0
tx_03892,20267,9.9167985665958,5412,0.2,6,0,5,0,1,0,0,2.78,0
tx_03893,6716,8.812396905266864,4829,0.8,20,1,0,1,1,1,0,762.84,1
tx_03894,1965,7.583756300707112,5712,0.25,14,0,0,1,-1,0,0,1.86,0
tx_03895,1652,7.410347097821024,7995,0.3,13,1,2,1,1,0,0,26.42,0
tx_03896,1579,7.365180126021013,5691,0.35,12,0,2,1,1,0,0,11.14,0
tx_03897,14651,9.592332123898705,4121,0.2,5,0,0,1,1,0,0,7.72,0
tx_03898,2728,7.911690520708339,5311,0.4,22,0,1,1,1,0,1,81.18,0
tx_03899,10832,9.290352309945568,6011,0.85,9,0,2,1,1,0,0,20.07,0
tx_03900,9273,9.134970064951407,5691,0.35,0,0,3,1,1,0,0,2.25,0
tx_03901,7659,8.943767262734637,7995,0.3,21,1,2,-1,1,0,0,2.53,0
tx_03902,12353,9.421735176255844,5691,0.35,1,1,6,0,1,1,0,1130.0,1
tx_03903,9467,9.155672970633875,4121,0.2,21,1,0,1,1,0,0,7.28,0
tx_03904,621,6.432940092739179,6011,0.85,6,1,1,1,-1,0,0,2.15,0
tx_03905,5989,8.697846691109495,5814,0.3,1,1,1,1,1,0,0,0.4,0
tx_03906,12198,9.409109260148737,5814,0.3,5,0,2,1,1,0,1,2.82,0
tx_03907,38694,10.56346567170456,7995,0.3,15,0,0,1,1,0,0,15.25,0
tx_03908,40429,10.607327362634816,4829,0.8,13,0,4,-1,1,0,1,25.88,0
tx_03909,2231,7.710653323501202,6011,0.85,3,1,2,-1,1,0,0,13.81,0
tx_03910,5843,8.67317077287059,4900,0.1,7,1,1,-1,1,0,0,4.36,0
tx_03911,1840,7.518064181233078,7995,0.3,5,0,3,1,0,0,0,18.0,0
tx_03912,34512,10.449091343637994,4829,0.8,15,0,7,0,0,1,0,4333.91,1
tx_03913,21320,9.967447781495006,5691,0.35,20,1,0,1,-1,0,0,9.55,0
tx_03914,11364,9.338293736286644,5968,0.7,6,1,1,1,-1,0,0,5.33,0
tx_03915,9537,9.16303909885817,4814,0.55,21,0,3,1,1,0,0,41.19,0
tx_03916,30235,10.316788546412067,4121,0.2,9,0,1,1,1,0,0,2.37,0
tx_03917,25743,10.155956869232165,5968,0.7,1,1,1,1,1,0,0,12.8,0
tx_03918,24473,10.105366608545614,4121,0.2,7,1,6,0,1,0,1,0.13,0
tx_03919,12569,9.439068301584292,5712,0.25,20,0,2,1,1,0,0,3.24,0
tx_03920,5845,8.673512945671192,7995,0.3,19,0,3,-1,1,0,0,0.35,0
tx_03921,16881,9.734003244543665,5712,0.25,17,1,1,1,-1,0,0,12.75,0
tx_03922,17684,9.780472101639582,5412,0.2,9,1,1,1,1,0,0,1.97,0
tx_03923,6796,8.824236617346639,5411,0.1,18,0,0,1,1,0,0,11.3,0
tx_03924,5834,8.671629544720656,5712,0.25,17,1,0,1,1,0,0,2.56,0
tx_03925,23904,10.081842921060204,5712,0.25,19,1,2,-1,1,0,0,2.83,0
tx_03926,39580,10.586104484122892,5691,0.35,13,0,0,1,0,0,0,2.29,0
tx_03927,3997,8.293549515060345,4829,0.8,12,0,4,1,1,0,0,10.02,0
tx_03928,6342,8.755107121633896,5812,0.45,23,0,0,1,1,0,0,7.71,0
tx_03929,11368,9.338645632129106,5814,0.3,22,1,4,0,1,0,0,1.76,0
tx_03930,12932,9.467537463415244,5812,0.45,12,1,1,1,1,0,0,4.62,0
tx_03931,4959,8.509161019718974,4814,0.55,4,0,0,1,1,0,0,2.25,0
tx_03932,48753,10.794542524342022,5812,0.45,9,0,2,0,0,0,0,2.91,0
tx_03933,12163,9.406236048797256,5814,0.3,12,1,2,1,0,0,0,2.89,0
tx_03934,13494,9.510074525452104,4829,0.8,16,1,0,1,1,0,0,2.62,0
tx_03935,43309,10.676138834208672,5968,0.7,7,1,1,1,1,1,0,1550.77,0
tx_03936,5316,8.57866451350434,5691,0.35,1,0,2,1,1,0,0,11.6,0
tx_03937,7489,8.921324076511265,5412,0.2,19,0,1,1,1,0,0,0.78,0
tx_03938,2476,7.814803429489359,5814,0.3,22,0,1,1,1,0,1,3.88,0
tx_03939,6915,8.84159284680318,5691,0.35,1,0,0,1,1,0,0,117.48,0
tx_03940,1980,7.591357046698551,5691,0.35,7,1,3,1,1,0,0,24.36,0
tx_03941,16575,9.71571114505921,5311,0.4,10,0,3,1,0,1,0,880.59,1
tx_03942,12139,9.40426106461349,6011,0.85,18,1,2,1,-1,1,0,2759.57,1
tx_03943,6260,8.74209519574531,7995,0.3,18,0,0,1,1,0,0,3.32,0
tx_03944,7404,8.909910726701899,4814,0.55,8,1,7,0,1,0,0,1.87,0
tx_03945,16790,9.72859830755947,5814,0.3,7,1,3,0,1,0,0,5.35,0
tx_03946,2769,7.926602599181384,4121,0.2,9,0,6,0,1,0,0,7.13,0
tx_03947,9889,9.199279424616758,5411,0.1,5,0,0,1,1,0,0,9.62,0
tx_03948,15831,9.669788487282402,7995,0.3,10,0,1,1,1,0,0,3.01,0
tx_03949,1498,7.312553498102598,4829,0.8,6,0,3,1,-1,0,0,2.35,0
tx_03950,15613,9.655923226680237,5411,0.1,1,0,4,0,1,0,0,1.78,0
tx_03951,1660,7.415175109613295,4900,0.1,17,0,2,1,1,1,0,4732.28,1
tx_03952,7284,8.893572718629306,5814,0.3,18,0,5,-1,1,0,0,10.79,0
tx_03953,2697,7.900266036767701,5412,0.2,6,0,1,1,1,0,0,12.69,0
tx_03954,31725,10.3648918129684,5712,0.25,9,0,3,1,1,0,0,23.95,0
tx_03955,2713,7.906178840394815,7995,0.3,9,0,4,0,1,0,0,7.99,0
tx_03956,1698,7.4377951216719325,5691,0.35,0,1,0,1,1,0,0,13.37,0
tx_03957,9245,9.13194630454817,5814,0.3,13,1,1,-1,1,0,0,0.94,0
tx_03958,5498,8.612321536507814,4814,0.55,11,0,1,1,1,0,0,17.67,0
tx_03959,1950,7.576097340623111,4900,0.1,22,0,1,1,0,0,0,20.26,0
tx_03960,13423,9.504799428706987,7995,0.3,8,0,1,1,0,0,0,43.7,0
tx_03961,1228,7.113956109566034,6011,0.85,19,1,3,1,1,0,0,65.54,0
tx_03962,3043,8.020927718981577,5812,0.45,9,1,7,0,1,0,0,1.31,0
tx_03963,4716,8.458928283284262,5411,0.1,4,1,1,1,0,0,0,15.84,0
tx_03964,17453,9.767324127723256,4829,0.8,8,0,7,1,-1,0,0,3.42,0
tx_03965,27886,10.235915909400319,5968,0.7,21,0,3,1,0,0,0,2.96,0
tx_03966,23221,10.052855384186952,5814,0.3,6,0,6,0,1,0,0,3.4,0
tx_03967,7041,8.859647499714997,4900,0.1,20,1,1,0,0,0,0,2.95,0
tx_03968,812,6.70073110954781,5712,0.25,15,0,2,1,1,0,0,4.4,0
tx_03969,11807,9.376532546840254,5712,0.25,17,1,9,0,1,0,0,3.16,0
tx_03970,32932,10.402230473559138,5412,0.2,18,0,5,0,1,0,0,9.3,0
tx_03971,26299,10.177324218165856,6011,0.85,12,1,4,1,-1,0,0,12.19,0
tx_03972,12644,9.445017159104065,4814,0.55,14,1,0,-1,-1,0,0,21.97,0
tx_03973,2631,7.875499292445208,4900,0.1,1,0,1,1,1,0,0,10.12,0
tx_03974,4945,8.506334448081361,4814,0.55,16,0,7,0,1,0,0,4.79,0
tx_03975,51139,10.842322248845178,5812,0.45,17,1,0,1,1,0,0,12.3,0
tx_03976,2120,7.659642954564682,5812,0.45,2,1,1,-1,1,1,0,1231.04,1
tx_03977,2737,7.914983005848394,7995,0.3,12,0,1,1,1,0,0,10.92,0
tx_03978,19942,9.900633483553221,5691,0.35,12,0,3,1,1,0,0,10.17,0
tx_03979,5408,8.595819511871428,4829,0.8,7,1,5,0,1,0,0,142.61,0
tx_03980,2650,7.8826922062890254,5412,0.2,1,1,2,1,1,0,0,2.62,0
tx_03981,34778,10.45676903533851,4814,0.55,0,0,0,1,-1,0,0,15.98,0
tx_03982,12622,9.443275825752862,5812,0.45,5,1,4,1,0,0,0,6.47,0
tx_03983,5667,8.64259160081057,5812,0.45,5,0,2,1,1,0,0,0.73,0
tx_03984,2743,7.917171988845776,6011,0.85,5,0,2,1,1,0,0,0.68,0
tx_03985,56966,10.950227431793527,5311,0.4,14,1,1,1,1,0,0,0.56,0
tx_03986,7958,8.98205864280585,5311,0.4,10,1,1,1,1,1,0,719.55,0
tx_03987,30719,10.332669187261608,4121,0.2,2,0,1,1,1,0,0,0.77,0
tx_03988,19037,9.854192260811251,5411,0.1,2,1,6,0,1,0,0,4.75,0
tx_03989,4966,8.51057131510735,5412,0.2,15,0,1,1,1,0,0,6.41,0
tx_03990,5003,8.517992871586802,5814,0.3,22,1,3,1,-1,0,0,2.98,0
tx_03991,32182,10.379193641807104,5814,0.3,19,1,2,1,1,1,0,4936.92,1
tx_03992,32681,10.39457974661173,4814,0.55,18,1,3,0,1,0,0,16.04,0
tx_03993,1369,7.222566018822171,4900,0.1,7,0,1,1,1,0,0,1.85,0
tx_03994,13732,9.527556974530281,5691,0.35,16,0,2,1,1,0,0,5.73,0
tx_03995,7259,8.890135107818843,5311,0.4,1,0,8,0,1,0,0,0.36,0
tx_03996,3052,8.023879992734878,4121,0.2,4,1,2,1,1,0,0,7.21,0
tx_03997,10444,9.253878673990666,5968,0.7,3,0,5,0,1,0,0,25.49,0
tx_03998,2260,7.72356247227797,5814,0.3,4,1,0,1,1,0,0,13.8,0
tx_03999,5229,8.56216655705897,5691,0.35,8,1,2,0,-1,0,0,3.94,0
tx_04000,3815,8.246958032568177,5311,0.4,1,0,3,1,1,0,0,3.23,0
tx_04001,5066,8.53050420547591,5968,0.7,19,1,0,1,1,0,0,40.0,0
tx_04002,7610,8.937349848267392,4121,0.2,17,0,1,1,0,0,0,11.39,0
tx_04003,3104,8.040768994367578,5412,0.2,15,1,0,1,0,0,0,5.76,0
tx_04004,36304,10.499710751814348,5968,0.7,4,0,3,0,0,0,0,11.67,0
tx_04005,13014,9.473857817428666,7995,0.3,20,1,2,1,1,0,0,2.71,0
tx_04006,44802,10.710030380446783,4900,0.1,0,0,4,1,1,0,0,4.44,0
tx_04007,6996,8.853236764745898,5812,0.45,23,1,1,1,0,0,0,2.2,0
tx_04008,4836,8.484049972822984,4829,0.8,17,1,7,0,-1,0,0,15.35,0
tx_04009,43289,10.675676940436027,4814,0.55,4,1,0,-1,1,0,0,1.7,0
tx_04010,4703,8.456168489578463,5311,0.4,4,1,2,1,-1,0,0,2.87,0
tx_04011,6876,8.835937789319836,6011,0.85,16,1,1,1,1,0,0,8.57,0
tx_04012,16143,9.68930374259339,5812,0.45,19,1,6,0,1,0,0,0.24,0
tx_04013,2513,7.829630389150193,5412,0.2,11,1,4,0,-1,0,0,1.99,0
tx_04014,16009,9.68096880599076,4900,0.1,1,0,3,1,0,0,0,1.7,0
tx_04015,14177,9.559446746414963,4814,0.55,11,1,3,1,1,0,0,6.3,0
tx_04016,27202,10.211082540319786,4900,0.1,11,0,2,0,1,0,0,6.19,0
tx_04017,18972,9.850772194864133,4829,0.8,7,0,7,1,1,0,0,54.06,0
tx_04018,28005,10.240174051915723,4829,0.8,21,1,2,-1,1,0,0,1.64,0
tx_04019,7334,8.900412690577083,5812,0.45,8,0,5,0,1,0,0,0.81,0
tx_04020,3589,8.185907481482324,4814,0.55,5,0,6,0,1,0,0,21.19,0
tx_04021,60455,11.009671106700555,4121,0.2,16,0,7,0,1,0,0,2.29,0
tx_04022,1910,7.555381944240273,5691,0.35,14,0,5,-1,1,0,0,5.79,0
tx_04023,2101,7.650644551436897,5311,0.4,14,1,2,1,1,0,0,2.68,0
tx_04024,13933,9.542087175590064,5412,0.2,12,1,2,-1,1,0,1,10.31,0
tx_04025,38136,10.548940218483393,4814,0.55,7,1,2,1,1,1,0,1796.48,0
tx_04026,9752,9.185330208972015,4829,0.8,6,1,0,1,1,0,0,3.16,0
tx_04027,21047,9.95456082272013,5412,0.2,2,1,5,1,1,0,0,5.07,0
tx_04028,1223,7.1098794630722715,5812,0.45,4,0,1,1,1,0,0,2.75,0
tx_04029,5067,8.53070154144103,5411,0.1,13,1,2,1,1,0,0,5.27,0
tx_04030,1373,7.2254814727822945,5691,0.35,9,0,3,1,0,0,0,2.87,0
tx_04031,17095,9.746599796998984,5691,0.35,17,1,1,1,1,0,0,28.61,0
tx_04032,1873,7.535830462798367,4900,0.1,19,0,1,1,1,0,1,3.55,0
tx_04033,2419,7.791522819150732,4900,0.1,13,1,2,1,1,0,0,2.86,0
tx_04034,13273,9.49356251370587,5411,0.1,2,1,3,1,1,0,0,0.57,0
tx_04035,22335,10.0139550055621,4121,0.2,0,1,1,1,1,0,0,1.34,0
tx_04036,7003,8.854236693405742,5812,0.45,5,0,3,1,1,0,0,10.11,0
tx_04037,14000,9.546884034617925,5712,0.25,6,0,9,0,1,0,0,4.07,0
tx_04038,13576,9.51613246360028,5311,0.4,1,1,3,1,1,0,0,3.32,0
tx_04039,6638,8.80071662871916,5411,0.1,18,0,4,1,-1,0,0,11.97,0
tx_04040,2879,7.965545573129992,5311,0.4,8,1,2,1,0,0,0,23.79,0
tx_04041,13930,9.541871851706224,5812,0.45,17,0,2,1,0,0,0,1.79,0
tx_04042,14583,9.5876803163585,5814,0.3,5,1,0,1,1,0,0,3.74,0
tx_04043,19044,9.854559878912704,4814,0.55,0,0,11,0,1,0,0,0.4,0
tx_04044,10956,9.301733800405394,5411,0.1,3,0,1,1,1,0,0,15.57,0
tx_04045,2684,7.895436006942965,4121,0.2,11,0,2,-1,1,0,0,150.92,0
tx_04046,15693,9.661033752687418,5412,0.2,11,1,1,1,1,0,0,3.24,0
tx_04047,8134,9.003931019653137,4900,0.1,10,0,6,0,1,0,0,3.15,0
tx_04048,5149,8.546751993657782,5311,0.4,23,0,0,1,-1,0,0,4.49,0
tx_04049,6157,8.725507328484445,5412,0.2,15,0,0,-1,-1,0,0,6.59,0
tx_04050,4228,8.34972083747249,5311,0.4,17,1,3,0,1,0,0,6.94,0
tx_04051,18950,9.84961197956681,5411,0.1,2,0,5,1,-1,1,0,3559.92,1
tx_04052,2117,7.658227526161352,5814,0.3,11,1,3,1,0,0,0,0.93,0
tx_04053,3170,8.061802274538348,5968,0.7,14,1,0,1,1,0,1,4.63,0
tx_04054,5960,8.692993531219926,4121,0.2,14,1,3,1,1,0,1,10.68,0
tx_04055,37731,10.538263819769744,5411,0.1,22,0,2,1,1,0,0,1.18,0
tx_04056,22175,10.00676590198963,5968,0.7,11,1,0,-1,1,0,0,0.97,0
tx_04057,1714,7.44716835960004,5691,0.35,8,1,4,1,1,0,0,2.54,0
tx_04058,29406,10.288988020224695,4829,0.8,22,0,1,1,1,0,1,6.1,0
tx_04059,29352,10.287150034683448,5712,0.25,8,0,1,1,1,0,0,10.45,0
tx_04060,2670,7.890208213109961,4829,0.8,13,0,1,1,1,0,0,12.64,0
tx_04061,742,6.610696044717759,4121,0.2,0,1,6,0,1,0,0,1.76,0
tx_04062,7605,8.936692688488204,5712,0.25,3,0,2,1,1,0,0,0.52,0
tx_04063,23658,10.071498871212288,5691,0.35,1,1,0,1,0,0,0,32.65,0
tx_04064,36933,10.516887815005818,5814,0.3,10,1,2,1,1,0,1,21.86,0
tx_04065,3561,8.178077463849608,5311,0.4,22,1,3,-1,1,0,0,2.9,0
tx_04066,43026,10.66958310460134,5968,0.7,1,1,2,1,1,0,0,12.38,0
tx_04067,981,6.889591308354466,5411,0.1,23,1,0,1,1,0,0,6.95,0
tx_04068,5742,8.655737000864297,5814,0.3,20,1,1,1,1,0,0,3.99,0
tx_04069,5480,8.609042845046117,4814,0.55,0,1,5,0,1,0,0,42.91,0
tx_04070,24340,10.099917450331914,4814,0.55,0,1,2,1,1,0,0,2.27,0
tx_04071,27961,10.23860172454777,5814,0.3,21,0,3,0,1,0,0,0.92,0
tx_04072,20165,9.91175329695316,5968,0.7,14,1,3,-1,1,0,0,5.92,0
tx_04073,2258,7.7226775164680035,7995,0.3,4,0,1,1,1,0,0,2.47,0
tx_04074,18484,9.824714871370732,5311,0.4,22,0,3,1,-1,0,0,6.13,0
tx_04075,13210,9.488805094878353,4121,0.2,13,1,2,-1,1,0,0,3.48,0
tx_04076,1665,7.418180822726788,7995,0.3,15,1,4,1,1,0,0,2.12,0
tx_04077,1143,7.042286171939743,5712,0.25,16,0,8,0,0,0,0,3.81,0
tx_04078,21835,9.991315262901649,4900,0.1,4,0,4,0,1,0,0,0.79,0
tx_04079,6864,8.834191318202071,5814,0.3,8,0,1,1,1,0,0,0.79,0
tx_04080,2402,7.784473235736469,6011,0.85,3,1,2,1,-1,0,0,3.65,0
tx_04081,6684,8.807621489536043,4900,0.1,12,1,1,1,1,0,0,7.93,0
tx_04082,11510,9.351058378915061,5814,0.3,23,0,0,1,1,0,0,0.66,0
tx_04083,7529,8.92665032079394,5968,0.7,15,0,2,1,0,0,0,8.53,0
tx_04084,1865,7.531552381407289,5691,0.35,16,1,14,0,-1,0,0,2.77,0
tx_04085,48847,10.79646871497466,5712,0.25,4,1,2,1,1,0,0,7.92,0
tx_04086,21145,9.959206041292472,4900,0.1,13,1,3,0,1,0,0,6.57,0
tx_04087,5923,8.68676717538769,7995,0.3,23,0,2,1,1,0,0,15.98,0
tx_04088,6154,8.725020038618554,7995,0.3,2,1,3,1,1,0,0,4.15,0
tx_04089,11461,9.346792495111682,7995,0.3,4,0,0,1,1,0,0,0.69,0
tx_04090,2785,7.932362154339751,5814,0.3,17,0,0,1,-1,0,0,57.02,0
tx_04091,11067,9.311813340906816,4121,0.2,0,0,0,1,1,0,0,5.58,0
tx_04092,2301,7.741533589281828,5411,0.1,4,0,1,-1,0,0,0,5.94,0
tx_04093,7617,8.938269147038548,5412,0.2,22,0,1,1,0,0,0,4.21,0
tx_04094,2684,7.895436006942965,7995,0.3,0,1,3,1,1,0,0,26.67,0
tx_04095,2816,7.943427767876373,5691,0.35,10,1,2,1,1,0,0,1.14,0
tx_04096,38894,10.568620986640875,5691,0.35,7,1,2,1,1,0,0,0.94,0
tx_04097,8617,9.061608318175784,4829,0.8,9,1,1,1,1,0,0,2.14,0
tx_04098,9919,9.20230820027892,5968,0.7,6,1,3,1,1,0,0,7.93,0
tx_04099,1205,7.095064377287131,5311,0.4,6,0,0,1,1,0,0,2.08,0
tx_04100,4619,8.438149984075784,4814,0.55,18,0,1,1,1,0,0,1.98,0
tx_04101,12624,9.443434254143561,7995,0.3,0,0,2,1,1,0,0,1.3,0
tx_04102,9795,9.189729418072059,4829,0.8,3,1,4,1,1,0,0,13.83,0
tx_04103,1052,6.959398512133975,4121,0.2,6,1,1,1,1,0,0,7.61,0
tx_04104,9916,9.202005735186125,4814,0.55,19,1,9,0,1,0,0,12.87,0
tx_04105,11538,9.353487881194667,5412,0.2,9,0,0,1,-1,0,0,2.59,0
tx_04106,27577,10.224773632401687,4814,0.55,0,1,2,1,1,0,0,4.54,0
tx_04107,4371,8.382975849296429,5968,0.7,12,0,5,0,1,0,1,12.21,0
tx_04108,968,6.876264611890766,5691,0.35,15,0,1,1,-1,0,1,1.87,0
tx_04109,3160,8.058643712215618,5311,0.4,10,0,7,0,1,0,0,16.52,0
tx_04110,2873,7.96346006663897,4121,0.2,2,1,6,0,-1,0,0,8.31,0
tx_04111,16400,9.70509758756311,5412,0.2,21,1,1,1,1,0,0,23.29,0
tx_04112,617,6.42648845745769,4829,0.8,20,1,5,0,1,0,0,15.27,0
tx_04113,5320,8.579416534596369,7995,0.3,21,0,4,1,0,0,0,0.69,0
tx_04114,31561,10.359709144308079,5311,0.4,23,1,0,-1,1,0,0,2.49,0
tx_04115,8201,9.012133305952004,5412,0.2,7,0,3,1,0,0,0,0.3,0
tx_04116,19085,9.8567103609772,4121,0.2,10,0,0,1,1,0,0,0.48,0
tx_04117,1712,7.44600149832412,4814,0.55,23,1,1,1,1,0,0,1.51,0
tx_04118,1778,7.483806687665835,4829,0.8,10,1,0,1,1,0,1,24.59,0
tx_04119,31906,10.370580700437113,4121,0.2,20,1,3,1,1,0,0,4.83,0
tx_04120,8967,9.101417964751995,5814,0.3,15,0,2,1,1,1,0,986.41,1
tx_04121,8985,9.103423089630105,7995,0.3,22,1,3,1,1,0,1,2.7,0
tx_04122,2816,7.943427767876373,7995,0.3,0,0,2,1,1,0,0,3.33,0
tx_04123,8963,9.100971834920818,4900,0.1,16,1,2,1,1,0,0,11.0,0
tx_04124,2742,7.916807490937603,5968,0.7,19,0,1,1,1,0,0,4.0,0
tx_04125,25152,10.132732452708314,5691,0.35,4,1,2,1,1,0,0,3.8,0
tx_04126,108729,11.596623023991794,4121,0.2,17,0,2,1,1,0,0,9.18,0
tx_04127,12899,9.464982590349763,4814,0.55,4,1,2,1,1,0,0,1.36,0
tx_04128,4456,8.402231172946555,5691,0.35,21,1,1,1,0,0,1,6.14,0
tx_04129,734,6.5998704992128365,5411,0.1,21,1,4,-1,1,0,0,6.51,0
tx_04130,1644,7.405495663199472,4121,0.2,0,0,2,1,1,0,1,0.59,0
tx_04131,35678,10.482317559395355,7995,0.3,12,0,5,1,1,0,0,1.31,0
tx_04132,3064,8.027802848370312,5814,0.3,9,0,1,-1,1,0,0,2.24,0
tx_04133,5727,8.653121708640482,5691,0.35,21,0,1,1,1,0,0,2.74,0
tx_04134,15180,9.627799924932715,7995,0.3,7,1,1,1,1,0,0,8.86,0
tx_04135,33301,10.413372734225062,7995,0.3,17,1,1,1,1,0,0,1.63,0
tx_04136,6738,8.815666824946216,7995,0.3,2,0,6,0,0,0,0,1.6,0
tx_04137,5545,8.620832226175724,4900,0.1,5,1,0,1,1,0,0,10.54,0
tx_04138,8719,9.073374516903025,6011,0.85,23,1,1,1,1,0,0,15.46,0
tx_04139,4487,8.409162447202533,5691,0.35,9,0,0,1,1,0,0,16.11,0
tx_04140,4722,8.460199469896118,5814,0.3,18,1,1,1,1,0,0,1.28,0
tx_04141,12046,9.396570945266852,6011,0.85,23,1,3,1,1,0,0,1.63,0
tx_04142,9713,9.18132342290569,4829,0.8,23,0,3,-1,1,0,0,0.63,0
tx_04143,61710,11.030217476012854,5412,0.2,0,1,0,-1,1,0,0,0.22,0
tx_04144,12358,9.422139821589736,4814,0.55,5,1,2,1,1,0,0,1.1,0
tx_04145,24313,10.098807595115739,4900,0.1,17,0,11,0,1,0,0,2.23,0
tx_04146,2944,7.987864096085687,5411,0.1,22,0,8,0,-1,0,0,6.27,0
tx_04147,13414,9.504128762859725,5968,0.7,23,1,2,-1,1,0,0,13.37,0
tx_04148,4098,8.318498320504338,6011,0.85,17,1,2,0,0,0,0,4.32,1
tx_04149,11859,9.380926672551716,5411,0.1,2,0,3,0,-1,0,0,27.29,0
tx_04150,15666,9.659311868393488,5311,0.4,17,0,2,1,1,0,0,1.66,0
tx_04151,8540,9.052633375946147,5691,0.35,6,1,0,1,0,0,0,25.17,0
tx_04152,80188,11.292141627340477,6011,0.85,19,0,2,1,-1,0,0,1.8,0
tx_04153,31627,10.361798083190818,7995,0.3,13,1,2,1,1,0,0,8.78,0
tx_04154,24923,10.123586473664112,4900,0.1,4,0,1,-1,1,0,0,6.37,0
tx_04155,16835,9.731274729890462,4829,0.8,20,1,1,-1,1,0,0,20.32,0
tx_04156,43493,10.680378276528932,5812,0.45,23,0,9,0,1,0,0,29.01,0
tx_04157,2080,7.640603826393634,5311,0.4,12,1,6,0,1,0,0,1.46,0
tx_04158,29940,10.306984057549448,4829,0.8,19,0,0,1,1,0,0,0.31,0
tx_04159,3176,8.063692634269517,4121,0.2,1,1,0,1,1,0,0,3.83,0
tx_04160,4765,8.469262657658687,5411,0.1,6,0,3,1,1,0,0,7.89,0
tx_04161,13884,9.538564399740899,5411,0.1,3,0,0,1,1,0,1,4.87,0
tx_04162,26284,10.176753713253548,5691,0.35,6,0,8,0,1,0,0,162.2,0
tx_04163,2722,7.909489492673759,4829,0.8,9,1,1,1,1,0,0,9.5,0
tx_04164,5005,8.518392471991719,5814,0.3,10,1,0,1,-1,0,0,9.46,0
tx_04165,8936,9.097955241381392,5812,0.45,7,0,3,1,0,0,0,1.04,0
tx_04166,6823,8.828201089171515,5412,0.2,13,0,1,1,1,0,1,2.56,0
tx_04167,18334,9.816567080505427,4829,0.8,5,1,7,0,0,0,0,8.75,1
tx_04168,213054,12.269305627322,5691,0.35,8,1,4,0,0,0,0,7.2,1
tx_04169,12131,9.403601868808472,5812,0.45,20,1,3,1,0,0,0,5.37,0
tx_04170,4051,8.306965865368573,5411,0.1,13,0,8,0,0,0,0,22.44,0
tx_04171,2377,7.774015077250727,4900,0.1,0,1,5,1,1,0,0,2.19,0
tx_04172,5980,8.696343057044556,5691,0.35,7,0,2,1,1,0,0,8.22,0
tx_04173,3334,8.112227958349724,5311,0.4,19,0,1,1,0,0,0,2.27,0
tx_04174,12700,9.44943600950432,5411,0.1,4,0,6,0,0,0,0,150.02,0
tx_04175,12514,9.434683203865875,5311,0.4,22,0,1,-1,1,0,0,1.99,0
tx_04176,5246,8.565411763686711,5311,0.4,7,0,1,1,1,0,0,60.35,0
tx_04177,53684,10.890888911868236,5814,0.3,15,0,5,0,1,0,0,3.71,0
tx_04178,4050,8.30671904320269,5412,0.2,11,1,1,0,1,0,0,2.29,0
tx_04179,7271,8.891786635857315,5412,0.2,15,0,0,-1,1,0,0,4.76,0
tx_04180,14949,9.612466578818832,5812,0.45,19,1,1,1,1,0,0,1.26,0
tx_04181,19008,9.852667830206153,5411,0.1,3,0,3,1,1,0,1,1.65,0
tx_04182,27416,10.218918537940311,4814,0.55,8,1,2,1,1,0,1,35.4,0
tx_04183,12237,9.412301144022486,5968,0.7,13,0,2,-1,1,0,0,8.6,0
tx_04184,22105,10.0036043438709,4121,0.2,6,0,6,1,1,0,0,15.09,0
tx_04185,4330,8.373553741214627,5712,0.25,9,1,1,1,1,0,0,2.84,0
tx_04186,19484,9.87740021777281,4900,0.1,21,1,2,-1,1,0,0,11.46,0
tx_04187,19238,9.864694747816973,4829,0.8,5,0,0,1,1,0,0,5.89,0
tx_04188,34283,10.442434052018774,4121,0.2,4,1,1,1,1,0,0,2.12,0
tx_04189,1669,7.4205789054108005,6011,0.85,13,1,1,-1,1,0,0,225.37,0
tx_04190,3440,8.14351740579748,5412,0.2,2,0,2,1,1,1,0,2090.94,1
tx_04191,17804,9.787234595711878,5311,0.4,0,0,1,1,0,0,1,5.5,0
tx_04192,656,6.48768401848461,5814,0.3,20,0,2,1,1,0,0,9.73,0
tx_04193,12998,9.47262771040802,4121,0.2,6,1,1,1,1,0,1,7.21,0
tx_04194,22292,10.01202800682558,5691,0.35,2,1,2,1,1,0,0,2.91,0
tx_04195,4711,8.457867725331422,5412,0.2,15,1,2,1,1,0,0,2.29,0
tx_04196,5413,8.596743470174246,5691,0.35,11,0,1,1,1,0,0,7.55,0
tx_04197,2936,7.98514393119862,4814,0.55,10,1,1,1,1,0,0,2.06,0
tx_04198,4963,8.509967146324497,7995,0.3,10,1,6,0,0,0,0,19.96,1
tx_04199,5101,8.537387898701757,4900,0.1,3,1,3,1,1,0,0,6.61,0
tx_04200,4258,8.356789669923213,5812,0.45,20,0,4,0,0,0,0,4.04,0
tx_04201,4042,8.304742269640771,5814,0.3,0,1,2,-1,0,0,0,5.76,0
tx_04202,6296,8.747828608488742,5311,0.4,11,1,4,0,1,0,1,9.4,0
tx_04203,6224,8.736328721332908,4814,0.55,6,0,0,1,-1,0,0,24.38,0
tx_04204,48320,10.785621527758789,5311,0.4,15,1,0,1,1,0,0,8.09,0
tx_04205,5601,8.630878955820053,5968,0.7,13,1,1,1,1,0,0,6.38,0
tx_04206,11295,9.332203959733024,6011,0.85,9,1,1,1,1,0,0,14.92,0
tx_04207,4709,8.457443187010464,7995,0.3,12,0,2,1,1,0,0,0.9,0
tx_04208,4652,8.445267451844648,4900,0.1,5,1,0,-1,1,0,0,2.6,0
tx_04209,1613,7.3864708488298945,5712,0.25,3,1,5,1,1,0,0,4.16,0
tx_04210,1831,7.513163545234075,4829,0.8,21,1,0,1,1,0,1,1.75,0
tx_04211,2588,7.859026979751538,5812,0.45,14,1,6,0,1,0,0,11.94,0
tx_04212,9698,9.179778066393542,5411,0.1,15,1,2,-1,1,1,0,2977.16,0
tx_04213,22641,10.027561867638054,5812,0.45,23,0,5,0,1,0,0,1.29,0
tx_04214,1492,7.30854279753919,5812,0.45,21,1,2,1,-1,0,0,1.12,0
tx_04215,4835,8.483843211734683,7995,0.3,14,1,0,1,1,0,0,4.94,0
tx_04216,2223,7.707062655370473,5412,0.2,19,1,0,1,-1,0,1,10.98,0
tx_04217,6337,8.754318540250866,5311,0.4,12,0,2,1,1,1,0,2432.55,1
tx_04218,22633,10.027208479525887,5691,0.35,5,0,4,1,1,0,0,112.81,0
tx_04219,5327,8.580731212220226,4829,0.8,14,1,5,0,1,0,1,3.95,0
tx_04220,7786,8.960210955576986,4814,0.55,21,1,2,1,1,0,0,2.47,0
tx_04221,32456,10.387671415355683,5691,0.35,21,1,7,-1,1,0,0,23.94,0
tx_04222,12584,9.440260907569415,5968,0.7,12,1,1,1,1,0,0,7.36,0
tx_04223,3956,8.283241441385425,5691,0.35,22,1,0,1,0,0,0,24.8,0
tx_04224,9472,9.156200925875535,5814,0.3,4,0,2,0,1,0,0,27.62,0
tx_04225,3711,8.21932609390609,4829,0.8,0,1,1,1,1,0,0,3.26,0
tx_04226,12144,9.404672841436273,5412,0.2,9,0,1,1,1,0,0,2.45,0
tx_04227,13290,9.494842393421333,5712,0.25,4,0,3,1,1,0,0,11.94,0
tx_04228,2222,7.706612913964197,5311,0.4,22,1,1,1,-1,0,0,1.88,0
tx_04229,9620,9.171703488361265,4121,0.2,2,1,0,1,1,0,0,2.82,0
tx_04230,7284,8.893572718629306,4814,0.55,12,1,3,0,1,0,0,0.49,0
tx_04231,13665,9.522666275340724,6011,0.85,18,1,3,1,-1,0,0,4.15,0
tx_04232,17943,9.795011076200044,5712,0.25,2,0,1,-1,-1,0,0,29.24,0
tx_04233,12820,9.4588397305527,4900,0.1,1,0,9,0,0,0,0,5.16,0
tx_04234,6107,8.717354666338522,4900,0.1,13,0,7,0,0,0,0,0.68,0
tx_04235,19768,9.891870333195937,4121,0.2,21,0,6,0,1,0,0,59.36,0
tx_04236,3554,8.176110342237342,7995,0.3,0,0,2,1,1,1,0,4666.28,1
tx_04237,2323,7.751045117971802,4814,0.55,0,0,1,1,1,0,0,5.26,0
tx_04238,391,5.971261839790462,5814,0.3,22,1,1,-1,1,0,0,7.42,0
tx_04239,7620,8.938662873666118,4900,0.1,14,1,2,1,0,0,0,14.05,0
tx_04240,3732,8.224967478914584,5311,0.4,16,0,2,1,1,0,0,8.76,0
tx_04241,11885,9.383116515926606,4900,0.1,6,1,1,1,1,0,0,4.2,0
tx_04242,1252,7.133295954896068,5968,0.7,7,0,0,1,1,0,0,4.89,0
tx_04243,4404,8.39049553837028,4121,0.2,11,0,7,1,1,0,0,2.15,0
tx_04244,12733,9.45203086057697,5311,0.4,5,1,0,-1,1,0,0,1.42,1
tx_04245,3062,8.027150106832774,4900,0.1,10,0,0,1,1,0,0,3.44,0
tx_04246,12016,9.3940775929113,4900,0.1,22,0,0,1,1,0,0,31.85,0
tx_04247,4798,8.476162841858246,4829,0.8,17,0,1,1,1,0,0,1.38,0
tx_04248,7895,8.974111581113318,6011,0.85,20,1,0,1,1,0,0,1.01,0
tx_04249,14337,9.570668634412817,5411,0.1,11,0,2,1,1,0,0,6.14,0
tx_04250,20137,9.910363856475561,5411,0.1,18,1,2,1,1,0,0,16.92,0
tx_04251,8893,9.093132171070641,5411,0.1,10,0,2,0,1,0,0,2.21,0
tx_04252,3759,8.23217423638394,7995,0.3,14,1,1,1,1,0,0,1.54,0
tx_04253,5271,8.570165076182343,5311,0.4,17,1,1,1,1,0,0,7.69,0
tx_04254,14917,9.610323816515109,5311,0.4,19,0,0,1,1,0,0,6.06,0
tx_04255,3087,8.035278911144667,5311,0.4,22,0,3,1,0,0,0,30.64,0
tx_04256,6877,8.83608319099221,5311,0.4,2,0,0,1,1,0,0,21.04,0
tx_04257,5645,8.638702608813434,4814,0.55,19,1,2,1,1,0,0,1.09,0
tx_04258,7383,8.907070776182689,5712,0.25,17,1,2,1,1,0,0,1.43,0
tx_04259,3122,8.046549357283078,4121,0.2,17,0,0,1,0,0,0,0.17,0
tx_04260,1402,7.246368080102461,4900,0.1,0,1,0,1,1,0,0,6.25,0
tx_04261,13358,9.499945593989812,4829,0.8,11,1,1,1,-1,0,0,1.97,0
tx_04262,20355,9.921130987708723,5311,0.4,23,1,1,1,1,0,0,53.52,0
tx_04263,1484,7.3031700512368,5814,0.3,21,0,1,1,0,0,0,2.71,0
tx_04264,11564,9.355738574665539,5712,0.25,5,0,3,0,1,0,1,3.33,0
tx_04265,22793,10.03425262241568,7995,0.3,11,0,2,1,1,0,0,2.13,0
tx_04266,14347,9.571365838652174,5311,0.4,20,1,11,0,1,0,0,5.51,0
tx_04267,5483,8.609590040682205,6011,0.85,22,0,3,1,1,0,0,25.02,0
tx_04268,3324,8.109224953089955,4121,0.2,7,0,3,1,0,0,0,0.39,0
tx_04269,8796,9.082166033252674,5691,0.35,19,1,3,1,1,0,0,18.95,0
tx_04270,10307,9.240675571772256,5968,0.7,20,1,1,-1,1,0,1,0.47,0
tx_04271,8921,9.09627541568821,5691,0.35,3,1,4,1,1,0,0,3.48,0
tx_04272,6864,8.834191318202071,7995,0.3,0,0,6,0,1,0,0,1.35,0
tx_04273,2912,7.976938756959434,5311,0.4,1,0,7,0,1,0,0,1.43,0
tx_04274,12170,9.406811351874557,4121,0.2,3,0,1,1,1,0,0,0.94,0
tx_04275,12740,9.45258041898138,5814,0.3,17,1,0,1,1,0,0,7.92,0
tx_04276,9857,9.196038587265322,4121,0.2,9,1,0,1,1,0,1,2.89,0
tx_04277,9051,9.110741006753427,5814,0.3,16,1,3,0,1,0,0,9.39,0
tx_04278,40153,10.600477340813523,5814,0.3,2,1,4,1,0,0,0,10.91,0
tx_04279,4501,8.412277021466677,5968,0.7,14,0,2,-1,1,0,0,3.55,0
tx_04280,27516,10.222559274477174,5412,0.2,17,1,4,1,1,1,0,1978.86,1
tx_04281,4056,8.308199063206446,6011,0.85,23,1,11,0,1,1,0,4154.4,1
tx_04282,23357,10.05869481683851,4829,0.8,7,1,3,1,1,0,0,2.78,0
tx_04283,26288,10.17690587972396,5412,0.2,13,0,4,1,0,0,0,14.84,0
tx_04284,6166,8.726967774991493,4814,0.55,11,1,3,1,-1,0,0,29.06,0
tx_04285,39462,10.583118803042552,5814,0.3,8,1,3,-1,0,0,0,22.37,0
tx_04286,12718,9.450852217451484,5812,0.45,15,0,1,1,1,0,0,0.64,0
tx_04287,3540,8.172164452111904,5968,0.7,13,1,1,1,1,0,0,5.34,0
tx_04288,5709,8.649974302650056,5814,0.3,19,1,2,1,1,0,1,23.66,0
tx_04289,23892,10.08134080799053,5311,0.4,0,0,2,1,1,0,1,1.14,0
tx_04290,19576,9.882110686776542,4121,0.2,5,0,2,1,0,0,0,4.42,1
tx_04291,2981,8.000349495324684,7995,0.3,13,1,6,0,0,0,0,2.01,0
tx_04292,7136,8.873047798971067,5412,0.2,13,1,0,1,1,0,0,6.84,0
tx_04293,9882,9.198571388376184,4814,0.55,21,0,4,0,0,0,1,164.88,0
tx_04294,5029,8.523175263093785,6011,0.85,16,1,7,0,0,0,0,4.9,0
tx_04295,76503,11.245098306029378,7995,0.3,0,1,1,-1,1,0,0,4.05,0
tx_04296,10170,9.227295812625597,5412,0.2,11,1,1,1,1,0,0,71.49,0
tx_04297,7681,8.94663520890585,5814,0.3,20,1,3,1,0,0,1,6.28,0
tx_04298,25247,10.1365022236456,4121,0.2,20,0,2,1,1,0,0,2.33,0
tx_04299,5757,8.65834547117212,4814,0.55,19,1,1,1,1,0,0,0.68,0
tx_04300,21210,9.962275194019217,4900,0.1,11,1,0,1,1,0,0,18.21,0
tx_04301,1670,7.421177528595393,5812,0.45,2,0,5,0,0,0,0,1.19,0
tx_04302,5293,8.574329382787047,4814,0.55,5,0,1,1,0,0,0,3.9,0
tx_04303,22066,10.001838558883081,4121,0.2,20,0,5,1,1,0,0,8.29,0
tx_04304,36202,10.496897267308269,5812,0.45,8,1,4,1,0,0,0,10.6,0
tx_04305,3907,8.270781013162674,5814,0.3,18,1,3,0,1,0,0,0.69,0
tx_04306,3498,8.160232492367689,5814,0.3,0,1,1,1,1,0,0,1.35,0
tx_04307,13964,9.544309478379278,5968,0.7,11,1,8,0,1,0,0,6.44,0
tx_04308,4507,8.413608875159667,5968,0.7,22,1,0,1,1,0,0,0.74,0
tx_04309,6311,8.750207862525711,5712,0.25,5,1,2,1,1,0,0,11.2,0
tx_04310,18728,9.837828403729853,5691,0.35,0,0,0,-1,1,0,0,1.0,0
tx_04311,4857,8.488382109562117,5968,0.7,6,0,7,1,1,0,0,3.47,0
tx_04312,1259,7.138866999945524,5311,0.4,1,0,2,1,1,0,0,2.68,0
tx_04313,2366,7.769378609513984,4814,0.55,14,1,3,-1,1,0,0,12.75,0
tx_04314,8222,9.014690384970896,5814,0.3,4,1,1,1,1,0,0,2.63,0
tx_04315,1387,7.23561914106675,4900,0.1,5,1,2,1,1,0,1,11.55,0
tx_04316,6142,8.723068501163928,7995,0.3,14,0,1,-1,1,0,0,19.59,0
tx_04317,2170,7.682943169878292,5411,0.1,7,1,1,1,0,0,0,4.69,0
tx_04318,38681,10.563129654538676,5968,0.7,15,0,1,-1,0,0,0,6.6,0
tx_04319,63707,11.062065422371672,4121,0.2,22,0,7,0,1,0,0,2.13,0
tx_04320,2981,8.000349495324684,5812,0.45,22,0,0,1,1,0,0,1.3,0
tx_04321,10395,9.249176395761381,5412,0.2,17,0,0,1,1,0,0,1.05,0
tx_04322,3271,8.093156697722637,5412,0.2,23,0,2,1,1,0,0,5.56,0
tx_04323,6071,8.711443319075466,4900,0.1,17,0,2,1,1,0,0,2.47,0
tx_04324,45183,10.718498320852914,7995,0.3,1,0,0,1,1,0,0,8.18,0
tx_04325,5228,8.56197533418813,5411,0.1,22,1,9,0,1,0,0,3.46,0
tx_04326,6207,8.733594061863055,5968,0.7,13,0,1,-1,1,0,0,2.7,0
tx_04327,3327,8.1101268019411,5411,0.1,0,1,0,-1,1,0,1,3.9,0
tx_04328,24199,10.094107912144779,4121,0.2,14,0,3,-1,1,0,0,0.38,0
tx_04329,367,5.908082938168931,6011,0.85,5,1,1,1,1,0,0,14.82,0
tx_04330,5348,8.58466490653125,4829,0.8,12,1,2,1,1,0,0,3.2,0
tx_04331,7798,8.961750799330497,4900,0.1,15,0,1,1,1,0,0,3.07,0
tx_04332,4347,8.3774712482411,6011,0.85,0,1,0,1,-1,0,0,33.29,0
tx_04333,18500,9.825580063659602,6011,0.85,10,1,1,-1,1,0,0,3.36,0
tx_04334,25517,10.147139364481689,6011,0.85,1,1,11,0,0,0,0,9.97,0
tx_04335,2130,7.664346632098617,5411,0.1,2,1,5,0,1,0,0,0.46,0
tx_04336,59515,10.994000462947588,5814,0.3,5,1,3,1,1,0,0,2.3,0
tx_04337,2107,7.653494909661253,5311,0.4,18,0,1,1,1,0,0,19.62,0
tx_04338,27705,10.229404275217824,5814,0.3,9,0,3,1,1,0,0,14.02,0
tx_04339,9391,9.147613542067878,5691,0.35,1,0,5,1,1,0,0,11.06,0
tx_04340,5048,8.526945482858915,4121,0.2,17,0,2,1,1,0,0,1.87,0
tx_04341,5521,8.6164953924901,5411,0.1,13,0,5,0,1,0,0,6.5,0
tx_04342,7890,8.973478148521036,5412,0.2,3,1,0,1,1,0,0,3.09,0
tx_04343,9929,9.203315757039219,4900,0.1,13,1,3,1,1,0,0,7.48,0
tx_04344,3398,8.131236549696116,5411,0.1,5,0,9,0,0,0,0,14.27,0
tx_04345,6522,8.783089671796096,5691,0.35,15,0,1,1,1,0,0,6.25,0
tx_04346,3917,8.273336598504486,4121,0.2,22,0,3,1,1,0,0,17.42,0
tx_04347,2568,7.851271997109883,4829,0.8,7,0,8,0,-1,0,0,18.74,0
tx_04348,3747,8.228977643358313,5814,0.3,17,0,0,-1,-1,0,0,1.19,0
tx_04349,2732,7.913155185928068,5311,0.4,0,1,0,1,1,0,0,0.48,0
tx_04350,5464,8.60611940061064,5712,0.25,9,0,3,1,1,0,0,17.01,0
tx_04351,12284,9.41613428495528,5691,0.35,21,1,2,1,1,0,1,5.45,1
tx_04352,9135,9.119977931895791,5691,0.35,1,1,0,1,1,0,0,26.91,0
tx_04353,53146,10.88081693815073,5411,0.1,22,1,1,1,-1,0,0,7.5,0
tx_04354,997,6.905753276311464,5412,0.2,2,1,1,1,1,0,0,33.5,0
tx_04355,12721,9.45108805723875,5968,0.7,11,1,1,1,1,0,0,12.41,0
tx_04356,8195,9.011401509358791,7995,0.3,4,1,2,1,0,0,0,7.93,0
tx_04357,17678,9.780132773506024,4900,0.1,0,1,1,1,1,0,0,3.07,0
tx_04358,16088,9.685891087651035,5812,0.45,8,0,3,1,-1,1,0,2925.64,1
tx_04359,6963,8.848509300888079,7995,0.3,13,1,5,0,1,0,0,0.58,0
tx_04360,9597,9.169310022418191,4121,0.2,17,0,2,1,1,0,0,10.52,0
tx_04361,4017,8.29853954537488,5814,0.3,7,1,1,1,-1,0,0,1.83,0
tx_04362,14591,9.588228712314113,5412,0.2,11,0,1,1,1,0,1,3.56,0
tx_04363,1367,7.221105098182496,7995,0.3,4,0,0,1,1,0,0,4.71,0
tx_04364,17037,9.743201422602786,5712,0.25,17,0,1,1,1,0,0,2.55,0
tx_04365,7968,8.983314293397749,5968,0.7,4,1,5,0,1,0,0,6.14,0
tx_04366,5128,8.542665987389269,4829,0.8,20,0,1,1,1,1,0,1034.26,0
tx_04367,6531,8.784468454090355,4814,0.55,4,1,3,1,0,0,0,5.09,0
tx_04368,7002,8.854093907655518,6011,0.85,15,0,2,1,-1,0,0,10.92,0
tx_04369,27934,10.237635661893249,5691,0.35,7,1,4,0,1,0,0,0.58,0
tx_04370,175780,12.076994181031798,5691,0.35,23,1,1,1,1,0,0,2.11,0
tx_04371,25953,10.164081019297177,4829,0.8,6,0,2,1,1,0,0,26.51,0
tx_04372,4761,8.468423027046809,4900,0.1,22,0,0,1,-1,0,0,4.39,0
tx_04373,14816,9.603530449208735,5968,0.7,20,0,2,0,1,0,0,2.07,1
tx_04374,15442,9.644911105223,5311,0.4,11,1,5,0,-1,0,0,12.39,0
tx_04375,3382,8.12651816878071,5712,0.25,11,0,2,1,0,0,0,1.24,0
tx_04376,2459,7.807916628926408,5311,0.4,8,1,3,1,1,0,0,1.38,0
tx_04377,7670,8.945202263959297,4900,0.1,10,0,5,0,1,0,1,1.55,0
tx_04378,17544,9.772524288017316,4829,0.8,11,0,2,1,1,0,0,26.69,0
tx_04379,1762,7.47477218239787,7995,0.3,3,0,1,1,1,0,0,1.39,0
tx_04380,4106,8.320448113956559,7995,0.3,7,1,8,0,1,0,0,4.5,0
tx_04381,14033,9.549238235812235,4814,0.55,21,0,2,1,1,0,0,20.14,0
tx_04382,8474,9.044875932248651,5311,0.4,23,0,1,1,1,0,0,1.42,0
tx_04383,31277,10.35067025399616,5691,0.35,1,0,5,1,0,0,0,0.57,0
tx_04384,2131,7.664815785285735,5411,0.1,17,1,1,1,1,0,1,66.44,0
tx_04385,76094,11.2397378386689,5814,0.3,5,1,3,1,1,0,0,5.8,0
tx_04386,1890,7.544861068658458,4900,0.1,15,0,2,1,1,0,0,2.23,0
tx_04387,1185,7.078341579557671,4121,0.2,14,1,3,1,1,0,0,4.06,0
tx_04388,7702,8.949365142352965,5311,0.4,21,0,3,1,1,0,0,12.38,0
tx_04389,2772,7.927685045615778,5712,0.25,16,1,3,1,1,0,0,0.73,0
tx_04390,7851,8.968523555396352,4829,0.8,19,1,4,1,1,0,0,2.76,0
tx_04391,7594,8.935245415029874,5968,0.7,19,0,3,1,1,0,0,13.23,0
tx_04392,6763,8.81936971001847,4121,0.2,15,1,2,1,1,0,0,30.19,0
tx_04393,3659,8.205218426395412,4121,0.2,9,0,1,1,1,0,0,29.83,0
tx_04394,12286,9.416297071867572,5691,0.35,8,1,0,1,0,0,0,5.65,0
tx_04395,6025,8.703838719690246,5691,0.35,8,0,4,1,1,0,0,31.6,0
tx_04396,23241,10.05371626578282,5311,0.4,8,1,2,-1,-1,0,0,0.61,0
tx_04397,6862,8.833899942908635,4900,0.1,6,1,2,1,1,0,0,5.92,0
tx_04398,3258,8.089175678837561,4121,0.2,7,1,7,0,-1,0,0,0.2,0
tx_04399,1639,7.402451520818244,5812,0.45,13,0,2,1,1,0,0,28.5,0
tx_04400,6917,8.841881989497114,5411,0.1,6,1,3,0,-1,0,0,8.49,0
tx_04401,2439,7.799753318287247,4814,0.55,8,1,1,1,1,0,0,43.42,0
tx_04402,2259,7.723120092266331,5411,0.1,17,1,10,0,1,0,0,2.35,0
tx_04403,13444,9.506362568702965,7995,0.3,7,0,0,-1,0,0,0,0.95,0
tx_04404,1505,7.317212408359839,4900,0.1,2,0,2,1,1,0,0,13.08,0
tx_04405,31156,10.346794218071167,6011,0.85,0,0,1,-1,1,0,0,4.05,0
tx_04406,9480,9.15704507491796,4900,0.1,18,0,1,1,1,0,0,18.82,0
tx_04407,7813,8.963672275615016,4829,0.8,22,0,1,0,0,0,1,12.84,0
tx_04408,3048,8.022568946988255,4900,0.1,16,0,2,1,1,0,0,3.41,0
tx_04409,16837,9.73139351589761,5311,0.4,1,0,2,1,0,0,0,4.76,0
tx_04410,8123,9.002577922700276,4814,0.55,13,1,5,0,1,0,0,3.72,0
tx_04411,4244,8.353497098745448,5712,0.25,6,0,0,1,-1,0,0,5.12,0
tx_04412,9848,9.195125206169703,5311,0.4,7,0,1,1,0,0,0,2.67,0
tx_04413,1647,7.4073177104694174,5814,0.3,22,1,1,1,1,0,0,10.32,0
tx_04414,1723,7.452402451223638,5412,0.2,19,0,1,1,1,0,0,0.61,0
tx_04415,2810,7.941295570906532,5412,0.2,17,0,5,0,1,0,0,0.48,0
tx_04416,11353,9.337325383730672,5412,0.2,12,1,8,0,1,0,0,2.88,0
tx_04417,8120,9.002208578282412,4829,0.8,13,0,7,0,1,0,0,2.32,0
tx_04418,22064,10.001747921703648,5812,0.45,21,0,0,1,1,0,0,2.62,0
tx_04419,3399,8.131530710604252,4814,0.55,15,0,0,1,1,0,0,21.9,0
tx_04420,14060,9.551160286590816,5814,0.3,13,0,2,-1,1,0,0,5.77,0
tx_04421,7310,8.897135342293316,7995,0.3,2,1,1,1,1,0,0,12.53,0
tx_04422,3325,8.109525659752872,5814,0.3,23,1,3,1,0,0,0,9.21,0
tx_04423,11745,9.371268036082466,5412,0.2,19,1,9,0,1,0,1,30.23,0
tx_04424,7650,8.942591637231851,5311,0.4,8,1,1,0,1,0,1,2.29,0
tx_04425,4481,8.407824654360873,6011,0.85,6,1,10,0,-1,0,0,9.84,0
tx_04426,8477,9.045229851912582,4900,0.1,23,1,2,1,1,0,0,3.81,0
tx_04427,7202,8.882252884889363,5412,0.2,22,1,4,1,1,0,0,1.3,0
tx_04428,7039,8.859363449152088,5814,0.3,10,0,1,1,-1,0,0,1.14,0
tx_04429,5504,8.61341204915678,6011,0.85,5,1,0,1,1,0,0,3.79,0
tx_04430,2358,7.765993079407675,6011,0.85,19,1,0,1,0,0,0,17.52,0
tx_04431,8745,9.076351731972865,4814,0.55,15,0,0,1,-1,0,0,2.45,0
tx_04432,3799,8.242756345714477,6011,0.85,21,0,1,1,1,0,1,2.69,0
tx_04433,3090,8.036249942132116,4814,0.55,13,1,2,1,0,1,0,726.15,0
tx_04434,6480,8.776630098427717,5712,0.25,13,0,0,1,1,0,0,1.17,0
tx_04435,16358,9.702533483594172,7995,0.3,3,1,1,1,-1,0,0,2.76,0
tx_04436,9716,9.181632207839439,5812,0.45,14,1,2,1,1,0,0,19.19,0
tx_04437,4918,8.50086053679534,7995,0.3,8,0,1,1,0,0,0,6.77,0
tx_04438,4733,8.46252579007393,5311,0.4,4,1,6,0,1,0,0,2.49,0
tx_04439,14901,9.609250711113672,5311,0.4,18,0,2,1,1,0,0,3.13,0
tx_04440,836,6.729824070489475,5311,0.4,8,0,4,0,1,0,0,7.38,0
tx_04441,17373,9.762730114819865,5311,0.4,5,1,2,1,-1,0,0,2.39,0
tx_04442,1373,7.2254814727822945,5812,0.45,23,1,2,1,1,0,0,14.35,0
tx_04443,2123,7.66105638236183,5412,0.2,23,0,4,1,1,0,1,21.88,0
tx_04444,4997,8.516793111394898,5814,0.3,11,0,3,1,-1,0,0,1.24,0
tx_04445,64010,11.066810222572993,5411,0.1,7,0,2,1,1,0,0,3.44,0
tx_04446,40083,10.59873253117822,5311,0.4,3,1,3,1,1,1,0,4337.0,1
tx_04447,15936,9.676398728859633,4829,0.8,15,0,3,1,1,0,0,23.6,1
tx_04448,11429,9.343996756788856,5691,0.35,14,0,5,0,-1,0,0,0.22,0
tx_04449,1389,7.237059026124737,6011,0.85,14,0,1,1,-1,0,0,2.3,0
tx_04450,9453,9.154193211353181,6011,0.85,18,1,4,1,1,0,1,0.23,0
tx_04451,4834,8.483636407887394,4900,0.1,11,1,3,0,0,0,0,12.28,0
tx_04452,3749,8.229511118964457,5412,0.2,16,1,2,1,1,0,0,4.96,0
tx_04453,9435,9.152287440527566,5812,0.45,15,0,2,1,1,0,0,16.96,0
tx_04454,5206,8.557759153162898,5712,0.25,19,1,2,1,1,0,0,3.72,0
tx_04455,18602,9.831078137017988,4121,0.2,17,1,1,1,1,0,0,3.76,0
tx_04456,1295,7.16703787691222,5712,0.25,0,1,0,1,1,0,0,7.6,0
tx_04457,8747,9.076580381796658,4121,0.2,14,0,0,-1,1,0,0,5.45,0
tx_04458,3533,8.170185652879642,4814,0.55,23,1,2,1,1,0,0,2.63,0
tx_04459,5519,8.616133139271142,5812,0.45,13,0,2,1,1,0,0,14.13,0
tx_04460,10879,9.294681520409934,4814,0.55,12,1,5,0,-1,0,0,18.71,0
tx_04461,2818,7.9441374911141125,5311,0.4,14,0,2,1,1,0,1,7.28,0
tx_04462,9520,9.161255164285691,5712,0.25,13,1,2,-1,1,0,0,26.0,0
tx_04463,6657,8.80357441813497,5812,0.45,9,1,5,0,1,0,1,29.04,1
tx_04464,4349,8.37793112408273,5412,0.2,23,0,2,1,0,0,0,2.42,0
tx_04465,5209,8.558335134747413,4814,0.55,1,0,1,1,1,0,0,5.03,0
tx_04466,7033,8.858510813033927,5968,0.7,19,1,2,1,-1,1,0,4487.73,1
tx_04467,3927,8.275885669474356,7995,0.3,3,1,1,1,1,0,0,0.72,0
tx_04468,8200,9.012011377036412,6011,0.85,4,0,1,1,1,0,0,5.58,0
tx_04469,6254,8.741136422901011,5814,0.3,14,1,1,1,1,0,0,4.2,0
tx_04470,4557,8.42463920980563,5411,0.1,15,1,1,1,1,0,0,2.02,0
tx_04471,36884,10.515560243318403,6011,0.85,22,1,2,1,1,0,0,6.61,0
tx_04472,12084,9.399720293137584,5412,0.2,7,1,2,-1,0,0,0,1.58,0
tx_04473,5662,8.641709066113805,4814,0.55,0,0,0,1,1,0,0,0.76,0
tx_04474,9356,9.143880005275912,5968,0.7,6,1,1,1,1,0,0,0.28,0
tx_04475,3071,8.030084094267563,5311,0.4,13,0,2,1,1,0,1,0.62,0
tx_04476,5379,8.59044365315583,7995,0.3,8,1,2,1,1,0,0,1.14,0
tx_04477,6009,8.701180027529253,5411,0.1,6,1,1,1,1,0,0,5.05,0
tx_04478,2492,7.821242083523558,6011,0.85,21,1,1,1,1,0,0,7.22,0
tx_04479,11768,9.373224234877663,5691,0.35,13,1,2,1,-1,0,0,2.36,0
tx_04480,5038,8.524962928680598,5412,0.2,16,0,3,1,1,0,0,10.06,0
tx_04481,5811,8.667680024690174,5311,0.4,17,1,2,1,0,0,0,7.09,0
tx_04482,4745,8.465057436995709,5968,0.7,9,0,2,1,1,0,1,1.65,0
tx_04483,135443,11.816313549743626,4121,0.2,17,1,5,1,0,0,0,1.53,0
tx_04484,4340,8.375860015299594,5412,0.2,23,1,0,-1,-1,0,0,21.16,0
tx_04485,1141,7.040536390215956,5411,0.1,17,0,0,1,1,0,0,2.59,0
tx_04486,1782,7.48605261786314,5691,0.35,7,1,4,1,1,0,0,39.06,0
tx_04487,16756,9.726571360400724,4900,0.1,18,1,0,-1,0,0,0,1.05,0
tx_04488,28993,10.274844191010843,5812,0.45,5,1,0,1,1,0,0,3.56,0
tx_04489,4262,8.35772841676521,5411,0.1,1,1,0,1,1,0,0,0.78,0
tx_04490,27451,10.220194304028526,4829,0.8,10,0,0,1,1,0,0,0.44,0
tx_04491,16476,9.709720748057432,4829,0.8,12,1,0,1,0,0,0,2.11,0
tx_04492,6803,8.825265953515752,5812,0.45,11,1,2,1,1,0,0,11.33,0
tx_04493,6360,8.757940876678804,4900,0.1,6,1,1,1,1,0,0,2.21,0
tx_04494,9672,9.177093778182547,5311,0.4,6,0,0,-1,1,0,0,9.59,0
tx_04495,18746,9.838789018597192,5712,0.25,22,0,1,1,1,0,0,1.65,0
tx_04496,11880,9.382695764458287,5311,0.4,6,1,2,1,1,0,0,24.07,0
tx_04497,4282,8.36240897761537,5411,0.1,18,1,0,-1,1,0,0,1.76,0
tx_04498,6903,8.839856232763264,4900,0.1,6,1,0,1,0,0,0,27.79,0
tx_04499,53496,10.887380856545494,5311,0.4,2,1,2,-1,-1,0,0,5.05,0
tx_04500,10340,9.243871855184976,5812,0.45,1,1,1,-1,-1,0,0,1.37,0
tx_04501,18602,9.831078137017988,5691,0.35,5,0,2,-1,-1,0,0,1.69,0
tx_04502,13603,9.518119146127086,7995,0.3,20,1,0,1,1,0,0,7.52,0
tx_04503,10560,9.264923249746474,5814,0.3,10,1,3,1,1,0,0,1.21,0
tx_04504,9031,9.108529105829499,4121,0.2,16,1,10,0,1,0,0,6.6,0
tx_04505,19105,9.857757700829954,5411,0.1,23,0,1,1,1,1,0,3283.98,0
tx_04506,16121,9.687940077843546,5311,0.4,1,0,1,1,-1,0,0,1.28,0
tx_04507,10466,9.255982729854884,5712,0.25,2,0,0,1,1,0,0,1.7,0
tx_04508,4214,8.346404870435956,4900,0.1,22,1,2,1,1,1,0,3755.72,1
tx_04509,11748,9.371523409567573,7995,0.3,13,1,4,0,1,0,0,5.45,0
tx_04510,7643,8.941676305360163,5311,0.4,14,0,2,-1,1,0,1,5.93,0
tx_04511,6077,8.712430973476739,5691,0.35,8,0,5,1,0,0,0,1.86,0
tx_04512,103778,11.550018917107336,4814,0.55,19,1,1,1,1,0,0,1.79,0
tx_04513,1888,7.543802867501509,6011,0.85,15,1,3,1,1,0,0,0.76,0
tx_04514,20247,9.91581130222496,6011,0.85,6,0,2,1,-1,0,0,2.13,0
tx_04515,3589,8.185907481482324,5968,0.7,15,0,1,1,1,0,0,7.86,0
tx_04516,9226,9.129889247578555,5311,0.4,0,0,4,1,1,0,0,1.97,0
tx_04517,93464,11.445342313646432,4121,0.2,5,1,4,1,1,0,0,6.11,0
tx_04518,3265,8.09132127353041,5812,0.45,4,1,4,0,1,0,0,9.17,0
tx_04519,4095,8.317766166719343,5412,0.2,18,1,1,1,1,0,0,1.09,0
tx_04520,8011,8.988695696785708,7995,0.3,17,1,1,1,1,0,0,63.09,0
tx_04521,3642,8.200562797008564,5812,0.45,2,1,5,0,1,0,0,13.62,0
tx_04522,18864,9.84506363239841,5691,0.35,21,1,2,1,1,0,0,2.96,0
tx_04523,4902,8.497602541651233,7995,0.3,19,0,2,1,0,0,0,0.55,0
tx_04524,15161,9.626547576616248,5968,0.7,10,0,4,1,1,0,0,1.33,0
tx_04525,2304,7.742835955430749,5412,0.2,5,1,1,1,-1,0,0,47.42,0
tx_04526,1464,7.289610521451167,4121,0.2,10,0,2,1,1,0,1,7.84,0
tx_04527,6553,8.787830829258759,4814,0.55,14,0,6,0,0,0,0,2.37,0
tx_04528,1836,7.515889085215125,5412,0.2,15,1,1,1,-1,0,0,2.67,0
tx_04529,34459,10.44755451008192,5691,0.35,8,1,1,1,1,0,1,24.67,0
tx_04530,1904,7.552237287560802,4121,0.2,2,1,3,1,1,0,0,7.68,0
tx_04531,3039,8.019612794400267,4814,0.55,14,0,2,1,0,0,0,2.86,0
tx_04532,12066,9.3982297330736,5812,0.45,16,1,0,1,1,0,0,0.64,0
tx_04533,4666,8.448271745949816,5814,0.3,6,0,11,0,0,0,0,3.66,0
tx_04534,1925,7.563200592358071,4121,0.2,15,0,1,1,1,0,0,9.42,0
tx_04535,56564,10.943145698360567,5691,0.35,13,1,3,0,-1,0,0,8.4,0
tx_04536,3145,8.053887083618223,4814,0.55,12,0,7,0,1,0,0,1.36,0
tx_04537,6760,8.818926087090677,5814,0.3,0,0,7,0,1,0,0,4.54,0
tx_04538,6677,8.8065738205036,5968,0.7,7,0,7,0,1,0,0,9.11,0
tx_04539,15994,9.680031452383618,6011,0.85,8,0,1,1,1,0,0,25.86,0
tx_04540,12637,9.444463427333401,5712,0.25,20,1,0,1,1,0,0,3.01,0
tx_04541,3713,8.219864741912652,5712,0.25,19,0,4,1,1,0,0,40.15,0
tx_04542,5977,8.695841342843883,6011,0.85,20,1,1,1,0,0,0,8.56,0
tx_04543,6566,8.789812386190972,5712,0.25,11,0,6,1,1,0,0,2.33,0
tx_04544,16592,9.716736198662788,5412,0.2,7,1,1,1,1,0,0,1.39,0
tx_04545,2685,7.895808377083183,5814,0.3,11,1,2,1,0,0,0,0.34,0
tx_04546,55402,10.922389022893778,5712,0.25,19,0,4,-1,0,0,0,1.41,0
tx_04547,3960,8.284251797621916,5968,0.7,14,1,0,1,0,0,0,28.55,0
tx_04548,8078,8.997023381479709,5691,0.35,14,1,1,1,1,0,0,2.75,0
tx_04549,2706,7.903596289614301,6011,0.85,10,0,3,1,0,0,0,0.67,0
tx_04550,2373,7.772331575169614,4121,0.2,16,1,1,1,1,0,0,1.71,0
tx_04551,3549,8.174702882469461,4121,0.2,20,1,3,1,1,0,0,4.95,0
tx_04552,3239,8.083328608786376,4814,0.55,16,1,4,1,0,0,0,3.11,0
tx_04553,5495,8.611775833902186,5691,0.35,9,1,2,1,1,0,0,7.39,0
tx_04554,3214,8.07558263667172,5812,0.45,20,1,3,1,1,0,0,3.15,0
tx_04555,15771,9.665991494997519,4900,0.1,22,1,0,1,1,0,0,2.3,0
tx_04556,3871,8.261526448396468,4829,0.8,19,1,2,1,1,0,0,4.34,0
tx_04557,3484,8.156223323194624,6011,0.85,21,1,1,1,1,1,0,1606.2,0
tx_04558,5607,8.631949428714426,5814,0.3,6,1,2,1,0,0,0,5.77,0
tx_04559,20918,9.948413115889121,5812,0.45,10,0,2,1,0,0,0,1.42,0
tx_04560,9990,9.209439966733019,5412,0.2,5,1,7,0,-1,0,1,3.74,0
tx_04561,7409,8.910585718290132,5411,0.1,8,0,2,1,1,0,0,6.84,0
tx_04562,2088,7.644440761556566,4121,0.2,17,0,1,1,1,0,0,3.01,0
tx_04563,2751,7.920083199053234,4829,0.8,16,1,1,-1,0,0,0,4.53,0
tx_04564,2418,7.791109510610028,6011,0.85,0,0,1,1,1,0,0,10.68,0
tx_04565,28189,10.246722584108158,5311,0.4,18,1,1,1,1,0,0,1.96,0
tx_04566,13483,9.50925907635395,5812,0.45,4,0,10,0,1,0,1,35.08,0
tx_04567,3593,8.187021067343505,5812,0.45,4,1,5,0,1,0,0,1.02,0
tx_04568,4765,8.469262657658687,5311,0.4,13,1,0,1,1,0,0,20.38,0
tx_04569,3719,8.221478947267192,4829,0.8,5,0,3,1,1,0,0,7.81,0
tx_04570,3511,8.163940954755008,5812,0.45,23,0,2,0,1,0,0,8.18,0
tx_04571,12613,9.442562587223597,4814,0.55,3,1,2,1,1,0,0,15.69,0
tx_04572,6198,8.73214326770192,5412,0.2,3,0,1,1,1,0,1,4.78,0
tx_04573,58822,10.982288213867557,6011,0.85,18,0,7,0,1,0,0,5.96,0
tx_04574,26716,10.19305534589812,5812,0.45,6,0,2,0,1,0,0,5.2,0
tx_04575,28259,10.249202656238518,5814,0.3,17,1,0,1,0,0,0,13.25,0
tx_04576,15413,9.643031466337938,4814,0.55,16,0,2,1,1,0,0,16.43,0
tx_04577,5451,8.603737792816423,4829,0.8,4,0,2,1,0,0,0,4.78,0
tx_04578,14372,9.573106725551233,4900,0.1,13,0,7,0,1,0,0,3.13,0
tx_04579,5848,8.674025985443025,5311,0.4,12,1,8,0,1,0,0,1.37,0
tx_04580,38328,10.55396206880912,4829,0.8,2,0,4,0,0,0,0,6.08,0
tx_04581,11959,9.389323027504624,7995,0.3,18,1,2,1,1,0,0,2.69,0
tx_04582,10451,9.254548626640503,4829,0.8,20,1,0,-1,1,0,0,0.57,0
tx_04583,9190,9.12598002335811,5812,0.45,22,0,3,1,1,0,0,4.11,0
tx_04584,42549,10.65843513400152,5712,0.25,2,0,1,1,1,0,0,5.11,0
tx_04585,2086,7.643482907077201,5712,0.25,4,1,2,0,-1,0,0,12.5,0
tx_04586,46702,10.751563681422393,4900,0.1,19,0,2,1,-1,0,0,4.65,0
tx_04587,6825,8.828494129466652,5311,0.4,7,1,2,1,1,0,0,1.38,0
tx_04588,2142,7.669961995473577,5712,0.25,15,0,3,1,1,0,0,16.22,0
tx_04589,3986,8.290794347381356,5311,0.4,8,0,13,0,1,0,0,0.39,0
tx_04590,1697,7.437206366871292,5812,0.45,5,1,4,1,1,0,0,0.75,0
tx_04591,15156,9.626217750431657,4121,0.2,14,0,1,1,1,0,0,3.44,0
tx_04592,3038,8.019283792916793,4814,0.55,4,1,2,1,1,0,0,3.23,0
tx_04593,9561,9.165552189186048,5814,0.3,3,1,8,0,0,0,0,3.47,0
tx_04594,23925,10.082721012730849,5712,0.25,12,1,3,-1,-1,0,0,1.7,0
tx_04595,4302,8.3670677328386,4121,0.2,4,0,4,1,1,0,0,14.33,0
tx_04596,6314,8.750683034784592,6011,0.85,4,0,9,0,1,0,0,3.59,0
tx_04597,2361,7.767263996757308,4121,0.2,18,0,1,1,-1,0,0,0.87,0
tx_04598,5632,8.636397438894713,7995,0.3,12,1,1,1,1,0,0,7.06,0
tx_04599,93948,11.45050736082541,5814,0.3,13,1,0,1,1,0,0,1.76,0
tx_04600,17055,9.74425732696557,7995,0.3,3,1,0,1,1,0,0,1.43,0
tx_04601,6334,8.75384509275524,7995,0.3,3,1,2,1,1,0,0,4.03,0
tx_04602,4555,8.424200324567073,5311,0.4,9,0,4,1,1,0,0,30.72,0
tx_04603,7822,8.96482339168508,5814,0.3,9,1,0,1,1,0,0,0.33,0
tx_04604,9216,9.128804883993665,4829,0.8,10,1,9,0,1,0,0,0.62,0
tx_04605,5470,8.607216694063826,5412,0.2,3,1,1,1,0,0,1,1.47,0
tx_04606,13477,9.508814005506162,4900,0.1,21,0,8,0,1,0,0,32.17,0
tx_04607,3292,8.099554282376364,5412,0.2,8,1,2,0,0,0,0,1.14,0
tx_04608,3277,8.094988759303774,6011,0.85,19,1,0,1,1,0,0,14.96,0
tx_04609,11578,9.356948391612272,5412,0.2,9,1,4,0,1,0,0,12.16,0
tx_04610,2684,7.895436006942965,4814,0.55,11,0,5,1,-1,0,0,16.43,0
tx_04611,16281,9.697815482133922,5311,0.4,2,0,2,1,1,0,0,1.43,0
tx_04612,8035,8.991686725934825,5968,0.7,16,1,1,1,1,0,0,4.79,0
tx_04613,1435,7.269616749608169,5691,0.35,1,0,0,1,1,0,0,9.94,0
tx_04614,9038,9.109303827798412,5691,0.35,17,0,1,1,1,0,0,6.87,0
tx_04615,1643,7.404887575616125,5412,0.2,21,1,7,0,1,0,0,129.36,0
tx_04616,15738,9.6638969875516,5311,0.4,8,0,10,0,0,0,0,42.71,0
tx_04617,6431,8.769040810858803,5712,0.25,21,1,0,1,0,0,0,17.7,0
tx_04618,47273,10.763715740473742,5712,0.25,16,1,4,1,1,0,0,10.32,0
tx_04619,22537,10.022958052512294,6011,0.85,0,0,2,0,1,0,0,11.33,0
tx_04620,2974,7.99799931797973,5712,0.25,4,0,2,-1,1,0,0,16.56,0
tx_04621,1194,7.085901464365611,7995,0.3,15,1,3,1,1,0,0,37.63,0
tx_04622,3975,8.288031567776464,5968,0.7,16,1,2,0,1,0,0,1.76,0
tx_04623,2553,7.845416036592485,4814,0.55,2,1,1,1,1,0,0,19.02,0
tx_04624,46149,10.739652239930999,5411,0.1,16,0,2,1,1,0,0,6.36,0
tx_04625,8066,8.995536944936974,5411,0.1,19,0,1,-1,1,0,0,16.38,0
tx_04626,19770,9.89197149657488,4121,0.2,2,0,3,1,1,0,1,5.17,0
tx_04627,6213,8.734560089952993,4829,0.8,21,0,2,1,1,0,0,2.74,0
tx_04628,6867,8.834628222017367,5814,0.3,12,1,7,1,1,1,0,4424.79,1
tx_04629,7896,8.97423821949758,5311,0.4,14,0,1,1,-1,0,0,5.44,0
tx_04630,23304,10.05642320880684,4829,0.8,1,1,1,1,1,0,0,8.92,0
tx_04631,10951,9.301277366968284,5311,0.4,14,1,1,1,1,0,0,2.88,0
tx_04632,2983,8.001019961323651,4900,0.1,10,1,1,1,1,0,0,0.82,0
tx_04633,38046,10.546577516554702,4829,0.8,8,0,0,1,1,0,0,10.63,0
tx_04634,6167,8.727129915243166,4814,0.55,18,0,0,1,1,0,0,4.16,0
tx_04635,5284,8.572627898304338,5814,0.3,5,0,1,1,1,0,0,0.39,0
tx_04636,554,6.318968113746434,5968,0.7,1,1,2,-1,1,0,1,0.7,0
tx_04637,14881,9.607907707957207,5412,0.2,11,0,0,1,1,0,0,6.74,0
tx_04638,8965,9.101194924715385,5712,0.25,17,1,1,1,1,0,0,10.53,0
tx_04639,8956,9.100190628475195,6011,0.85,3,1,7,0,0,0,0,18.29,1
tx_04640,5555,8.622633703874234,5968,0.7,23,0,4,0,1,0,0,2.59,0
tx_04641,4716,8.458928283284262,4121,0.2,16,0,5,0,1,0,0,2.23,0
tx_04642,5733,8.654168646443315,7995,0.3,22,0,3,-1,0,0,0,9.33,0
tx_04643,12647,9.445254378889308,4121,0.2,11,0,3,1,1,0,0,1.72,0
tx_04644,14948,9.612399686949514,4121,0.2,2,1,5,0,-1,0,0,1.79,0
tx_04645,6540,8.785845337961213,5411,0.1,4,0,1,1,0,0,0,6.06,0
tx_04646,20064,9.906732282701016,5814,0.3,12,1,1,1,1,0,0,6.67,0
tx_04647,7556,8.93022956502072,4814,0.55,14,0,4,1,1,0,0,9.27,0
tx_04648,5045,8.526351129201004,5311,0.4,17,1,7,0,0,0,0,5.5,0
tx_04649,9835,9.193804403336083,4900,0.1,19,0,2,1,1,0,0,1.45,0
tx_04650,2239,7.7142311448490855,5411,0.1,18,1,7,0,1,0,0,3.13,0
tx_04651,10160,9.22631214148588,7995,0.3,14,1,0,1,1,0,0,5.29,0
tx_04652,1882,7.5406215286571525,5311,0.4,0,0,7,0,0,0,0,21.98,1
tx_04653,3068,8.029107054619736,4829,0.8,12,1,1,1,1,0,0,10.98,0
tx_04654,1197,7.088408778675395,4814,0.55,19,0,2,1,1,0,0,5.88,0
tx_04655,6897,8.838986793496787,4829,0.8,20,0,3,1,1,0,0,10.48,0
tx_04656,37584,10.53436031361157,4814,0.55,20,0,2,1,1,0,0,22.66,0
tx_04657,7288,8.894121641382213,5712,0.25,0,1,1,-1,0,0,0,1.02,0
tx_04658,15012,9.616671771412305,5411,0.1,10,0,1,1,1,0,0,5.03,0
tx_04659,76105,11.239882384368588,5412,0.2,14,0,2,1,1,0,0,0.69,0
tx_04660,11956,9.38907215991958,5968,0.7,5,0,0,1,1,0,0,4.93,0
tx_04661,3937,8.278428259199071,5712,0.25,9,1,2,1,1,0,0,2.73,0
tx_04662,4487,8.409162447202533,4829,0.8,2,0,0,1,1,0,1,24.6,0
tx_04663,8150,9.005895898094458,5411,0.1,4,0,1,1,1,0,0,19.5,0
tx_04664,4465,8.404248432400102,5311,0.4,0,0,0,1,-1,0,0,56.9,0
tx_04665,4793,8.475120414994329,5968,0.7,23,1,4,0,1,0,0,3.52,0
tx_04666,20768,9.941216769346136,5311,0.4,20,1,0,1,1,0,0,6.66,0
tx_04667,21591,9.980078154697841,4814,0.55,9,1,1,1,-1,0,0,4.63,0
tx_04668,1704,7.4413203897176174,5814,0.3,0,1,3,1,0,0,0,24.03,0
tx_04669,3744,8.22817689595132,5411,0.1,8,1,1,1,1,0,0,4.79,0
tx_04670,5242,8.564649132572534,4814,0.55,10,1,1,1,1,0,0,1.57,0
tx_04671,14390,9.574358290170174,5812,0.45,4,0,0,1,0,0,0,0.64,0
tx_04672,24127,10.091128270807683,4829,0.8,15,0,8,0,-1,0,0,22.48,0
tx_04673,106090,11.572052495367984,6011,0.85,23,1,1,1,-1,0,0,7.36,0
tx_04674,5233,8.562931083090092,5968,0.7,20,0,3,-1,1,0,0,6.25,0
tx_04675,5487,8.610319169405722,5411,0.1,20,1,4,0,1,0,0,31.49,0
tx_04676,14247,9.564371824969498,5691,0.35,19,1,1,1,1,0,0,5.93,0
tx_04677,4260,8.357259153499912,5691,0.35,1,1,4,1,0,0,0,0.84,0
tx_04678,7124,8.871365005136852,5812,0.45,13,0,4,0,1,0,0,1.1,0
tx_04679,5491,8.61104776688786,4121,0.2,13,0,9,1,1,0,0,10.26,0
tx_04680,675,6.516193076042964,5311,0.4,2,0,5,0,1,0,0,11.7,1
tx_04681,9157,9.12238309321704,4829,0.8,3,0,2,1,1,0,0,72.54,0
tx_04682,6849,8.83200393125627,5812,0.45,13,0,2,1,1,0,0,5.47,0
tx_04683,27251,10.21288219189356,4121,0.2,17,0,4,0,1,0,0,49.06,0
tx_04684,8188,9.010547069270189,5691,0.35,5,0,7,0,1,0,0,1.35,0
tx_04685,2473,7.813591552952433,5814,0.3,11,0,3,1,1,0,0,2.16,0
tx_04686,6374,8.760139370026627,7995,0.3,1,0,1,1,1,0,0,1.41,0
tx_04687,1117,7.0192966537150445,5311,0.4,2,0,3,1,1,0,0,6.87,0
tx_04688,2578,7.8551570058813445,4121,0.2,13,0,2,1,-1,0,1,22.55,0
tx_04689,14897,9.608982254736222,5814,0.3,13,1,12,0,1,0,0,4.32,0
tx_04690,6439,8.770283819098399,4121,0.2,18,1,3,1,1,0,0,1.72,0
tx_04691,19566,9.881599752778099,4121,0.2,21,0,2,1,1,0,0,11.39,0
tx_04692,1257,7.1372784372603855,7995,0.3,4,1,3,1,0,0,0,4.59,0
tx_04693,6469,8.774931387494947,6011,0.85,8,0,1,-1,1,0,0,11.64,0
tx_04694,5185,8.55371796609861,5812,0.45,20,1,3,1,1,0,0,4.81,0
tx_04695,20196,9.913289357508388,5968,0.7,1,0,0,1,1,0,0,4.79,0
tx_04696,15433,9.644328147017548,4814,0.55,19,0,9,0,1,0,0,61.06,0
tx_04697,14993,9.615405400063008,4814,0.55,22,1,7,0,1,0,0,1.52,0
tx_04698,35225,10.469539725292242,5311,0.4,2,0,1,1,1,0,0,8.83,0
tx_04699,5742,8.655737000864297,4121,0.2,3,1,3,1,1,0,0,12.7,0
tx_04700,28955,10.273532715413031,6011,0.85,16,0,1,-1,1,0,0,19.0,0
tx_04701,3020,8.013343181386672,4121,0.2,11,1,2,1,1,0,0,1.44,0
tx_04702,2917,7.978653729082731,5691,0.35,23,1,7,1,-1,0,0,8.57,0
tx_04703,16652,9.720345659358271,5968,0.7,13,1,1,1,1,1,1,4899.01,1
tx_04704,1950,7.576097340623111,5814,0.3,15,0,10,0,0,0,0,4.87,0
tx_04705,14035,9.549380736703105,4900,0.1,5,1,2,-1,-1,0,0,3.14,0
tx_04706,8968,9.101529466118004,5412,0.2,7,1,3,1,1,0,0,2.82,0
tx_04707,22549,10.023490344930824,5691,0.35,4,0,1,1,1,0,0,34.05,0
tx_04708,7698,8.94884572927805,5814,0.3,3,0,3,1,1,0,0,17.87,0
tx_04709,8591,9.058586816748646,5411,0.1,2,1,2,1,1,0,0,0.99,0
tx_04710,13213,9.48903215258983,4900,0.1,21,1,2,0,1,1,0,3668.77,0
tx_04711,4340,8.375860015299594,5968,0.7,1,0,3,1,1,1,1,4320.49,1
tx_04712,4164,8.334471554600944,6011,0.85,12,1,1,1,1,0,0,26.77,0
tx_04713,12783,9.455949668006056,5412,0.2,12,1,4,1,1,0,1,1.3,0
tx_04714,7922,8.977525200965243,4121,0.2,1,1,4,1,1,0,0,2.26,0
tx_04715,5532,8.618485442898109,5691,0.35,20,0,6,1,1,0,0,2.11,0
tx_04716,7529,8.92665032079394,6011,0.85,12,1,1,1,1,0,0,0.49,0
tx_04717,37049,10.520023630724232,7995,0.3,3,1,1,1,1,0,0,0.49,0
tx_04718,5347,8.584477938221834,5411,0.1,3,1,0,1,1,0,0,6.89,0
tx_04719,5202,8.556990661290303,4829,0.8,16,1,1,1,-1,0,1,2.06,0
tx_04720,1609,7.383989457978509,5712,0.25,14,1,2,1,1,0,0,6.62,0
tx_04721,7824,8.965079015408355,5968,0.7,9,0,0,1,0,0,0,0.73,0
tx_04722,15202,9.629248055780836,7995,0.3,9,0,7,1,-1,0,0,1.27,0
tx_04723,18026,9.799625913002037,4121,0.2,0,1,1,1,1,1,0,2382.98,0
tx_04724,9027,9.108086137937427,5311,0.4,0,0,6,0,1,0,0,0.83,0
tx_04725,20195,9.913239843978806,5412,0.2,12,0,1,1,0,0,0,3.45,0
tx_04726,16315,9.699901500437448,4814,0.55,8,1,0,1,1,0,0,3.39,0
tx_04727,23446,10.062497833920736,6011,0.85,6,0,3,1,1,0,1,3.06,0
tx_04728,20749,9.940301525658844,4814,0.55,9,1,0,1,1,0,0,0.95,0
tx_04729,36194,10.496676266727242,5812,0.45,14,1,1,1,1,0,0,20.22,0
tx_04730,6932,8.84404789894249,6011,0.85,7,0,2,1,0,0,0,1.15,0
tx_04731,2309,7.745002803515839,5812,0.45,8,1,3,1,1,0,0,3.98,0
tx_04732,15301,9.635738817791797,5814,0.3,6,0,3,1,1,0,0,4.01,0
tx_04733,17098,9.746775261248594,4900,0.1,15,1,2,1,1,0,0,5.11,0
tx_04734,36195,10.496703894471024,5968,0.7,1,0,0,1,1,0,0,0.93,0
tx_04735,27513,10.22245024502094,5411,0.1,22,0,2,1,1,0,0,6.82,0
tx_04736,51708,10.853387126584051,4121,0.2,13,1,1,1,-1,0,0,2.12,0
tx_04737,14677,9.594105053105007,5411,0.1,5,0,0,1,1,0,0,9.29,0
tx_04738,10123,9.222664121665014,5311,0.4,18,1,1,1,1,0,0,14.55,0
tx_04739,2185,7.689828668736484,5691,0.35,22,0,4,-1,1,0,0,5.21,0
tx_04740,10915,9.29798488182823,4900,0.1,1,0,5,0,1,0,1,2.48,0
tx_04741,4819,8.480529207044645,5412,0.2,4,1,1,1,0,0,0,33.67,0
tx_04742,9958,9.20623194393164,5411,0.1,3,0,2,-1,1,0,0,8.08,0
tx_04743,8578,9.057072635572965,5311,0.4,1,1,1,1,1,0,0,1.93,0
tx_04744,12750,9.453364978883542,5812,0.45,17,0,3,1,-1,0,1,1.25,0
tx_04745,7426,8.912877287669296,5311,0.4,4,0,3,-1,1,0,0,7.75,0
tx_04746,19800,9.893487720457795,5814,0.3,9,1,8,0,0,0,0,3.3,0
tx_04747,613,6.419994928147142,4900,0.1,19,0,4,1,-1,0,0,1.31,0
tx_04748,9756,9.18574025510795,6011,0.85,14,1,1,1,0,0,0,5.44,0
tx_04749,25528,10.147570339863993,5411,0.1,16,0,3,-1,1,0,0,1.09,0
tx_04750,48133,10.78174406709235,4121,0.2,2,1,2,1,1,0,0,5.44,0
tx_04751,16326,9.700575458126165,4829,0.8,23,0,1,1,1,0,0,6.79,0
tx_04752,40369,10.605842213846987,5968,0.7,1,1,0,1,1,0,0,1.77,0
tx_04753,9563,9.165761328578215,6011,0.85,17,0,0,-1,1,0,0,7.36,0
tx_04754,8167,9.007979359844501,4829,0.8,15,0,4,1,1,0,0,1.97,0
tx_04755,13469,9.50822026940441,5712,0.25,9,0,2,1,-1,0,0,4.7,0
tx_04756,8120,9.002208578282412,5712,0.25,20,0,2,1,1,0,1,0.75,0
tx_04757,3874,8.262300941787448,4814,0.55,21,0,4,1,1,0,0,5.41,0
tx_04758,4992,8.51579221050061,5412,0.2,1,0,3,1,1,0,0,17.48,0
tx_04759,2832,7.949091499830517,5812,0.45,22,0,0,1,1,1,0,4469.8,1
tx_04760,13455,9.507180382212729,7995,0.3,5,0,3,0,1,0,0,11.71,0
tx_04761,8234,9.016148642611741,5968,0.7,18,0,8,0,1,0,0,2.47,0
tx_04762,5784,8.663023639627777,4814,0.55,19,1,2,1,1,0,0,14.24,0
tx_04763,4754,8.46695197497949,4900,0.1,13,1,5,0,0,0,0,39.11,0
tx_04764,13160,9.485013189834323,5412,0.2,20,1,4,1,1,0,0,5.44,0
tx_04765,17096,9.74665828850311,4829,0.8,19,1,2,1,0,0,0,9.39,0
tx_04766,2783,7.931644021454311,5691,0.35,12,0,1,1,1,0,0,7.63,0
tx_04767,2397,7.7823903355874595,4121,0.2,4,0,0,1,1,0,0,15.56,0
tx_04768,20170,9.912001208301334,4814,0.55,10,1,3,1,1,0,0,3.75,0
tx_04769,2206,7.699389406256737,4121,0.2,21,0,2,1,1,0,0,10.93,0
tx_04770,13702,9.5253700659462,5311,0.4,4,0,1,1,1,0,0,2.11,0
tx_04771,37844,10.541254149743267,5814,0.3,23,1,0,1,1,0,0,18.88,0
tx_04772,37928,10.543471269980007,4829,0.8,4,1,2,1,0,0,0,1.38,0
tx_04773,16418,9.706194479812028,7995,0.3,15,0,1,1,1,0,0,2.81,0
tx_04774,15971,9.678592468183112,4900,0.1,15,1,0,-1,1,0,0,2.29,0
tx_04775,69181,11.144495992162893,4121,0.2,4,0,2,1,1,0,0,7.79,0
tx_04776,887,6.78897174299217,5311,0.4,11,0,4,-1,1,0,0,12.35,0
tx_04777,5240,8.564267598802166,5814,0.3,3,0,0,1,-1,0,0,9.34,1
tx_04778,18238,9.811317437563998,4814,0.55,8,0,5,1,1,0,0,2.61,0
tx_04779,5912,8.68490859582083,4814,0.55,23,0,0,1,1,0,0,28.48,0
tx_04780,26449,10.183011437286446,5968,0.7,1,0,4,0,1,0,0,20.02,0
tx_04781,7846,8.967886572127473,5712,0.25,20,1,0,-1,1,0,0,6.8,0
tx_04782,9231,9.13043098874788,5311,0.4,16,0,7,0,1,0,1,2.37,0
tx_04783,6274,8.744328763999984,5814,0.3,17,1,3,1,1,0,0,0.97,0
tx_04784,4958,8.508959386489133,5968,0.7,6,0,2,1,0,0,0,11.43,0
tx_04785,4844,8.485702524324866,5411,0.1,22,0,1,1,1,0,0,3.4,0
tx_04786,10538,9.262837940933936,5691,0.35,6,0,0,-1,1,0,0,15.55,0
tx_04787,3902,8.269500767180615,4121,0.2,12,0,3,1,1,0,0,16.98,0
tx_04788,20145,9.910761036502626,5311,0.4,0,1,1,1,1,0,0,2.91,0
tx_04789,15150,9.625821815359835,5712,0.25,21,1,3,1,1,0,0,5.02,0
tx_04790,23147,10.04966366269373,4829,0.8,16,1,2,0,-1,0,0,4.77,0
tx_04791,2787,7.933079771880415,7995,0.3,3,1,6,0,1,0,0,28.05,0
tx_04792,1621,7.3914152346753585,7995,0.3,15,1,1,1,1,0,0,3.18,0
tx_04793,8113,9.001346243766392,4900,0.1,4,1,0,1,1,0,0,10.79,0
tx_04794,127903,11.75903526151105,5411,0.1,10,1,1,1,1,0,0,5.38,0
tx_04795,27121,10.20810048564789,4829,0.8,12,1,0,1,1,0,0,31.61,0
tx_04796,4810,8.478660241699453,5691,0.35,22,0,1,-1,1,0,0,2.23,0
tx_04797,12191,9.408535277926427,4814,0.55,7,0,2,1,0,0,0,1.42,0
tx_04798,16259,9.696463383101802,5411,0.1,0,0,2,-1,1,0,0,0.52,0
tx_04799,2220,7.7057128238944275,5691,0.35,10,0,1,1,1,0,0,6.03,0
tx_04800,29921,10.306349274774178,5712,0.25,22,1,1,0,1,0,0,6.58,0
tx_04801,6947,8.846209127360996,5712,0.25,19,0,2,1,1,0,0,3.81,0
tx_04802,7473,8.91918561004543,4900,0.1,1,1,5,0,1,0,0,14.7,0
tx_04803,8331,9.027858802380862,5968,0.7,1,1,2,1,1,0,0,30.66,0
tx_04804,24161,10.092536430079509,5812,0.45,18,1,6,0,0,0,0,1.95,0
tx_04805,3975,8.288031567776464,5814,0.3,17,0,2,0,1,0,0,3.76,0
tx_04806,1609,7.383989457978509,5412,0.2,13,0,2,1,1,0,0,0.65,0
tx_04807,11070,9.312084355859467,6011,0.85,2,1,0,-1,1,0,0,5.31,0
tx_04808,1169,7.064759027791802,5411,0.1,6,1,1,1,1,0,0,2.3,0
tx_04809,6119,8.719317375506371,5968,0.7,20,1,2,1,1,0,0,2.95,0
tx_04810,25152,10.132732452708314,4829,0.8,3,1,2,1,1,0,0,4.11,0
tx_04811,14119,9.555347511047232,4900,0.1,4,1,1,1,1,0,0,8.8,0
tx_04812,21926,9.9954740331485,5691,0.35,10,1,5,0,-1,0,0,3.56,0
tx_04813,14684,9.59458184363272,5691,0.35,17,1,7,0,1,0,1,52.18,0
tx_04814,80418,11.295005745656221,5814,0.3,19,0,4,1,1,0,0,4.3,0
tx_04815,4658,8.446556111816797,5311,0.4,14,0,3,1,1,0,0,0.88,0
tx_04816,11889,9.383452989684827,6011,0.85,11,0,1,1,1,0,0,1.96,0
tx_04817,5372,8.589141690728821,5311,0.4,9,0,3,1,1,0,0,9.93,0
tx_04818,20214,9.91418018207487,5691,0.35,1,0,5,0,1,0,0,10.47,0
tx_04819,7682,8.946765374867635,7995,0.3,6,1,1,1,1,0,0,4.64,0
tx_04820,41692,10.638088527988433,5691,0.35,5,1,3,1,1,0,0,4.66,0
tx_04821,4919,8.501063809486354,5812,0.45,1,1,3,1,1,0,0,5.85,0
tx_04822,31006,10.341968264428457,6011,0.85,17,1,2,1,1,0,0,10.37,0
tx_04823,14309,9.568713872550497,7995,0.3,8,1,2,1,-1,0,1,4.47,0
tx_04824,7898,8.97449144816442,5412,0.2,12,0,0,1,1,0,0,1.03,0
tx_04825,13636,9.520541965857834,5411,0.1,4,1,1,1,1,0,0,1.98,0
tx_04826,10440,9.25349564229011,4829,0.8,14,0,3,-1,1,0,0,2.29,0
tx_04827,11422,9.343384145733948,5691,0.35,3,1,1,1,1,0,0,1.13,0
tx_04828,6692,8.808817483100642,6011,0.85,16,1,2,0,1,0,0,1.07,0
tx_04829,4182,8.338783971442199,5412,0.2,17,0,2,1,1,0,1,6.81,0
tx_04830,5925,8.68710472813351,5311,0.4,7,1,2,1,1,0,0,4.31,0
tx_04831,1646,7.4067107301776405,4814,0.55,5,0,2,1,1,0,0,10.35,0
tx_04832,18125,9.805102650614726,5411,0.1,18,0,2,1,1,0,0,36.74,0
tx_04833,2519,7.832014180505469,4900,0.1,5,1,5,0,1,0,0,11.35,0
tx_04834,6624,8.798605650854423,7995,0.3,4,1,4,0,1,0,0,10.16,0
tx_04835,15075,9.620859354387026,5691,0.35,8,1,2,1,1,0,0,0.77,0
tx_04836,18081,9.802672247297311,4814,0.55,23,0,0,1,1,0,0,9.06,0
tx_04837,1509,7.31986492980897,4121,0.2,11,1,0,1,-1,0,0,4.34,0
tx_04838,7465,8.91811465947453,5968,0.7,6,1,5,1,1,0,0,18.52,0
tx_04839,12606,9.44200749423127,7995,0.3,12,0,1,1,1,0,0,1.01,0
tx_04840,8558,9.05473863988161,5814,0.3,8,1,1,1,1,0,0,12.97,0
tx_04841,29203,10.282060965175976,4814,0.55,15,1,3,1,1,0,0,2.26,0
tx_04842,3731,8.224699561967235,4814,0.55,10,0,2,1,1,0,0,1.37,0
tx_04843,1163,7.059617628291383,4829,0.8,14,0,1,1,-1,0,0,52.1,0
tx_04844,17588,9.775028985632325,5814,0.3,10,1,2,1,1,0,0,5.0,0
tx_04845,4890,8.495152060539358,5814,0.3,11,0,2,1,0,0,0,4.0,0
tx_04846,1532,7.334981878871814,5968,0.7,10,1,3,0,0,0,0,2.41,0
tx_04847,7006,8.854664928370534,4814,0.55,9,0,0,1,1,0,0,3.13,0
tx_04848,26218,10.174239617765064,4829,0.8,23,0,2,1,1,0,0,2.83,0
tx_04849,2453,7.805474625270857,6011,0.85,6,1,2,1,1,0,0,3.41,0
tx_04850,74934,11.224376350079096,7995,0.3,19,1,0,1,0,0,0,3.84,0
tx_04851,3675,8.209580483475577,5814,0.3,17,0,2,1,0,0,0,3.37,0
tx_04852,8847,9.087946723762116,4814,0.55,12,1,2,1,1,0,0,1.26,0
tx_04853,2558,7.847371836159788,4121,0.2,7,0,0,1,1,0,0,4.65,0
tx_04854,8474,9.044875932248651,4121,0.2,11,1,8,0,1,0,0,6.29,0
tx_04855,7173,8.878218658092228,5812,0.45,20,0,1,0,1,0,0,11.56,0
tx_04856,1979,7.590852123688581,5968,0.7,4,1,3,1,1,0,0,16.79,0
tx_04857,119337,11.689715082095354,5712,0.25,14,0,3,1,1,0,0,3.09,0
tx_04858,5088,8.534836626588833,4900,0.1,18,0,0,-1,0,0,0,6.86,0
tx_04859,5092,8.535622326884605,5814,0.3,15,1,2,1,1,0,0,11.12,0
tx_04860,20450,9.925787060030896,4121,0.2,3,1,0,-1,1,0,0,2.34,0
tx_04861,45648,10.728736979978141,5968,0.7,12,1,1,1,1,0,0,5.9,0
tx_04862,23749,10.075337809462788,6011,0.85,4,1,3,-1,1,0,0,6.8,0
tx_04863,2602,7.864419904994565,5814,0.3,22,1,1,1,1,0,0,0.53,0
tx_04864,9980,9.208438564686587,6011,0.85,8,1,1,1,0,0,0,4.53,0
tx_04865,1364,7.21890970761906,5712,0.25,10,0,3,1,1,0,0,5.39,0
tx_04866,19183,9.861831877267296,5412,0.2,20,1,2,1,-1,0,0,2.0,0
tx_04867,1723,7.452402451223638,5311,0.4,10,0,0,1,1,0,0,14.02,0
tx_04868,3798,8.242493153187626,6011,0.85,4,1,1,1,1,0,1,36.96,0
tx_04869,8120,9.002208578282412,5812,0.45,21,0,1,1,1,0,0,7.03,0
tx_04870,12431,9.428029072607428,4829,0.8,15,1,4,-1,1,0,0,1.14,0
tx_04871,6357,8.757469141470748,7995,0.3,14,1,3,-1,1,0,0,3.61,0
tx_04872,34486,10.448337720413921,4121,0.2,1,1,3,0,1,0,0,1.58,0
tx_04873,16192,9.692334329073471,5712,0.25,10,1,5,-1,1,0,0,52.72,0
tx_04874,15028,9.617736946934095,4829,0.8,11,0,7,0,1,0,0,2.47,0
tx_04875,2533,7.837554360881084,5812,0.45,6,0,1,-1,1,0,0,5.78,0
tx_04876,40928,10.619594137230983,5411,0.1,13,1,2,1,0,0,0,17.48,0
tx_04877,3798,8.242493153187626,5412,0.2,5,1,0,1,1,0,0,1.72,0
tx_04878,42440,10.655870155127044,5812,0.45,11,0,5,0,0,0,0,1.98,0
tx_04879,55618,10.926280148482137,5814,0.3,19,0,0,1,1,0,0,20.45,0
tx_04880,13256,9.49228099379885,5411,0.1,17,0,1,1,1,0,0,19.69,0
tx_04881,21711,9.98562038207465,7995,0.3,6,1,3,1,1,0,0,1.49,0
tx_04882,435,6.077642243349034,5412,0.2,4,0,1,1,0,0,0,1.41,0
tx_04883,6768,8.820108644508608,4829,0.8,0,1,2,1,0,0,0,9.43,0
tx_04884,23207,10.05225232580124,4121,0.2,8,1,9,0,0,0,0,9.34,0
tx_04885,19603,9.883488906029438,4829,0.8,0,1,2,1,1,0,0,2.4,0
tx_04886,2557,7.846980982138788,5812,0.45,3,0,1,1,1,0,1,6.63,0
tx_04887,6162,8.726318950962243,5691,0.35,23,1,1,1,1,0,0,1.26,0
tx_04888,732,6.597145701886651,5311,0.4,20,0,0,1,1,0,1,8.8,0
tx_04889,12058,9.397566548103592,5412,0.2,13,0,0,1,1,1,0,4121.39,1
tx_04890,1361,7.216709486709457,5968,0.7,18,0,1,1,1,0,0,0.66,0
tx_04891,23840,10.079162066608289,5712,0.25,11,1,3,1,0,0,0,3.07,0
tx_04892,25053,10.128788774404137,4121,0.2,14,1,0,-1,1,0,0,3.25,0
tx_04893,5190,8.55468163582723,4121,0.2,22,0,1,1,1,0,0,10.12,0
tx_04894,13365,9.500469448071016,5412,0.2,1,1,2,-1,1,0,0,1.38,1
tx_04895,6627,8.799058378546453,5411,0.1,8,1,4,0,1,0,0,18.0,0
tx_04896,10249,9.235032984566555,5968,0.7,2,1,5,0,1,0,0,5.08,0
tx_04897,2739,7.9157131993821155,5712,0.25,19,0,5,0,1,0,0,16.75,0
tx_04898,14714,9.596622660667574,5814,0.3,19,0,0,1,1,0,0,0.92,0
tx_04899,1713,7.446585099157725,5712,0.25,17,0,3,1,1,0,0,6.64,0
tx_04900,1432,7.267525427828172,5311,0.4,14,0,1,1,1,0,0,5.86,0
tx_04901,7254,8.889446165318288,5812,0.45,11,1,2,1,1,0,0,6.1,0
tx_04902,6664,8.804625232612809,5712,0.25,0,0,1,1,1,0,0,7.25,0
tx_04903,10550,9.263975921142093,5814,0.3,18,0,1,1,1,0,0,6.65,0
tx_04904,4395,8.388450315523512,4829,0.8,21,0,3,0,1,0,0,0.33,0
tx_04905,48853,10.796591537434947,5712,0.25,23,0,2,1,1,0,1,35.26,0
tx_04906,9488,9.15788851197376,4900,0.1,8,0,2,1,1,0,0,2.25,0
tx_04907,10162,9.226508953137767,5968,0.7,4,0,3,1,1,0,0,2.42,0
tx_04908,9824,9.192685436737461,5968,0.7,15,0,1,1,1,0,0,5.3,0
tx_04909,21119,9.957975737820197,5712,0.25,0,1,1,1,1,0,0,8.74,0
tx_04910,14078,9.552439604462528,7995,0.3,1,1,6,0,1,0,0,1.01,0
tx_04911,12395,9.42512911890764,5691,0.35,19,1,0,1,-1,0,0,0.82,0
tx_04912,16389,9.704426671737876,4121,0.2,22,0,1,-1,-1,0,0,29.0,0
tx_04913,1439,7.272398392570047,5712,0.25,9,1,0,1,1,0,0,3.26,0
tx_04914,1492,7.30854279753919,5814,0.3,12,1,1,1,1,0,0,7.07,0
tx_04915,7577,8.933004591578547,4814,0.55,13,1,2,1,1,0,0,1.46,0
tx_04916,6751,8.817594036275793,4814,0.55,3,1,5,1,1,0,0,34.19,0
tx_04917,14129,9.556055475678573,4900,0.1,5,0,1,1,1,0,0,13.44,0
tx_04918,8301,9.024251728612985,5968,0.7,7,1,5,1,1,0,0,2.53,0
tx_04919,14157,9.558035114334135,5691,0.35,20,0,1,1,-1,0,0,31.15,0
tx_04920,2495,7.822444729489319,7995,0.3,10,0,3,1,1,0,0,11.01,0
tx_04921,8062,8.995040974685022,6011,0.85,17,0,0,1,1,0,0,13.11,0
tx_04922,2278,7.731492029245684,5691,0.35,4,0,1,-1,1,0,1,14.32,0
tx_04923,11763,9.372799299673886,5812,0.45,22,1,1,1,1,0,0,3.17,0
tx_04924,1368,7.221835825288449,5311,0.4,21,0,1,1,1,0,0,43.13,0
tx_04925,11340,9.33617975681533,4814,0.55,11,1,1,1,1,0,0,40.62,0
tx_04926,2018,7.610357618312838,5411,0.1,5,0,2,1,1,0,0,42.53,0
tx_04927,5658,8.641002477142523,5712,0.25,23,0,4,0,0,0,0,0.31,0
tx_04928,19060,9.855399641729074,4829,0.8,19,0,2,1,1,0,0,5.18,0
tx_04929,10109,9.221280312014517,4900,0.1,12,0,2,1,1,0,1,7.66,0
tx_04930,1706,7.442492722794441,4121,0.2,6,1,0,1,0,0,0,3.39,0
tx_04931,4300,8.366602832783736,5814,0.3,14,1,0,1,1,0,0,5.03,0
tx_04932,1956,7.579167967396076,6011,0.85,8,1,2,1,1,1,1,1343.79,1
tx_04933,1628,7.395721608602045,5968,0.7,16,1,4,1,-1,0,0,24.97,0
tx_04934,9108,9.11701821474481,5411,0.1,19,1,1,-1,1,0,0,21.17,0
tx_04935,13870,9.53755560876329,5712,0.25,11,1,0,1,1,0,0,7.55,0
tx_04936,12379,9.423837546238587,7995,0.3,1,0,2,1,1,0,0,8.45,0
tx_04937,14439,9.577757412446818,5712,0.25,13,0,1,1,0,0,0,5.15,0
tx_04938,8053,8.9939241414114,5311,0.4,20,1,2,1,1,0,0,55.5,0
tx_04939,6282,8.745602852402946,5311,0.4,5,0,1,1,1,0,0,7.85,0
tx_04940,2939,7.986164860332727,5814,0.3,23,1,1,-1,1,0,0,40.51,0
tx_04941,5362,8.587278798982926,5412,0.2,8,0,4,0,1,0,0,16.03,0
tx_04942,2321,7.7501841622578365,5968,0.7,16,0,1,1,1,0,0,10.14,0
tx_04943,3649,8.202482446576537,6011,0.85,16,0,6,0,1,0,0,0.81,0
tx_04944,8863,9.089753408987065,4121,0.2,4,1,9,0,1,0,0,21.91,0
tx_04945,7283,8.8934354408475,5814,0.3,0,1,2,1,1,0,0,0.63,0
tx_04946,149741,11.916669092180053,5411,0.1,22,0,2,-1,1,0,0,3.97,0
tx_04947,2268,7.727094484779841,5691,0.35,16,0,6,1,1,0,0,0.97,0
tx_04948,7232,8.886409166849282,4900,0.1,15,0,11,0,1,0,0,16.16,0
tx_04949,2106,7.653020413804189,5411,0.1,7,0,4,1,1,1,0,2841.06,0
tx_04950,5635,8.636929873018572,5311,0.4,2,1,0,1,1,0,0,10.97,0
tx_04951,5857,8.675563527387679,4121,0.2,6,1,7,0,1,0,0,0.4,0
tx_04952,18175,9.807857321520878,5814,0.3,13,1,0,1,1,0,0,14.66,0
tx_04953,5313,8.57810012631976,4829,0.8,16,1,2,-1,1,0,0,13.64,0
tx_04954,6791,8.823500727991183,5411,0.1,7,1,1,1,1,0,0,1.46,0
tx_04955,5412,8.596558746796978,4829,0.8,5,0,3,1,0,0,0,2.6,0
tx_04956,2152,7.674617497364363,4829,0.8,5,0,7,0,1,0,0,24.95,0
tx_04957,4384,8.385944904806284,5411,0.1,23,1,0,1,1,0,0,6.97,0
tx_04958,5667,8.64259160081057,6011,0.85,15,1,2,1,1,0,1,13.9,0
tx_04959,8737,9.075436609511382,7995,0.3,23,0,2,1,1,0,0,0.6,0
tx_04960,13852,9.536257094657879,5411,0.1,0,0,13,0,1,0,1,4.11,0
tx_04961,6518,8.782476268924539,5691,0.35,10,1,5,1,1,0,1,17.21,0
tx_04962,6410,8.765770543987257,7995,0.3,10,1,0,1,1,0,0,2.09,0
tx_04963,1588,7.370860166536716,4900,0.1,9,0,3,1,1,0,0,2.3,0
tx_04964,13601,9.517972119735584,7995,0.3,9,0,2,1,-1,0,0,4.95,0
tx_04965,4205,8.344267356262645,4814,0.55,1,1,4,0,1,0,0,2.0,0
tx_04966,16563,9.714986944665458,4900,0.1,0,0,3,1,1,0,0,27.72,0
tx_04967,28447,10.255833138313632,5311,0.4,18,0,2,1,-1,0,0,11.95,0
tx_04968,6813,8.826734598220911,4121,0.2,10,0,1,1,1,0,1,5.0,0
tx_04969,3081,8.033334015880062,5968,0.7,3,0,1,1,1,0,0,62.97,0
tx_04970,8017,8.989444293202451,5968,0.7,8,0,2,1,1,0,0,4.38,0
tx_04971,11344,9.336532397213942,5411,0.1,22,1,2,1,1,0,0,9.22,0
tx_04972,6036,8.705662478796427,5968,0.7,11,1,10,0,1,0,0,1.68,0
tx_04973,4766,8.469472455204826,5814,0.3,23,1,1,-1,0,0,0,4.83,0
tx_04974,13912,9.540578933841877,5968,0.7,3,0,1,1,1,0,0,11.67,0
tx_04975,13067,9.477921772720961,5968,0.7,2,0,7,0,1,0,0,11.21,0
tx_04976,5862,8.676416696964216,5712,0.25,13,0,1,1,-1,0,0,1.71,0
tx_04977,1692,7.4342573821331355,4814,0.55,16,0,4,1,1,0,0,1.06,0
tx_04978,12566,9.438829609615144,6011,0.85,23,0,1,1,-1,0,0,5.57,0
tx_04979,3929,8.276394704863307,5712,0.25,11,0,0,1,1,0,0,8.12,0
tx_04980,9985,9.208939391060555,6011,0.85,4,1,4,1,0,0,0,0.48,0
tx_04981,9403,9.14889040965996,7995,0.3,12,0,1,-1,1,0,0,67.47,0
tx_04982,1354,7.2115567333138015,4829,0.8,7,1,3,1,0,0,0,7.35,0
tx_04983,8797,9.082279701908664,5411,0.1,4,1,0,1,0,0,0,0.44,0
tx_04984,13279,9.494014423030425,4829,0.8,2,1,1,1,1,0,0,8.37,0
tx_04985,14920,9.610524895640422,4121,0.2,17,0,0,-1,1,0,0,0.73,0
tx_04986,9106,9.11679862756782,7995,0.3,15,0,1,1,-1,0,0,1.47,0
tx_04987,1245,7.1276936993473985,6011,0.85,3,1,2,-1,1,0,0,8.79,0
tx_04988,27403,10.21844426712279,7995,0.3,13,0,0,-1,-1,0,1,1.11,0
tx_04989,12036,9.395740518379736,6011,0.85,21,1,2,1,1,0,0,1.61,0
tx_04990,2597,7.862497197230545,5812,0.45,19,1,2,1,1,0,0,13.99,0
tx_04991,3854,8.25712628599743,5691,0.35,10,1,6,1,0,0,0,4.4,0
tx_04992,10146,9.224933374279082,7995,0.3,1,1,3,1,1,0,1,2.92,0
tx_04993,15537,9.651043915510366,5691,0.35,15,1,0,1,1,0,0,4.09,0
tx_04994,5124,8.54188580400661,5712,0.25,12,0,5,0,1,0,1,38.68,0
tx_04995,17844,9.789478635924262,4829,0.8,22,0,1,-1,1,0,0,13.81,0
tx_04996,1483,7.302496423727326,5814,0.3,13,1,0,1,1,0,0,0.95,0
tx_04997,3026,8.01532730902172,5968,0.7,17,1,1,1,0,0,0,30.39,0
tx_04998,1146,7.044905117129371,5812,0.45,12,0,1,1,0,0,0,3.01,0
tx_04999,3473,8.153061946801051,5412,0.2,12,0,0,1,1,0,0,4.51,0
tx_05000,34127,10.437873440711131,4829,0.8,7,1,1,1,1,0,0,1.56,0
tx_05001,57531,10.96009659372378,4121,0.2,9,0,2,-1,1,0,0,2.86,0
tx_05002,10178,9.22808205345234,5712,0.25,7,0,1,1,1,0,0,6.31,0
tx_05003,4441,8.398860004454372,5812,0.45,11,1,3,1,0,0,0,5.44,0
tx_05004,6599,8.794824928014517,5814,0.3,22,0,1,1,0,0,0,39.67,0
tx_05005,12770,9.454932254496262,7995,0.3,8,1,1,1,1,0,0,1.28,0
tx_05006,1845,7.520776415062797,5412,0.2,11,1,3,-1,1,0,0,4.17,0
tx_05007,4728,8.461469042643875,5968,0.7,22,0,1,-1,1,0,0,0.4,0
tx_05008,31835,10.36835300392574,5814,0.3,3,1,0,1,-1,0,0,2.5,0
tx_05009,3016,8.012018239159062,4900,0.1,6,0,1,1,1,0,0,17.31,0
tx_05010,3998,8.293799608846818,5968,0.7,11,0,12,0,1,0,0,30.34,0
tx_05011,8248,9.017847259860732,4121,0.2,9,0,2,1,0,0,0,33.56,0
tx_05012,10659,9.274253697719836,5712,0.25,8,0,1,1,1,0,0,3.14,0
tx_05013,4498,8.411610428841172,7995,0.3,18,1,3,-1,0,0,0,3.42,0
tx_05014,8763,9.078407700715356,5812,0.45,11,0,1,1,0,0,0,1.55,0
tx_05015,14512,9.582800078470363,7995,0.3,8,0,1,1,0,0,0,3.93,0
tx_05016,52499,10.868568448579715,4121,0.2,11,1,1,1,1,0,0,20.42,0
tx_05017,7225,8.885440911707585,5691,0.35,21,1,1,1,0,0,0,13.46,0
tx_05018,7832,8.96610085736724,5814,0.3,23,1,8,0,1,0,0,2.7,0
tx_05019,34761,10.456280115123425,5712,0.25,5,1,2,1,1,0,0,3.36,0
tx_05020,4834,8.483636407887394,6011,0.85,0,1,1,1,-1,0,0,3.51,0
tx_05021,2315,7.7475968386928855,5412,0.2,0,0,2,1,1,0,0,2.57,0
tx_05022,10331,9.243001154215731,5812,0.45,10,0,4,0,1,0,0,6.55,0
tx_05023,22641,10.027561867638054,5411,0.1,15,1,0,1,1,1,0,4026.04,0
tx_05024,11478,9.348274558065496,6011,0.85,1,0,1,1,0,0,0,78.42,0
tx_05025,7428,8.913146539151807,4814,0.55,12,1,1,1,1,0,0,5.02,0
tx_05026,2057,7.629489916393995,4900,0.1,9,0,2,1,0,0,0,11.41,0
tx_05027,7706,8.949884285777994,4814,0.55,22,1,2,1,-1,0,0,1.47,0
tx_05028,26283,10.176715668017758,5812,0.45,14,0,1,1,1,0,0,5.63,0
tx_05029,2522,7.833203948641057,4900,0.1,10,0,2,1,1,0,0,4.11,0
tx_05030,6455,8.772765209949785,5311,0.4,14,0,0,1,1,0,0,11.02,0
tx_05031,5637,8.637284671674058,5968,0.7,3,0,1,1,1,0,0,8.92,0
tx_05032,4198,8.342601680684194,5411,0.1,11,1,8,1,1,0,0,11.32,0
tx_05033,10308,9.240772579096385,4829,0.8,7,1,5,0,1,0,0,4.2,0
tx_05034,12411,9.42641902556827,4121,0.2,4,1,2,1,1,0,0,3.28,0
tx_05035,12288,9.416459832284596,4900,0.1,9,1,4,1,1,0,0,1.17,0
tx_05036,3220,8.0774471493312,6011,0.85,15,0,1,1,1,0,0,6.36,0
tx_05037,1705,7.441906728051625,5691,0.35,13,1,3,1,1,0,0,4.4,0
tx_05038,10451,9.254548626640503,7995,0.3,23,0,1,1,1,0,0,25.57,0
tx_05039,5037,8.524764456912555,4900,0.1,6,0,3,1,1,0,0,4.08,0
tx_05040,46703,10.751585093093896,5311,0.4,16,0,1,1,1,0,0,2.59,0
tx_05041,48798,10.795465099828,4829,0.8,13,1,1,1,1,0,0,9.81,0
tx_05042,53978,10.896350361020628,5411,0.1,20,1,1,1,1,0,0,0.95,0
tx_05043,3334,8.112227958349724,5691,0.35,21,0,0,1,1,0,0,7.01,0
tx_05044,13990,9.546169544733285,5968,0.7,16,1,2,1,1,0,0,2.35,0
tx_05045,18631,9.832635811564177,5411,0.1,10,0,1,-1,1,0,1,1.15,0
tx_05046,16741,9.725675811220002,5814,0.3,12,1,2,1,0,0,0,5.8,0
tx_05047,5817,8.668711839055147,5712,0.25,15,0,1,1,1,0,0,0.28,0
tx_05048,27457,10.22041284345755,5311,0.4,19,0,1,1,1,0,0,9.88,0
tx_05049,8149,9.005773206234908,6011,0.85,5,0,5,0,1,0,0,5.5,0
tx_05050,9199,9.126958763037132,5412,0.2,20,1,0,1,1,0,0,2.41,0
tx_05051,1890,7.544861068658458,4829,0.8,19,1,2,-1,1,0,0,15.44,0
tx_05052,15028,9.617736946934095,7995,0.3,2,1,0,1,0,0,0,9.12,0
tx_05053,6360,8.757940876678804,6011,0.85,6,0,3,1,1,0,0,1.08,0
tx_05054,12666,9.446755465483632,4121,0.2,5,0,1,1,1,0,0,10.08,0
tx_05055,10184,9.228671328660907,6011,0.85,13,1,0,1,0,0,0,9.13,0
tx_05056,9673,9.177197153382929,7995,0.3,5,0,1,1,1,0,0,2.91,0
tx_05057,7799,8.961879012677683,5968,0.7,7,1,2,-1,0,0,0,3.79,0
tx_05058,17196,9.752490228984199,4900,0.1,4,0,3,0,1,0,0,35.48,0
tx_05059,6743,8.81640849968169,5712,0.25,1,0,2,1,1,0,1,8.11,0
tx_05060,2044,7.623153068476902,5691,0.35,11,1,3,1,1,0,0,1.13,0
tx_05061,13984,9.54574060563606,5712,0.25,7,1,1,1,1,0,0,5.78,0
tx_05062,3777,8.236950048061455,5712,0.25,12,0,8,0,1,0,0,0.79,0
tx_05063,2315,7.7475968386928855,5712,0.25,5,0,0,1,0,0,0,9.21,0
tx_05064,3084,8.034306936339489,5691,0.35,6,1,2,1,1,0,0,2.53,0
tx_05065,10661,9.274441297382706,5812,0.45,21,0,0,1,0,1,0,3103.84,1
tx_05066,7431,8.913550280493675,5691,0.35,19,0,0,-1,1,0,0,1.64,0
tx_05067,1074,6.980075940561763,4121,0.2,6,1,3,1,1,0,0,3.34,0
tx_05068,5657,8.640825751861513,4121,0.2,3,1,1,1,1,0,0,6.6,0
tx_05069,24734,10.115974523661809,7995,0.3,23,0,1,-1,0,0,0,2.29,0
tx_05070,5305,8.576593534697684,6011,0.85,16,1,4,0,1,0,0,2.01,0
tx_05071,6960,8.848078421168667,5712,0.25,11,0,0,1,1,0,0,5.46,0
tx_05072,21939,9.99606673382922,4829,0.8,16,1,2,0,1,0,0,3.43,0
tx_05073,17342,9.760944245750586,5814,0.3,5,1,0,1,0,0,0,3.71,0
tx_05074,21501,9.975901233045173,4829,0.8,10,0,1,1,1,0,0,2.19,0
tx_05075,585,6.373319789577012,5411,0.1,9,0,2,1,1,0,0,1.59,0
tx_05076,42278,10.65204578785962,5311,0.4,17,1,1,1,1,0,0,4.25,0
tx_05077,14909,9.609787407758784,4121,0.2,4,0,1,1,1,0,0,11.81,0
tx_05078,84421,11.343583310124329,5968,0.7,11,0,1,1,1,0,0,4.55,0
tx_05079,3874,8.262300941787448,5691,0.35,20,1,4,1,1,0,0,3.45,0
tx_05080,1525,7.330405211844402,5311,0.4,4,1,8,0,1,0,0,0.89,0
tx_05081,8201,9.012133305952004,5691,0.35,2,1,4,1,1,0,0,2.8,0
tx_05082,6270,8.74369111054302,4121,0.2,19,1,0,1,1,0,0,2.6,0
tx_05083,15156,9.626217750431657,5412,0.2,20,1,0,1,0,0,0,5.49,0
tx_05084,22615,10.026412899373426,5691,0.35,10,1,4,0,-1,0,0,5.24,0
tx_05085,7497,8.922391597295857,5311,0.4,1,1,0,1,1,0,0,80.83,0
tx_05086,6480,8.776630098427717,5968,0.7,12,1,2,-1,0,0,0,3.21,0
tx_05087,13383,9.50181524266666,4900,0.1,7,0,4,0,0,0,0,13.0,0
tx_05088,6385,8.761863373274727,4814,0.55,14,0,6,0,1,0,0,13.46,0
tx_05089,5897,8.682368589375221,5691,0.35,3,0,4,0,1,0,0,10.52,0
tx_05090,21817,9.990490596157702,6011,0.85,19,1,1,1,1,0,1,4.99,0
tx_05091,26956,10.201998282870223,5411,0.1,16,0,2,-1,0,0,0,103.23,0
tx_05092,22810,10.03499815473834,4121,0.2,15,0,1,1,1,0,0,1.79,0
tx_05093,6942,8.845489236753274,7995,0.3,12,0,0,1,1,0,0,8.87,0
tx_05094,1067,6.97354301952014,5412,0.2,5,1,1,1,1,0,0,11.83,0
tx_05095,7075,8.864464055279676,4829,0.8,22,1,6,0,1,0,0,0.69,0
tx_05096,3964,8.285261134068948,5712,0.25,6,0,3,1,1,0,1,0.91,0
tx_05097,7201,8.882114044208821,5311,0.4,8,1,6,0,1,0,0,21.81,0
tx_05098,4305,8.367764677924308,7995,0.3,22,0,6,-1,1,0,0,7.11,0
tx_05099,7986,8.985570498917388,5311,0.4,0,0,1,1,0,0,0,1.25,0
tx_05100,3035,8.01829613851552,5691,0.35,3,1,2,1,-1,0,0,21.29,0
tx_05101,2413,7.789040401657477,5691,0.35,18,0,0,1,1,0,0,4.0,0
tx_05102,26023,10.166774468153188,4900,0.1,8,0,1,1,1,0,0,15.34,0
tx_05103,3242,8.084254106307318,5412,0.2,13,0,2,1,1,0,0,37.94,0
tx_05104,8148,9.00565049932022,4814,0.55,13,1,3,1,1,0,0,3.93,0
tx_05105,20170,9.912001208301334,5812,0.45,19,1,2,1,1,0,0,0.49,0
tx_05106,19414,9.873801242165767,5814,0.3,14,1,5,1,1,0,0,1.95,0
tx_05107,17331,9.7603097828598,7995,0.3,10,0,2,1,1,0,0,0.45,0
tx_05108,10861,9.29302573859479,5311,0.4,13,1,0,1,1,0,0,1.67,0
tx_05109,16203,9.693013404322581,4900,0.1,17,1,3,1,-1,0,0,25.96,0
tx_05110,30020,10.309652415758565,5691,0.35,9,0,8,0,1,0,0,2.05,0
tx_05111,12197,9.409027282856401,5812,0.45,4,0,3,1,1,0,0,1.3,0
tx_05112,1422,7.260522598089852,7995,0.3,11,1,1,1,1,0,1,31.71,0
tx_05113,4930,8.503297086224126,4121,0.2,23,0,3,1,1,0,0,3.9,0
tx_05114,15784,9.666815400992093,4900,0.1,2,0,0,1,0,0,0,6.47,0
tx_05115,4489,8.4096079807363,4900,0.1,4,1,1,0,1,0,0,1.33,0
tx_05116,37959,10.544288252723865,4900,0.1,23,0,3,1,1,0,0,21.5,0
tx_05117,7671,8.945332616563274,5412,0.2,19,1,0,1,1,0,0,5.14,0
tx_05118,8832,9.086249986745132,6011,0.85,2,0,3,0,1,0,0,12.61,0
tx_05119,23711,10.073736528095813,4121,0.2,5,0,5,0,1,0,0,0.86,0
tx_05120,6846,8.831565879121063,5968,0.7,16,0,3,1,0,0,0,23.2,0
tx_05121,9630,9.172742341560864,5712,0.25,18,0,2,1,0,0,0,7.21,0
tx_05122,19136,9.859378912910065,5712,0.25,17,0,2,1,1,0,0,2.03,0
tx_05123,2011,7.60688453121963,5812,0.45,20,1,0,1,-1,0,0,2.94,0
tx_05124,6211,8.734238184268579,4814,0.55,12,1,1,0,0,0,0,2.59,0
tx_05125,17906,9.79294697683676,5814,0.3,21,1,0,1,1,0,0,6.65,0
tx_05126,8669,9.067624069774588,4900,0.1,14,1,1,1,1,0,0,5.64,0
tx_05127,32831,10.399158928530442,5691,0.35,11,1,3,1,1,0,0,33.03,0
tx_05128,1823,7.508787170634276,5812,0.45,15,1,2,-1,1,0,0,0.43,0
tx_05129,1635,7.400009517162692,5712,0.25,10,1,4,1,1,0,0,10.11,0
tx_05130,16922,9.736428922408086,5311,0.4,14,1,1,0,1,0,0,0.7,0
tx_05131,18540,9.827739775097854,5411,0.1,20,1,0,1,1,0,0,100.85,1
tx_05132,6779,8.821732380934442,5412,0.2,22,0,4,0,1,0,0,29.48,0
tx_05133,11915,9.385637313833174,4121,0.2,13,1,8,0,1,0,0,4.65,0
tx_05134,16533,9.713174145812621,5814,0.3,0,0,3,0,0,0,0,8.13,0
tx_05135,3759,8.23217423638394,4814,0.55,14,0,3,-1,1,0,0,5.32,0
tx_05136,4162,8.333991247194975,5412,0.2,6,1,1,-1,1,0,0,2.33,0
tx_05137,9754,9.185535253057212,5812,0.45,5,0,1,-1,1,0,1,2.03,0
tx_05138,19227,9.864122829013851,4814,0.55,21,1,3,1,1,0,0,4.67,0
tx_05139,2691,7.898039690764619,7995,0.3,10,1,1,1,1,0,0,0.2,0
tx_05140,6749,8.817297783866575,5411,0.1,18,0,1,1,1,0,0,23.7,0
tx_05141,6458,8.773229786032473,4121,0.2,8,0,2,1,1,0,0,38.1,0
tx_05142,12115,9.402282172147128,5812,0.45,14,0,0,1,1,0,0,3.59,0
tx_05143,8078,8.997023381479709,5691,0.35,15,0,1,1,1,0,0,27.67,0
tx_05144,4849,8.48673398393153,5712,0.25,21,0,2,-1,1,0,0,2.65,0
tx_05145,26670,10.191332111786215,5814,0.3,4,1,4,1,1,0,0,2.49,0
tx_05146,4880,8.493105395887147,5412,0.2,13,0,2,1,1,0,0,6.26,0
tx_05147,6171,8.72777821348305,5968,0.7,9,0,3,1,1,0,0,9.17,0
tx_05148,1796,7.493873886783559,5411,0.1,11,0,2,1,1,0,0,1.78,0
tx_05149,4135,8.327484416188264,5691,0.35,20,1,1,1,-1,0,0,7.34,0
tx_05150,13299,9.495519314209846,4829,0.8,3,1,1,1,1,0,0,6.9,0
tx_05151,11045,9.309823650461134,5712,0.25,13,0,2,1,1,0,0,0.33,0
tx_05152,14396,9.574775130526355,4900,0.1,9,0,6,0,1,0,0,3.52,0
tx_05153,13747,9.528648637969724,5812,0.45,21,1,2,1,1,0,0,3.74,0
tx_05154,59189,10.98850788768477,5968,0.7,5,1,3,1,1,0,1,2.35,0
tx_05155,4003,8.295049140435111,6011,0.85,5,1,1,1,1,0,0,2.36,0
tx_05156,1749,7.4673710669175595,7995,0.3,2,0,2,1,0,0,0,8.75,0
tx_05157,3002,8.00736706798333,4814,0.55,10,0,2,1,1,0,0,0.72,0
tx_05158,4174,8.336869637284956,4814,0.55,0,1,11,0,0,0,0,18.04,0
tx_05159,3228,8.079927770758275,6011,0.85,12,0,1,1,1,0,1,4.21,0
tx_05160,8903,9.094255892955381,5411,0.1,5,1,3,1,1,0,0,21.8,0
tx_05161,26774,10.19522389531595,4121,0.2,9,0,2,1,1,0,0,2.31,0
tx_05162,35166,10.467863421858212,5311,0.4,14,0,0,1,1,0,0,15.78,0
tx_05163,13151,9.48432911729596,5968,0.7,16,1,1,1,0,0,0,9.53,0
tx_05164,62279,11.039395625947934,5311,0.4,1,1,1,1,0,0,0,0.58,0
tx_05165,5806,8.66681936537205,4814,0.55,3,1,8,0,1,0,0,3.95,0
tx_05166,1727,7.454719949364001,5814,0.3,7,0,1,1,1,0,0,103.42,0
tx_05167,22152,10.005728206482676,4829,0.8,12,0,2,1,1,0,0,13.67,0
tx_05168,1420,7.259116128097101,5311,0.4,21,1,3,1,1,0,0,1.32,0
tx_05169,3976,8.28828304520769,4121,0.2,3,0,2,1,0,0,0,2.81,0
tx_05170,13350,9.499346567390095,5712,0.25,1,0,6,1,1,0,0,13.37,0
tx_05171,7390,8.908018322784887,5412,0.2,15,1,2,1,1,0,0,7.43,0
tx_05172,6794,8.823942326585245,6011,0.85,23,0,5,0,1,0,0,0.8,0
tx_05173,2653,7.8838232148921525,5311,0.4,19,0,3,0,1,0,0,0.6,0
tx_05174,8062,8.995040974685022,4829,0.8,13,1,1,1,1,0,0,11.62,0
tx_05175,21134,9.95868571300089,4829,0.8,0,1,1,1,1,0,1,3.53,0
tx_05176,8301,9.024251728612985,4829,0.8,13,0,0,1,1,0,0,17.86,0
tx_05177,3701,8.216628493133443,5412,0.2,10,0,7,0,-1,0,0,7.47,0
tx_05178,2490,7.820439515262181,4814,0.55,10,0,0,1,0,0,0,1.85,0
tx_05179,3775,8.236420527265391,5411,0.1,11,0,9,0,1,0,0,4.72,0
tx_05180,11824,9.377971213360134,5968,0.7,13,0,1,1,1,0,0,2.97,0
tx_05181,11289,9.331672657143708,5814,0.3,17,1,2,1,1,0,0,7.0,0
tx_05182,3807,8.244859395911256,5712,0.25,4,0,3,1,1,0,1,1.68,0
tx_05183,997,6.905753276311464,6011,0.85,1,0,1,1,1,0,0,0.8,0
tx_05184,12139,9.40426106461349,5814,0.3,1,1,1,1,1,0,0,4.09,0
tx_05185,3472,8.152774052744075,5812,0.45,9,1,1,1,1,0,0,1.77,0
tx_05186,15674,9.659822365501121,6011,0.85,12,0,1,1,-1,0,0,15.39,0
tx_05187,3971,8.287025025165063,4814,0.55,18,1,2,-1,1,0,0,3.72,0
tx_05188,3186,8.066835314417336,5968,0.7,10,1,1,1,-1,0,1,6.78,0
tx_05189,9421,9.150802659259986,5311,0.4,12,1,2,0,1,0,0,3.15,0
tx_05190,76495,11.244993730865884,5814,0.3,23,0,0,-1,1,0,1,6.0,0
tx_05191,16593,9.716796463224231,6011,0.85,17,1,3,1,-1,0,0,10.26,0
tx_05192,9270,9.134646527606982,5412,0.2,16,1,3,1,1,0,0,6.6,0
tx_05193,11454,9.346181594887597,4814,0.55,8,1,0,1,1,0,0,0.7,0
tx_05194,1543,7.342131730584722,5411,0.1,3,1,7,0,1,0,0,2.9,1
tx_05195,2804,7.9391588179567965,5411,0.1,22,1,1,-1,0,1,0,4376.44,1
tx_05196,750,6.621405651764134,7995,0.3,13,1,1,-1,1,0,0,7.74,0
tx_05197,42131,10.648562825956432,7995,0.3,1,1,1,1,0,0,0,2.89,0
tx_05198,34759,10.456222579379329,5691,0.35,11,0,3,-1,1,0,0,2.68,0
tx_05199,11829,9.378393956972433,7995,0.3,2,1,2,1,1,0,0,26.67,0
tx_05200,9261,9.133675287040697,5412,0.2,23,1,3,1,0,0,0,9.34,0
tx_05201,1865,7.531552381407289,5411,0.1,12,1,2,1,1,0,0,1.09,0
tx_05202,6613,8.796943893541737,5968,0.7,18,1,5,1,1,0,0,54.52,0
tx_05203,44710,10.707974835338897,5812,0.45,11,0,0,1,1,0,0,6.95,0
tx_05204,9228,9.130105979265577,5691,0.35,0,1,1,1,1,0,0,6.76,0
tx_05205,4764,8.469052816088302,5412,0.2,15,0,3,-1,1,0,0,29.25,0
tx_05206,1533,7.335633981927201,5812,0.45,15,0,1,1,1,0,0,6.02,0
tx_05207,30226,10.316490843682582,5814,0.3,5,0,7,0,1,0,0,8.26,0
tx_05208,7620,8.938662873666118,5412,0.2,17,1,2,1,1,0,0,0.8,0
tx_05209,1535,7.336936913707618,4121,0.2,5,0,2,1,0,0,0,4.45,0
tx_05210,3385,8.12740456269308,4814,0.55,16,1,5,1,1,0,0,1.09,0
tx_05211,2420,7.791935956938058,4829,0.8,17,0,6,0,1,0,1,2.66,0
tx_05212,7187,8.88016824790345,5412,0.2,3,0,2,0,1,0,0,6.68,0
tx_05213,9918,9.202207388745993,5712,0.25,7,0,3,1,1,0,1,0.34,0
tx_05214,5050,8.527341522468053,5968,0.7,3,1,1,1,1,0,0,7.31,0
tx_05215,17041,9.743436164387901,4900,0.1,17,0,0,1,1,0,0,13.55,0
tx_05216,8778,9.080117784926209,5968,0.7,5,1,2,1,1,0,0,0.55,0
tx_05217,22345,10.014402613107283,5812,0.45,15,1,1,1,1,0,1,2.19,0
tx_05218,5801,8.665957964681349,4121,0.2,10,0,1,0,1,0,0,0.8,0
tx_05219,147006,11.89823548367474,5311,0.4,1,1,1,1,1,0,0,9.23,0
tx_05220,4764,8.469052816088302,5311,0.4,21,1,1,1,-1,1,0,4731.71,1
tx_05221,3453,8.147288258706624,6011,0.85,17,0,1,1,1,0,0,19.08,0
tx_05222,3072,8.030409562130485,6011,0.85,6,0,1,-1,1,1,0,2726.03,1
tx_05223,6666,8.80492526261806,5968,0.7,21,1,3,1,1,0,0,6.27,0
tx_05224,1590,7.372118028337787,5691,0.35,17,0,1,1,1,0,0,1.82,0
tx_05225,10775,9.2850767180902,5412,0.2,19,1,7,0,1,0,1,5.05,0
tx_05226,1333,7.195937226475569,5311,0.4,4,1,2,1,1,0,0,3.34,0
tx_05227,9497,9.158836529109067,5814,0.3,0,1,0,1,1,0,0,11.51,0
tx_05228,2256,7.721791776817535,4814,0.55,1,0,2,1,1,0,1,7.0,0
tx_05229,5670,8.643120748014027,4900,0.1,12,0,2,0,1,0,0,19.64,0
tx_05230,14465,9.579556347409227,4814,0.55,18,1,1,1,1,0,1,4.41,0
tx_05231,72693,11.19401412916664,5412,0.2,21,0,0,1,1,0,0,1.66,0
tx_05232,2925,7.98139158158007,5311,0.4,23,1,1,1,1,0,0,10.34,0
tx_05233,7061,8.862483576488332,4829,0.8,14,0,4,1,1,0,0,4.53,0
tx_05234,4095,8.317766166719343,5411,0.1,15,0,5,1,0,0,0,3.6,0
tx_05235,3565,8.179199798423086,6011,0.85,6,1,1,1,1,0,0,7.45,0
tx_05236,4130,8.326274787396764,5691,0.35,0,1,2,1,1,0,0,1.99,0
tx_05237,17819,9.788076701024801,5968,0.7,4,1,0,1,1,0,0,41.95,0
tx_05238,5123,8.541690663016626,6011,0.85,1,1,2,-1,0,0,1,17.48,1
tx_05239,69011,11.142035681501754,6011,0.85,16,1,1,1,1,0,1,7.68,0
tx_05240,12093,9.400464740833158,5311,0.4,12,0,3,1,1,0,0,6.73,0
tx_05241,3120,8.045908742270779,6011,0.85,18,1,3,1,1,0,0,5.21,0
tx_05242,5749,8.656955133791396,6011,0.85,3,0,3,1,1,0,1,2.66,0
tx_05243,3803,8.24380842366528,7995,0.3,21,1,7,0,1,0,1,9.09,0
tx_05244,17418,9.765316843477462,5311,0.4,17,1,3,-1,1,0,1,2.98,0
tx_05245,1717,7.4489161025442,4900,0.1,21,1,1,1,1,0,0,35.53,0
tx_05246,2278,7.731492029245684,5712,0.25,15,0,2,1,1,0,0,27.72,0
tx_05247,4643,8.443331342817782,7995,0.3,8,1,3,1,1,0,0,6.45,0
tx_05248,15584,9.654064192201437,6011,0.85,15,1,5,0,1,0,1,15.03,1
tx_05249,26280,10.176601523624978,5691,0.35,14,1,2,1,1,0,0,0.81,0
tx_05250,30233,10.316722397908654,4829,0.8,4,0,3,1,1,0,0,6.05,0
tx_05251,13474,9.508591395777199,5411,0.1,2,0,3,1,1,0,0,0.6,0
tx_05252,7528,8.926517509850122,5812,0.45,15,0,2,1,1,0,0,5.61,0
tx_05253,17328,9.760136677640245,5691,0.35,2,1,1,1,1,0,0,1.88,0
tx_05254,2746,7.918264686095274,5311,0.4,2,0,1,1,1,0,0,14.68,0
tx_05255,1412,7.253470382684528,5311,0.4,1,0,1,1,1,0,0,5.45,0
tx_05256,12332,9.420033875565988,4121,0.2,14,1,6,1,0,0,0,3.16,0
tx_05257,3133,8.050065422915965,5311,0.4,22,0,1,1,1,0,0,3.23,0
tx_05258,7655,8.94324493313279,5812,0.45,11,0,2,1,1,0,0,0.35,0
tx_05259,9125,9.118882761487347,4900,0.1,3,1,10,0,1,0,0,14.3,0
tx_05260,10310,9.240966565517944,7995,0.3,12,0,2,1,0,0,0,25.9,0
tx_05261,19852,9.896110408197078,4814,0.55,11,0,3,1,1,0,0,12.63,0
tx_05262,17955,9.795679599901822,5712,0.25,14,0,2,1,1,0,0,2.73,0
tx_05263,9803,9.190545744648004,5412,0.2,10,0,10,0,1,0,0,1.75,0
tx_05264,5352,8.585412430393381,5968,0.7,12,1,8,0,1,0,1,0.66,0
tx_05265,9023,9.10764297373784,6011,0.85,7,1,1,1,1,0,0,3.11,0
tx_05266,4623,8.439015410352214,5691,0.35,21,1,2,1,1,0,0,0.31,0
tx_05267,6759,8.81877816903701,5712,0.25,12,0,12,0,1,0,0,0.38,0
tx_05268,97972,11.492447209488718,5812,0.45,7,0,2,0,1,0,0,15.81,0
tx_05269,9684,9.178333575841096,5691,0.35,0,0,1,1,0,0,0,33.85,0
tx_05270,12493,9.433003808053515,4829,0.8,16,0,4,1,1,0,0,2.35,0
tx_05271,4167,8.335191583433202,5412,0.2,9,0,3,1,0,0,0,8.72,0
tx_05272,21466,9.97427215125409,4900,0.1,5,1,9,0,1,1,0,2890.74,1
tx_05273,16771,9.727466108290653,5412,0.2,11,1,0,1,1,0,0,20.35,0
tx_05274,16885,9.734240155229445,5712,0.25,11,1,1,-1,1,0,0,6.51,0
tx_05275,9990,9.209439966733019,4829,0.8,19,0,3,1,-1,0,0,10.38,0
tx_05276,21756,9.987690823818202,4900,0.1,13,1,1,1,1,0,0,0.56,0
tx_05277,27263,10.213322429629041,5968,0.7,16,0,3,0,1,0,0,4.43,1
tx_05278,10659,9.274253697719836,5411,0.1,15,1,4,0,1,0,0,2.63,0
tx_05279,7305,8.896451207355227,4829,0.8,20,1,5,0,-1,0,0,25.65,0
tx_05280,19054,9.855084813307961,5812,0.45,0,0,4,1,1,0,0,2.57,0
tx_05281,3450,8.146419323098003,5814,0.3,9,0,1,-1,1,0,0,3.67,0
tx_05282,4118,8.323365694436081,5968,0.7,17,0,0,-1,1,0,0,0.53,0
tx_05283,7743,8.954673628956414,5814,0.3,3,1,1,-1,0,0,0,5.95,0
tx_05284,1558,7.351799869057777,7995,0.3,10,1,1,1,0,0,1,5.6,0
tx_05285,17879,9.791438048727505,5712,0.25,9,0,13,0,1,0,0,3.5,0
tx_05286,3263,8.090708716083997,5311,0.4,19,0,1,1,1,0,0,22.85,0
tx_05287,5204,8.557374981049069,6011,0.85,23,1,1,1,1,0,0,5.07,0
tx_05288,6651,8.802672840312818,4900,0.1,2,1,1,1,1,0,0,2.33,0
tx_05289,8455,9.042631527550073,5311,0.4,5,1,1,1,1,0,0,1.9,0
tx_05290,5876,8.678801706612651,5968,0.7,18,1,1,-1,0,0,0,12.17,0
tx_05291,7640,8.941283763647567,6011,0.85,4,0,2,1,1,0,0,0.71,0
tx_05292,7697,8.948715833843691,5311,0.4,11,1,1,1,1,0,0,2.24,0
tx_05293,5327,8.580731212220226,5814,0.3,22,0,6,0,1,0,0,4.25,0
tx_05294,3907,8.270781013162674,6011,0.85,23,0,2,1,1,0,0,3.03,1
tx_05295,22756,10.032628069359218,5968,0.7,22,0,2,1,1,0,0,4.54,0
tx_05296,1103,7.00669522683704,4121,0.2,3,0,2,1,1,0,1,19.25,0
tx_05297,6699,8.809862805379057,5812,0.45,3,0,2,1,1,0,1,3.58,0
tx_05298,5217,8.559869465696673,4829,0.8,4,0,1,1,1,0,0,1.5,0
tx_05299,12125,9.403107186631676,5968,0.7,18,0,5,0,1,0,0,31.4,0
tx_05300,2046,7.624130585661289,4121,0.2,4,0,1,1,1,0,0,3.55,0
tx_05301,5066,8.53050420547591,7995,0.3,10,0,2,1,1,0,0,8.23,0
tx_05302,7390,8.908018322784887,4829,0.8,19,0,0,1,1,0,0,29.18,0
tx_05303,22511,10.02180377935417,5411,0.1,11,0,1,-1,1,1,0,4935.09,1
tx_05304,11167,9.320807825002154,4900,0.1,22,1,6,1,1,0,0,42.12,0
tx_05305,2646,7.881182202227102,5968,0.7,11,0,4,0,1,0,0,42.1,0
tx_05306,5126,8.5422759717837,5411,0.1,9,1,1,1,1,0,0,2.06,0
tx_05307,18900,9.846970109700957,5814,0.3,23,0,2,1,1,0,0,2.49,0
tx_05308,2603,7.86480400332846,4121,0.2,13,0,2,1,0,0,0,11.97,0
tx_05309,7559,8.930626469173578,5412,0.2,4,1,3,1,1,0,0,28.21,0
tx_05310,8075,8.996651979432729,6011,0.85,15,0,2,1,1,0,0,13.39,0
tx_05311,5646,8.638879709672837,6011,0.85,18,0,0,1,1,0,0,4.71,0
tx_05312,105465,11.566143905075032,4829,0.8,20,0,2,1,1,0,0,9.41,0
tx_05313,5503,8.61323037961318,5411,0.1,0,1,0,1,1,0,0,11.65,0
tx_05314,12487,9.432523462195268,5411,0.1,2,1,0,1,1,0,0,7.22,0
tx_05315,3933,8.277411998949004,5691,0.35,15,1,1,1,1,0,0,2.88,0
tx_05316,13447,9.506585675088452,5691,0.35,17,0,1,1,1,1,0,1270.21,0
tx_05317,18628,9.832474785289708,4814,0.55,15,0,5,0,0,0,0,3.62,0
tx_05318,4659,8.446770727119691,5814,0.3,9,1,5,-1,-1,0,0,0.51,0
tx_05319,7733,8.953381472167242,4900,0.1,18,0,7,0,1,0,0,0.97,0
tx_05320,3480,8.15507488781144,5311,0.4,13,1,6,1,1,0,0,23.51,0
tx_05321,2746,7.918264686095274,5968,0.7,22,0,2,-1,1,0,0,1.38,0
tx_05322,21810,9.990169708671852,5812,0.45,8,0,7,0,-1,0,1,5.64,0
tx_05323,4812,8.47907586930311,5411,0.1,18,1,1,1,-1,0,0,23.05,0
tx_05324,822,6.71295620067707,6011,0.85,3,0,1,1,-1,0,0,6.15,0
tx_05325,43576,10.68228476721217,5411,0.1,17,0,2,1,1,0,0,78.78,0
tx_05326,3802,8.24354550792826,5691,0.35,17,0,7,0,-1,0,0,4.43,0
tx_05327,6445,8.771215062375383,4900,0.1,6,0,1,1,1,0,1,1.85,0
tx_05328,38717,10.564059887163895,4829,0.8,1,0,3,1,1,0,0,0.88,0
tx_05329,7119,8.87066300440602,5412,0.2,23,1,2,1,1,0,0,0.54,0
tx_05330,6974,8.850087606689566,5691,0.35,1,0,3,1,1,0,0,31.71,0
tx_05331,2536,7.838737559599282,5968,0.7,11,1,1,1,0,0,0,1.3,0
tx_05332,1723,7.452402451223638,5411,0.1,0,0,4,1,1,0,0,0.72,0
tx_05333,6954,8.847216104357543,6011,0.85,10,0,3,1,0,0,0,3.23,0
tx_05334,11497,9.349928386183237,5712,0.25,19,1,0,1,1,0,0,2.46,0
tx_05335,10888,9.29550838434606,4121,0.2,12,1,1,-1,1,0,0,2.24,0
tx_05336,5156,8.548110294050959,5814,0.3,5,0,1,1,1,1,1,3767.48,1
tx_05337,8303,9.024492605405669,5712,0.25,9,0,1,1,1,0,0,6.5,0
tx_05338,1422,7.260522598089852,5411,0.1,2,1,3,1,1,0,0,14.15,0
tx_05339,12611,9.442404020664952,5412,0.2,14,0,1,1,1,0,0,77.89,0
tx_05340,9495,9.158625936289503,5311,0.4,0,1,6,0,0,0,0,1.92,0
tx_05341,53111,10.880158170398996,5712,0.25,8,0,4,-1,-1,0,0,6.55,0
tx_05342,8203,9.012377119192271,5691,0.35,1,1,2,1,1,0,0,0.93,0
tx_05343,3326,8.109826276018477,5412,0.2,5,1,1,1,1,0,0,31.46,0
tx_05344,7762,8.95712413640568,4900,0.1,1,0,2,1,0,0,0,3.88,0
tx_05345,5966,8.693999567522082,5411,0.1,22,0,1,1,1,0,0,0.12,0
tx_05346,12310,9.418248450647615,5412,0.2,18,0,4,1,1,0,0,1.0,0
tx_05347,8356,9.030854790001436,5412,0.2,22,1,0,1,1,0,0,29.63,0
tx_05348,2461,7.808729306744399,5311,0.4,16,0,1,1,-1,0,0,0.55,0
tx_05349,1722,7.45182223652793,5712,0.25,11,1,0,1,1,0,0,4.4,0
tx_05350,10456,9.25502688959859,4900,0.1,4,1,2,-1,-1,0,0,8.98,0
tx_05351,30307,10.319166983051264,5691,0.35,23,1,1,1,1,0,0,9.75,0
tx_05352,8783,9.080687163749312,4814,0.55,22,0,8,0,1,0,0,106.95,0
tx_05353,17638,9.777867638611477,5412,0.2,9,0,5,0,1,0,0,4.51,0
tx_05354,21319,9.967400878279781,5814,0.3,5,1,0,1,1,0,0,1.56,0
tx_05355,10495,9.25874951118387,5968,0.7,9,0,2,-1,1,0,0,1.73,0
tx_05356,3757,8.231642179973411,5812,0.45,9,0,1,1,1,0,0,20.06,0
tx_05357,9806,9.19085169539232,5814,0.3,22,1,1,1,1,0,0,0.26,0
tx_05358,25640,10.151947911834128,4121,0.2,1,0,0,1,1,0,0,6.56,0
tx_05359,13475,9.508665604526444,5311,0.4,15,0,0,1,0,0,0,35.57,0
tx_05360,16581,9.716073048676163,5812,0.45,18,1,3,1,1,0,0,5.52,0
tx_05361,5249,8.565983355585669,5968,0.7,18,1,0,1,0,0,0,24.07,0
tx_05362,6721,8.81314100828505,5712,0.25,4,1,5,0,0,0,0,0.38,0
tx_05363,7276,8.892473968347087,5968,0.7,9,0,2,-1,1,0,0,22.91,0
tx_05364,7757,8.956479847999912,4900,0.1,8,1,0,1,1,0,0,6.34,0
tx_05365,24704,10.11476093127985,4829,0.8,9,1,6,1,-1,0,0,2.59,0
tx_05366,876,6.776506992372183,4814,0.55,2,1,0,1,0,0,0,2.64,0
tx_05367,8385,9.034318927730707,5712,0.25,1,1,1,-1,0,0,0,40.1,0
tx_05368,7553,8.929832503272403,5812,0.45,0,1,4,1,1,0,0,1.82,0
tx_05369,2213,7.7025561132685825,4900,0.1,23,1,1,-1,0,0,0,1.94,0
tx_05370,15419,9.64342064711732,5814,0.3,10,1,2,1,1,0,0,34.39,0
tx_05371,4092,8.317033476492403,5814,0.3,5,0,4,1,1,0,0,7.1,0
tx_05372,5802,8.666130304190608,5411,0.1,19,1,3,1,1,0,0,8.99,0
tx_05373,47170,10.761534575968792,4900,0.1,11,0,0,1,1,0,0,1.44,0
tx_05374,21261,9.964676720848551,5814,0.3,8,1,5,1,1,0,1,1.41,0
tx_05375,14058,9.551018039079908,5812,0.45,2,0,2,-1,1,0,0,40.92,0
tx_05376,11695,9.36700218198956,4829,0.8,9,0,2,1,1,0,0,7.4,0
tx_05377,6965,8.848796450925947,4900,0.1,15,0,4,1,1,0,0,4.79,0
tx_05378,54425,10.904597259843,5412,0.2,14,1,2,1,1,0,0,3.32,0
tx_05379,17452,9.767266832624836,5691,0.35,9,1,0,1,1,0,0,4.08,0
tx_05380,3996,8.293299358711323,4829,0.8,14,0,0,1,1,0,0,1.91,0
tx_05381,2154,7.675546002537848,7995,0.3,18,0,7,0,-1,0,0,7.86,0
tx_05382,13956,9.543736453508645,5411,0.1,22,1,2,-1,1,0,0,2.2,0
tx_05383,7724,8.952217101765946,5411,0.1,12,0,1,1,1,0,0,2.96,0
tx_05384,2096,7.64826303090192,4121,0.2,5,0,1,1,-1,0,0,8.55,0
tx_05385,12238,9.412382853382338,6011,0.85,3,0,0,1,-1,0,0,26.68,0
tx_05386,6308,8.74973246437081,4900,0.1,3,1,1,1,1,0,0,21.48,0
tx_05387,13485,9.509407389294527,7995,0.3,0,0,1,1,1,0,0,2.23,0
tx_05388,12392,9.424887076064874,5412,0.2,13,0,1,1,1,0,0,3.78,0
tx_05389,4570,8.427487278331744,6011,0.85,5,1,0,1,1,0,0,0.64,0
tx_05390,14859,9.60642831827175,4829,0.8,5,0,1,-1,0,0,0,10.29,0
tx_05391,5075,8.532278828834277,4829,0.8,17,1,1,-1,-1,0,0,11.78,0
tx_05392,5399,8.594154232552366,5968,0.7,7,1,2,1,1,0,0,4.89,0
tx_05393,4912,8.499640032168648,5968,0.7,19,0,1,-1,1,0,0,22.17,0
tx_05394,23851,10.079623350242997,5691,0.35,3,0,4,0,0,0,0,2.35,0
tx_05395,6239,8.738735461363474,4121,0.2,8,0,2,1,0,0,0,5.38,0
tx_05396,30001,10.309019325088835,7995,0.3,1,0,2,-1,1,0,0,1.19,0
tx_05397,44333,10.699507156016702,5411,0.1,12,1,1,-1,1,0,0,4.07,0
tx_05398,4038,8.303752415563412,7995,0.3,2,1,0,1,1,0,0,2.7,0
tx_05399,508,6.2324480165505225,6011,0.85,5,1,8,0,1,0,0,9.89,0
tx_05400,21970,9.99747868095637,5968,0.7,17,0,0,1,1,0,0,3.04,0
tx_05401,5886,8.68050180902826,5812,0.45,21,1,0,1,1,0,0,20.1,0
tx_05402,3577,8.182559264068665,5812,0.45,13,1,7,0,1,0,0,0.62,0
tx_05403,4656,8.446126742982377,5691,0.35,23,1,1,1,1,0,0,9.47,0
tx_05404,5492,8.61122983334262,4121,0.2,18,0,4,1,1,0,1,0.18,0
tx_05405,27931,10.237528263965926,5411,0.1,18,1,1,1,1,0,0,4.2,0
tx_05406,9481,9.157150543462064,5814,0.3,23,0,8,0,1,0,0,19.89,0
tx_05407,27573,10.224628578731574,5968,0.7,2,1,5,0,1,0,0,4.22,0
tx_05408,13026,9.474779405697564,5691,0.35,5,1,0,1,-1,0,1,20.75,0
tx_05409,6072,8.711607995897575,5812,0.45,10,1,1,1,1,0,1,1.45,0
tx_05410,5621,8.634442751466477,4121,0.2,14,0,2,1,1,0,0,5.96,0
tx_05411,13887,9.538780436900131,5412,0.2,23,1,3,1,1,0,0,1.79,0
tx_05412,17758,9.784647708654596,5691,0.35,2,1,2,1,1,0,0,28.34,0
tx_05413,20997,9.952182474074887,6011,0.85,5,1,4,-1,1,0,0,1.73,0
tx_05414,6353,8.756839814829462,5311,0.4,7,1,1,1,1,0,0,1.48,0
tx_05415,9620,9.171703488361265,4900,0.1,16,1,0,1,-1,0,0,21.99,0
tx_05416,14186,9.560081331311986,5311,0.4,22,0,8,0,1,0,0,1.06,0
tx_05417,5656,8.640648995343156,4829,0.8,22,0,1,1,0,0,0,1.77,0
tx_05418,2771,7.927324360309794,5691,0.35,17,1,1,1,1,0,0,9.3,0
tx_05419,3787,8.239593454305968,5712,0.25,18,0,2,1,1,0,0,6.28,0
tx_05420,6478,8.776321456449958,5968,0.7,9,0,3,1,0,0,0,2.06,0
tx_05421,15279,9.634300062720511,7995,0.3,14,1,6,0,1,0,0,4.18,0
tx_05422,26935,10.20121896084091,4814,0.55,4,0,1,1,1,0,0,41.07,0
tx_05423,2246,7.717351272185329,4900,0.1,12,1,7,0,0,0,0,1.42,0
tx_05424,4618,8.437933510430605,5311,0.4,7,0,1,1,1,0,0,4.8,0
tx_05425,5798,8.66544076787644,4900,0.1,22,0,0,1,1,0,0,3.37,0
tx_05426,17329,9.760194382709651,5968,0.7,8,0,1,1,0,0,0,15.95,0
tx_05427,4932,8.503702601233739,4814,0.55,9,0,2,0,1,0,0,1.09,0
tx_05428,5415,8.59711281459211,4121,0.2,9,0,2,-1,-1,0,0,2.12,0
tx_05429,2130,7.664346632098617,6011,0.85,21,0,3,1,1,0,0,3.21,0
tx_05430,12893,9.464517365870565,7995,0.3,22,1,1,1,1,0,0,2.1,0
tx_05431,6987,8.851949671253948,4900,0.1,10,0,2,1,1,0,0,8.03,0
tx_05432,4376,8.384118837190895,5311,0.4,23,1,2,1,1,0,0,11.05,0
tx_05433,6365,8.758726607842037,5691,0.35,18,1,2,-1,-1,0,0,7.92,0
tx_05434,23761,10.075842945018232,5691,0.35,20,1,0,1,1,0,0,0.57,0
tx_05435,3135,8.0507033814703,7995,0.3,21,1,0,1,1,1,0,3911.2,1
tx_05436,3661,8.205764725234456,5411,0.1,7,0,4,1,1,0,0,3.54,0
tx_05437,26764,10.19485034282748,4121,0.2,13,0,3,1,1,1,0,4636.21,1
tx_05438,8753,9.07726601775084,5411,0.1,6,1,8,0,1,0,1,1.65,0
tx_05439,15389,9.641473226832925,5691,0.35,7,0,3,1,1,0,0,39.92,0
tx_05440,11930,9.3868953338758,5691,0.35,11,1,1,-1,1,0,0,12.54,0
tx_05441,7876,8.971702399703325,5691,0.35,1,0,2,1,1,0,0,1.11,0
tx_05442,5851,8.674538762140015,6011,0.85,5,0,3,0,-1,0,0,10.41,0
tx_05443,17946,9.795178249029277,5968,0.7,19,0,0,1,1,0,0,9.56,0
tx_05444,24573,10.109444252427517,4900,0.1,3,0,2,1,0,0,0,1.86,0
tx_05445,22814,10.035173493361503,5311,0.4,14,0,2,1,1,0,0,8.58,0
tx_05446,2641,7.879291485082271,5812,0.45,18,1,4,1,1,0,0,2.73,0
tx_05447,28137,10.244876254937159,5411,0.1,6,1,2,-1,1,0,1,0.54,0
tx_05448,5797,8.6652683094816,5411,0.1,10,0,5,0,1,1,0,4183.79,1
tx_05449,3975,8.288031567776464,4829,0.8,21,0,0,1,0,0,0,1.31,0
tx_05450,6935,8.844480518460378,4900,0.1,20,0,1,1,1,0,0,2.29,0
tx_05451,17939,9.794788135612787,5814,0.3,22,1,1,1,1,0,0,8.87,0
tx_05452,13611,9.518707035620796,5968,0.7,15,0,2,1,1,0,0,8.88,0
tx_05453,6390,8.762646029650282,5814,0.3,21,1,3,1,1,0,0,7.61,0
tx_05454,18051,9.801011760946892,5311,0.4,9,1,1,1,1,0,0,7.0,0
tx_05455,9302,9.138092207768558,4814,0.55,14,0,0,1,1,0,0,1.36,0
tx_05456,4726,8.461046030793236,4829,0.8,16,1,2,-1,-1,0,0,1.88,0
tx_05457,4157,8.332789468417959,5411,0.1,23,0,1,1,1,0,0,19.68,0
tx_05458,12027,9.394992544108419,5691,0.35,8,1,8,0,1,0,0,41.55,0
tx_05459,7531,8.926915889777042,6011,0.85,20,0,4,-1,0,0,0,4.86,0
tx_05460,2205,7.698936199813447,6011,0.85,12,1,1,1,1,0,1,7.04,1
tx_05461,18215,9.810055607743575,4121,0.2,2,0,0,1,1,0,0,63.0,0
tx_05462,5161,8.54907938027856,5812,0.45,15,0,1,1,1,0,1,2.95,0
tx_05463,36963,10.517699745007931,5311,0.4,23,1,1,1,1,0,0,6.01,0
tx_05464,2148,7.67275789664251,4829,0.8,10,1,0,1,1,0,0,2.23,0
tx_05465,6860,8.833608482690892,5691,0.35,13,1,1,1,1,0,0,0.39,0
tx_05466,4189,8.340456012916183,4121,0.2,22,0,1,1,1,0,0,2.42,0
tx_05467,3224,8.078688229229872,5311,0.4,22,1,4,1,1,0,0,7.74,0
tx_05468,5129,8.542860938164814,5691,0.35,9,1,2,0,1,0,0,0.74,0
tx_05469,43792,10.687229266240786,4900,0.1,18,1,2,1,1,0,0,8.98,0
tx_05470,9334,9.141526055975824,5712,0.25,15,0,7,0,1,0,0,1.04,0
tx_05471,3839,8.253227645581772,5412,0.2,15,1,1,1,1,0,0,2.35,0
tx_05472,1434,7.268920128193722,5968,0.7,17,0,2,1,1,0,0,3.9,0
tx_05473,1587,7.370230641807081,4829,0.8,7,1,3,1,1,0,0,1.63,0
tx_05474,4893,8.495765244002618,4121,0.2,7,0,2,0,1,0,0,5.11,0
tx_05475,4461,8.403352374992478,5691,0.35,0,0,2,1,1,0,0,4.3,0
tx_05476,6584,8.792549614177382,4900,0.1,20,0,0,1,1,1,0,3973.36,0
tx_05477,941,6.848005274576363,5812,0.45,6,0,1,1,1,0,0,28.84,0
tx_05478,7466,8.918248591035702,4814,0.55,16,1,1,1,1,0,0,1.84,0
tx_05479,21623,9.981559087956283,5712,0.25,16,0,2,1,1,1,0,1867.73,0
tx_05480,38058,10.546892866201233,7995,0.3,16,0,2,1,1,0,1,2.01,0
tx_05481,1347,7.206377291472252,4814,0.55,20,0,1,1,1,0,1,5.01,0
tx_05482,3804,8.244071270295786,5311,0.4,20,1,1,1,1,0,0,15.67,0
tx_05483,3618,8.193953023563742,5968,0.7,0,1,1,1,1,0,0,16.22,0
tx_05484,9354,9.14366623870819,5691,0.35,20,1,1,1,0,0,0,2.84,0
tx_05485,2556,7.846589975291186,4829,0.8,4,0,0,1,1,0,0,14.73,0
tx_05486,40268,10.603337221155746,4829,0.8,15,1,3,1,0,0,0,6.96,0
tx_05487,8489,9.046644279305394,5814,0.3,16,1,1,1,1,0,0,5.73,0
tx_05488,7246,8.888342869109282,6011,0.85,1,1,2,1,0,0,0,6.9,0
tx_05489,36984,10.518267704021968,5411,0.1,6,0,2,1,1,0,0,4.81,0
tx_05490,8022,8.990067695753655,5412,0.2,21,1,0,1,1,0,0,1.74,0
tx_05491,11914,9.385553389532843,5814,0.3,3,1,2,1,1,0,0,4.19,0
tx_05492,3991,8.292047637431354,4829,0.8,5,0,0,1,1,0,0,27.58,0
tx_05493,2215,7.703459047867175,4829,0.8,1,0,7,0,1,0,0,2.35,1
tx_05494,4561,8.425516402844334,5814,0.3,4,1,1,1,1,0,0,241.07,0
tx_05495,65043,11.082819242945613,4829,0.8,15,0,2,1,1,0,0,2.01,0
tx_05496,14862,9.606630182148894,5814,0.3,20,1,3,1,1,0,0,14.12,0
tx_05497,10572,9.266058860732526,5412,0.2,14,1,1,1,1,0,0,0.86,0
tx_05498,3222,8.078067881815437,7995,0.3,6,1,1,-1,1,0,0,8.17,0
tx_05499,19358,9.87091270660395,4121,0.2,20,0,1,-1,1,0,0,0.67,0
tx_05500,2243,7.716015266642587,7995,0.3,8,0,3,1,-1,0,0,14.4,0
tx_05501,1838,7.516977224604321,4900,0.1,7,1,0,1,1,0,0,5.15,0
tx_05502,4790,8.474494436883122,4121,0.2,12,1,3,1,1,0,0,16.35,0
tx_05503,52153,10.861956159309152,5814,0.3,3,1,3,1,1,0,1,1.17,0
tx_05504,49423,10.808191415158364,5691,0.35,8,1,1,1,1,0,0,6.3,0
tx_05505,5305,8.576593534697684,5968,0.7,19,0,2,1,1,0,1,10.36,0
tx_05506,4293,8.364973978438726,4814,0.55,14,0,4,1,1,0,0,10.25,0
tx_05507,1714,7.44716835960004,4814,0.55,23,0,1,1,1,0,0,1.71,0
tx_05508,8772,9.079434102128383,5691,0.35,18,0,3,1,1,0,0,5.92,0
tx_05509,9500,9.15915233520675,6011,0.85,8,0,0,1,1,0,0,2.68,0
tx_05510,17245,9.75533551151227,5411,0.1,18,1,0,0,1,0,0,6.3,0
tx_05511,19348,9.87039601753593,5968,0.7,20,0,2,1,-1,0,0,0.67,0
tx_05512,6752,8.817742129574842,6011,0.85,15,0,7,0,1,0,0,29.32,0
tx_05513,13813,9.533437849648918,6011,0.85,18,1,2,1,1,0,0,2.4,0
tx_05514,4186,8.339739766019143,5691,0.35,12,1,3,1,1,0,0,8.87,0
tx_05515,13567,9.515469358031684,5812,0.45,21,1,2,1,1,0,1,1.23,0
tx_05516,5031,8.523572798380277,5691,0.35,5,0,4,1,0,0,0,0.67,0
tx_05517,12603,9.441769502877165,5812,0.45,10,0,2,-1,0,0,0,11.07,0
tx_05518,11670,9.364862411412354,5691,0.35,6,1,1,-1,1,0,0,10.79,0
tx_05519,8695,9.070618428801046,5691,0.35,2,1,4,1,-1,0,0,13.76,0
tx_05520,17326,9.760021257510846,5412,0.2,14,0,1,1,1,0,0,7.61,0
tx_05521,1832,7.513709247839705,5812,0.45,2,1,2,1,1,0,0,20.4,0
tx_05522,2962,7.993957547573565,5814,0.3,5,1,1,-1,1,0,0,7.48,0
tx_05523,6302,8.74878098951311,6011,0.85,18,0,2,1,1,0,0,1.64,0
tx_05524,2067,7.63433723562832,5712,0.25,5,0,4,0,1,0,0,88.7,0
tx_05525,5534,8.618846845142738,4814,0.55,20,0,1,1,1,0,0,1.82,0
tx_05526,5706,8.649448770536708,5712,0.25,1,1,0,1,1,0,0,13.62,0
tx_05527,28265,10.249414947928097,5311,0.4,10,1,3,1,1,0,0,9.01,0
tx_05528,9326,9.140668698726863,4121,0.2,1,0,1,0,-1,0,1,17.7,0
tx_05529,21658,9.983176351437496,4814,0.55,1,1,2,1,1,0,0,4.43,1
tx_05530,10848,9.29182818882245,5712,0.25,18,1,1,1,1,0,0,7.42,0
tx_05531,4897,8.496582237512113,7995,0.3,1,0,0,1,0,0,0,2.33,0
tx_05532,9248,9.13227071655426,5691,0.35,21,1,1,1,1,0,1,9.94,0
tx_05533,16287,9.69818391935025,5412,0.2,14,0,1,1,1,0,0,1.06,0
tx_05534,25309,10.13895485353917,4814,0.55,11,0,3,0,-1,0,0,22.74,0
tx_05535,7183,8.879611609982035,5812,0.45,22,0,2,1,1,0,0,83.21,0
tx_05536,1703,7.440733707389261,4121,0.2,9,1,2,-1,1,0,0,18.57,0
tx_05537,1593,7.374001859350161,5968,0.7,9,1,3,1,0,0,0,0.41,0
tx_05538,5973,8.695171998776056,5968,0.7,9,0,11,0,1,0,0,2.62,0
tx_05539,884,6.785587645007929,7995,0.3,15,1,1,-1,1,0,0,16.1,0
tx_05540,44825,10.710543607203856,4900,0.1,20,0,0,1,0,0,0,1.3,0
tx_05541,14361,9.572341108670264,4829,0.8,13,0,0,-1,1,0,0,0.98,0
tx_05542,4453,8.401557847817314,5311,0.4,6,1,2,1,1,0,0,5.85,0
tx_05543,2838,7.951207156472972,5968,0.7,21,1,4,1,-1,0,0,2.79,0
tx_05544,21631,9.98192897884269,4900,0.1,14,0,1,1,0,0,0,2.61,0
tx_05545,2828,7.947678571301568,6011,0.85,19,0,2,1,0,0,0,0.93,0
tx_05546,3096,8.038189179973203,4829,0.8,10,0,1,1,1,0,0,37.84,0
tx_05547,3934,8.277666160851503,4121,0.2,4,1,6,0,0,0,0,1.53,0
tx_05548,9077,9.113609183016411,4900,0.1,22,1,1,-1,1,0,0,2.95,0
tx_05549,14690,9.594990340370426,5814,0.3,16,1,3,1,1,0,0,8.19,0
tx_05550,25291,10.138243419178504,5712,0.25,7,1,4,0,1,0,0,3.76,0
tx_05551,21980,9.997933722828073,5311,0.4,20,0,9,0,1,0,0,2.79,0
tx_05552,8151,9.00601857490256,5812,0.45,0,1,6,0,1,0,0,15.27,0
tx_05553,21475,9.97469131154246,5812,0.45,22,0,1,1,-1,0,0,7.69,0
tx_05554,4306,8.36799688505411,5691,0.35,13,1,2,1,1,0,0,7.3,0
tx_05555,1444,7.275864600546533,5691,0.35,14,0,4,1,1,0,0,2.99,0
tx_05556,4305,8.367764677924308,4814,0.55,0,1,7,0,1,0,0,1.02,0
tx_05557,3787,8.239593454305968,4900,0.1,4,1,2,1,1,1,0,693.56,0
tx_05558,4468,8.404919948933452,5691,0.35,17,1,6,0,1,0,0,2.08,0
tx_05559,3274,8.094073148069352,4814,0.55,13,1,1,-1,0,0,0,0.96,0
tx_05560,5256,8.567315800819449,5412,0.2,3,0,1,1,1,0,0,3.18,0
tx_05561,14679,9.594241302168507,4814,0.55,15,0,7,0,1,0,0,4.54,0
tx_05562,41550,10.634676867382668,5968,0.7,17,0,1,1,1,0,0,0.91,0
tx_05563,1581,7.366445148327599,4814,0.55,6,1,0,1,1,0,1,2.88,0
tx_05564,2397,7.7823903355874595,4814,0.55,16,0,0,1,1,0,0,4.83,0
tx_05565,3840,8.253488028345904,5712,0.25,23,1,2,-1,1,0,0,1.05,0
tx_05566,16859,9.732699231555847,4900,0.1,11,1,3,0,1,0,0,18.71,1
tx_05567,6704,8.81060879571578,5311,0.4,5,0,10,0,1,0,0,1.04,0
tx_05568,4094,8.31752199628717,5311,0.4,23,1,3,1,1,0,0,10.74,0
tx_05569,16092,9.686139673818495,4900,0.1,21,0,4,1,1,0,0,5.93,0
tx_05570,20206,9.913784358013496,5814,0.3,10,0,10,0,1,0,0,104.14,0
tx_05571,8001,8.98744678941718,5812,0.45,10,1,1,-1,1,0,0,5.31,0
tx_05572,3751,8.230044310126114,4900,0.1,20,0,2,-1,1,0,0,0.92,0
tx_05573,10529,9.261983605128021,5812,0.45,0,0,8,0,1,0,0,1.08,0
tx_05574,6526,8.783702698635217,5812,0.45,7,1,5,0,1,0,0,3.37,0
tx_05575,6478,8.776321456449958,5691,0.35,13,1,1,1,1,0,0,0.25,0
tx_05576,5006,8.518592212329946,5712,0.25,15,0,4,0,1,0,1,0.98,0
tx_05577,19612,9.883947890661512,7995,0.3,15,1,1,1,1,0,0,10.46,0
tx_05578,10327,9.242613932526478,5412,0.2,8,1,5,0,-1,0,0,66.39,0
tx_05579,21787,9.989114638503565,5411,0.1,20,0,0,1,1,0,1,4.38,0
tx_05580,28989,10.274706221915702,5691,0.35,15,0,0,-1,1,0,0,1.39,0
tx_05581,12597,9.441293350181875,5968,0.7,12,0,0,1,-1,0,0,17.02,0
tx_05582,5034,8.524168805152662,5812,0.45,22,1,0,1,1,1,0,1743.7,1
tx_05583,21883,9.993511055183717,4814,0.55,2,0,2,1,1,0,0,2.87,0
tx_05584,12677,9.447623486844112,5412,0.2,17,0,5,1,1,1,0,4227.48,0
tx_05585,96603,11.478375427210823,5814,0.3,22,0,5,0,1,0,0,23.73,0
tx_05586,10935,9.299815378403785,4900,0.1,15,1,0,1,0,0,0,7.36,0
tx_05587,15803,9.66801835153128,7995,0.3,13,0,5,1,1,0,0,2.16,0
tx_05588,10733,9.281171552736774,5968,0.7,8,1,2,1,0,0,0,2.64,0
tx_05589,7413,8.911125383710678,5968,0.7,6,1,7,0,0,0,1,1.13,1
tx_05590,6370,8.759511722116487,4814,0.55,13,1,1,-1,1,0,0,1.93,0
tx_05591,10772,9.284798282894192,5712,0.25,21,1,6,0,1,0,0,10.46,0
tx_05592,13364,9.50039462857302,5691,0.35,11,0,1,1,0,0,0,3.8,0
tx_05593,24388,10.101887489959422,5712,0.25,2,1,5,0,1,0,0,0.8,1
tx_05594,10922,9.298625936843543,5968,0.7,11,0,3,1,1,0,0,7.46,0
tx_05595,5247,8.565602330623925,5311,0.4,2,0,1,-1,1,0,0,18.59,0
tx_05596,5971,8.69483715865908,5691,0.35,22,1,1,1,1,0,0,4.0,0
tx_05597,2318,7.7488913372555315,5812,0.45,12,0,0,1,1,0,0,4.48,0
tx_05598,39471,10.583346838769138,5814,0.3,5,0,2,1,1,0,0,28.93,0
tx_05599,4871,8.491259809389733,5814,0.3,14,1,4,0,1,0,0,20.28,0
tx_05600,20419,9.924270091718656,5311,0.4,12,1,4,1,1,0,0,9.54,0
tx_05601,10592,9.267948684596496,7995,0.3,12,0,5,0,1,0,0,27.36,0
tx_05602,10869,9.293761980115255,4121,0.2,14,1,4,1,-1,1,1,3012.28,1
tx_05603,7285,8.89370997756851,5412,0.2,22,0,6,0,1,0,0,4.31,0
tx_05604,3854,8.25712628599743,5712,0.25,20,1,0,1,0,0,0,7.89,0
tx_05605,3246,8.085486772102845,4121,0.2,6,1,0,1,0,0,0,5.73,0
tx_05606,42075,10.647232785859165,5412,0.2,5,0,5,0,0,0,0,53.28,0
tx_05607,9076,9.113499020526627,5712,0.25,23,1,0,1,1,0,0,8.31,0
tx_05608,23722,10.074200320662365,5712,0.25,15,1,0,1,1,0,0,7.59,0
tx_05609,30358,10.32084829289068,4814,0.55,0,1,2,1,1,0,0,46.82,0
tx_05610,5513,8.615045591583742,4900,0.1,12,0,2,1,1,0,0,6.1,0
tx_05611,12179,9.407550541263888,4900,0.1,2,0,2,1,0,0,0,3.32,0
tx_05612,8501,9.048056708918736,5712,0.25,0,0,3,1,1,0,0,0.37,0
tx_05613,2713,7.906178840394815,5311,0.4,4,1,1,1,0,0,0,2.96,0
tx_05614,6829,8.829079952564836,5712,0.25,6,1,4,0,1,0,0,6.24,0
tx_05615,14233,9.563388747859216,5814,0.3,1,0,9,1,0,0,0,16.13,0
tx_05616,5070,8.531293315795018,5968,0.7,20,0,1,1,1,0,0,4.92,0
tx_05617,5982,8.696677393390031,4829,0.8,10,0,3,1,1,0,0,1.76,0
tx_05618,6908,8.840580188488795,6011,0.85,13,1,3,1,0,0,0,7.98,0
tx_05619,60544,11.011142169188467,4829,0.8,20,0,3,1,1,0,0,0.6,0
tx_05620,1426,7.2633296174768365,4121,0.2,20,1,1,1,1,0,0,23.53,0
tx_05621,13118,9.48181684008103,4121,0.2,19,1,0,1,1,0,0,27.66,0
tx_05622,6403,8.764678074116606,4829,0.8,4,0,2,1,0,0,0,0.6,0
tx_05623,4432,8.396831834745054,6011,0.85,17,0,0,1,1,0,0,1.8,0
tx_05624,6255,8.741296282225147,4829,0.8,23,0,3,1,0,0,0,7.57,0
tx_05625,15355,9.639261556120688,5812,0.45,0,1,1,1,1,0,1,41.04,0
tx_05626,16211,9.693506987748199,5411,0.1,20,0,0,1,1,0,0,4.65,0
tx_05627,9719,9.181940897454485,4121,0.2,20,1,6,0,1,0,0,7.92,0
tx_05628,23001,10.043336447652527,5412,0.2,20,1,1,1,1,0,0,6.72,0
tx_05629,27189,10.210604537626516,4121,0.2,9,1,1,1,1,0,0,0.77,0
tx_05630,17690,9.780811314668615,5412,0.2,4,0,6,1,1,0,0,3.29,0
tx_05631,4848,8.486527777105353,5691,0.35,17,0,6,1,1,0,0,1.99,0
tx_05632,13028,9.474932921202932,5691,0.35,14,0,3,0,1,0,0,6.57,1
tx_05633,13087,9.479451058842528,4900,0.1,17,1,0,1,1,0,0,2.18,0
tx_05634,3753,8.230577217146454,5814,0.3,6,0,1,1,1,0,0,5.15,0
tx_05635,1834,7.51479976048867,5712,0.25,4,0,5,1,1,0,0,4.65,0
tx_05636,1192,7.084226422097916,4900,0.1,21,0,4,1,1,0,0,5.14,0
tx_05637,8704,9.07165285220229,5412,0.2,12,0,1,-1,-1,0,0,17.84,0
tx_05638,10811,9.288411907396338,4814,0.55,20,0,1,1,1,0,0,7.87,0
tx_05639,2650,7.8826922062890254,6011,0.85,22,0,6,0,-1,0,0,3.7,0
tx_05640,22002,9.99893408668014,5814,0.3,11,0,11,0,1,0,0,9.0,0
tx_05641,9412,9.14984699154722,5311,0.4,6,1,5,0,1,0,0,2.59,0
tx_05642,29353,10.287184102171144,5812,0.45,21,1,2,1,1,0,0,1.36,0
tx_05643,11582,9.357293784932345,5812,0.45,17,1,2,1,1,0,1,17.97,0
tx_05644,2958,7.99260665240021,5712,0.25,15,0,0,1,-1,1,0,2179.25,0
tx_05645,12588,9.44057869576626,4121,0.2,22,1,8,0,1,0,0,1.47,0
tx_05646,15395,9.641863014403636,6011,0.85,5,0,1,1,1,0,1,30.66,0
tx_05647,4841,8.485083137498004,7995,0.3,8,0,1,1,1,0,0,14.22,0
tx_05648,2070,7.635786861395585,7995,0.3,0,1,0,1,1,0,0,3.97,0
tx_05649,8959,9.100525505968976,7995,0.3,9,0,7,0,1,0,0,14.46,0
tx_05650,3148,8.054840221101024,7995,0.3,10,1,2,1,1,0,0,2.84,0
tx_05651,23624,10.070060752361943,5814,0.3,10,0,2,1,0,0,0,8.83,0
tx_05652,5532,8.618485442898109,4121,0.2,3,0,2,0,1,0,0,5.3,0
tx_05653,41921,10.643566027780505,5412,0.2,19,1,4,0,1,0,0,3.2,0
tx_05654,1083,6.988413181999592,4900,0.1,11,0,9,0,1,0,0,6.76,0
tx_05655,9258,9.133351330448047,4900,0.1,10,1,4,1,-1,0,0,1.29,0
tx_05656,31669,10.363125139532686,5968,0.7,20,0,1,1,-1,0,0,2.5,0
tx_05657,3496,8.159660737063376,5968,0.7,11,1,1,1,-1,0,0,0.42,0
tx_05658,7002,8.854093907655518,5691,0.35,21,0,5,1,1,0,0,3.35,0
tx_05659,5554,8.62245370207373,5814,0.3,5,0,2,1,1,0,0,6.72,0
tx_05660,4254,8.355850041007475,4814,0.55,20,0,10,1,0,0,0,0.88,0
tx_05661,10276,9.237663667625073,4900,0.1,23,0,0,1,1,0,0,7.82,0
tx_05662,2379,7.77485576666552,6011,0.85,18,1,0,1,1,0,0,0.35,0
tx_05663,7330,8.899867211223587,5412,0.2,21,1,8,0,-1,0,0,2.44,0
tx_05664,13298,9.495444123413163,5691,0.35,17,1,1,1,1,0,0,4.4,0
tx_05665,6640,8.801017833540714,5412,0.2,14,0,1,-1,1,0,0,4.83,0
tx_05666,3149,8.055157731819678,4829,0.8,18,1,4,0,1,0,0,6.55,0
tx_05667,21674,9.983914801648742,5968,0.7,23,0,2,1,1,0,0,0.68,0
tx_05668,16300,9.69898173460629,5814,0.3,14,0,1,1,-1,0,0,6.05,0
tx_05669,3029,8.016317898503415,5812,0.45,16,0,0,-1,1,0,0,11.2,0
tx_05670,2382,7.776115477098742,5311,0.4,1,1,0,-1,1,0,0,2.9,0
tx_05671,3297,8.101071503119543,5812,0.45,23,0,1,1,1,0,0,3.71,0
tx_05672,13673,9.523251498473739,7995,0.3,18,1,3,1,1,0,0,0.88,0
tx_05673,10583,9.267098705794792,5812,0.45,3,0,1,-1,1,0,0,13.93,0
tx_05674,17253,9.755799279636523,5412,0.2,6,0,3,1,1,0,0,1.08,0
tx_05675,5975,8.695506726812653,4900,0.1,5,1,2,1,1,0,0,18.07,0
tx_05676,3384,8.127109185346375,5691,0.35,7,1,2,1,1,0,0,68.96,0
tx_05677,19498,9.878118461185586,5411,0.1,21,1,5,0,1,0,0,2.72,0
tx_05678,4815,8.479698986988657,5712,0.25,11,1,6,1,1,0,0,1.96,0
tx_05679,9724,9.182455168486648,4121,0.2,10,1,1,1,0,0,0,3.96,0
tx_05680,1868,7.533158807455563,4829,0.8,18,0,6,0,0,0,0,16.33,0
tx_05681,4740,8.464003362902119,5968,0.7,8,0,1,1,1,0,0,1.65,0
tx_05682,21250,9.96415923206886,5411,0.1,21,1,0,1,0,0,0,0.38,0
tx_05683,4125,8.325063693631197,5412,0.2,18,1,0,1,0,0,0,19.15,0
tx_05684,17658,9.779000847413124,5691,0.35,6,1,1,1,0,0,0,5.07,0
tx_05685,890,6.792344427470809,5412,0.2,15,0,0,-1,0,0,0,3.75,0
tx_05686,4787,8.473868066677865,5814,0.3,11,1,1,1,-1,0,0,5.26,0
tx_05687,6921,8.84246002419529,4900,0.1,8,0,1,1,1,0,0,1.84,0
tx_05688,42642,10.660618412837621,5814,0.3,21,1,4,1,1,0,0,3.91,0
tx_05689,2683,7.895063498091573,4829,0.8,9,0,2,1,-1,0,0,6.73,0
tx_05690,15408,9.642707033281853,5411,0.1,2,0,3,1,1,0,0,8.81,0
tx_05691,22231,10.00928797142234,5712,0.25,9,0,2,1,1,0,0,5.11,0
tx_05692,4104,8.31996102188653,6011,0.85,12,1,0,1,1,0,0,0.27,0
tx_05693,5712,8.650499558724462,4900,0.1,3,1,1,1,1,0,0,3.32,0
tx_05694,9318,9.139810605785655,5712,0.25,17,1,1,1,-1,0,0,5.19,0
tx_05695,1994,7.598399329323964,4121,0.2,5,1,1,1,1,0,0,5.74,0
tx_05696,5286,8.57300625623545,4814,0.55,2,1,1,1,1,0,0,2.92,0
tx_05697,27377,10.217495050155458,5814,0.3,12,0,1,1,1,0,0,51.32,0
tx_05698,13382,9.501740523796375,5814,0.3,3,0,0,1,-1,0,0,2.85,0
tx_05699,7018,8.856376036730422,5411,0.1,18,1,0,-1,1,0,0,8.33,0
tx_05700,9069,9.112727543109182,5712,0.25,1,1,0,1,-1,0,0,2.79,0
tx_05701,14144,9.557116483735667,5411,0.1,10,0,10,0,1,0,0,8.59,0
tx_05702,16966,9.73902556004294,4900,0.1,1,1,6,0,-1,0,0,0.83,0
tx_05703,4801,8.4767877767812,5412,0.2,9,0,4,0,1,0,0,29.84,0
tx_05704,35002,10.463189051084006,5311,0.4,22,0,9,0,0,0,0,7.28,0
tx_05705,28444,10.255727677184748,5968,0.7,15,1,5,1,1,0,0,2.58,0
tx_05706,15500,9.648659816955295,5411,0.1,12,0,2,1,1,0,0,3.01,0
tx_05707,3657,8.204671828950811,5311,0.4,3,1,2,1,1,0,0,2.01,0
tx_05708,3090,8.036249942132116,5691,0.35,7,0,0,1,1,0,0,3.18,0
tx_05709,5972,8.695004592732307,5814,0.3,9,1,0,1,1,0,0,4.75,0
tx_05710,8629,9.062999784077473,4900,0.1,13,0,3,1,1,0,0,2.48,0
tx_05711,1518,7.325807502595773,7995,0.3,4,0,1,1,1,0,0,11.75,0
tx_05712,13032,9.47523988153072,5412,0.2,23,1,1,1,0,0,0,70.06,0
tx_05713,27674,10.228284757576837,5812,0.45,15,1,0,1,1,0,0,3.72,0
tx_05714,14084,9.552865680310473,7995,0.3,7,1,2,1,1,0,0,0.34,0
tx_05715,4285,8.363109176033522,5412,0.2,2,0,4,0,1,0,0,3.21,0
tx_05716,3829,8.250620082174692,4829,0.8,14,0,2,1,1,0,0,4.29,0
tx_05717,10830,9.290167671835738,5814,0.3,10,0,1,1,1,0,0,12.07,0
tx_05718,7041,8.859647499714997,4121,0.2,16,1,3,1,1,0,0,2.08,0
tx_05719,12408,9.42617729477462,5412,0.2,14,0,3,1,-1,0,0,2.12,0
tx_05720,14426,9.576856729945773,7995,0.3,15,1,1,1,1,0,0,2.06,0
tx_05721,22982,10.04251009118493,5411,0.1,20,0,10,0,1,0,0,1.04,0
tx_05722,2778,7.929846429742503,5812,0.45,12,1,0,1,1,1,1,3910.57,1
tx_05723,10054,9.215825302206753,5691,0.35,17,0,9,0,1,0,0,5.39,0
tx_05724,5767,8.660080678964786,4900,0.1,8,0,0,1,1,0,0,0.86,0
tx_05725,7417,8.911664758049536,5311,0.4,22,0,0,1,1,0,1,3.38,1
tx_05726,18515,9.826390502151161,5691,0.35,9,0,1,1,0,0,0,10.65,0
tx_05727,20530,9.929691218032765,4814,0.55,16,1,3,1,1,0,0,1.62,0
tx_05728,30751,10.33371031177002,5411,0.1,23,1,1,1,0,0,0,19.21,0
tx_05729,12204,9.40960098282706,5411,0.1,8,0,2,1,-1,0,0,2.02,0
tx_05730,7337,8.900821604915228,5968,0.7,2,0,2,1,-1,0,0,0.78,0
tx_05731,6406,8.765146421639022,4814,0.55,5,0,2,1,1,0,1,2.95,0
tx_05732,1567,7.357556200910353,5968,0.7,5,0,4,0,1,0,0,7.34,0
tx_05733,29083,10.277943473769948,5411,0.1,1,1,3,1,-1,0,0,12.73,0
tx_05734,5999,8.699514748210191,5812,0.45,13,1,3,1,1,0,0,7.69,0
tx_05735,13171,9.485848643496254,5691,0.35,6,1,2,1,1,0,0,40.52,0
tx_05736,15525,9.650271316965625,5311,0.4,2,1,2,1,0,0,0,6.17,0
tx_05737,2495,7.822444729489319,7995,0.3,3,0,1,1,0,0,0,2.59,0
tx_05738,3388,8.128290171607052,4900,0.1,6,0,2,1,0,0,0,4.58,0
tx_05739,35413,10.474862501166163,4121,0.2,8,0,2,1,1,0,0,1.03,0
tx_05740,10733,9.281171552736774,5814,0.3,23,1,4,0,1,0,0,13.37,0
tx_05741,4692,8.453827315794417,5712,0.25,16,0,5,1,1,0,0,0.93,0
tx_05742,7224,8.885302512980633,6011,0.85,17,0,0,1,1,0,0,1.41,0
tx_05743,22859,10.037143937348802,5412,0.2,16,1,3,1,0,0,0,4.16,0
tx_05744,19787,9.8928309723476,4121,0.2,19,0,0,1,1,0,0,1.57,0
tx_05745,2023,7.6128310304073565,4121,0.2,7,0,0,1,1,0,0,7.67,0
tx_05746,38474,10.55776395870708,5412,0.2,2,1,2,1,0,0,1,6.95,0
tx_05747,20394,9.923045051751659,4900,0.1,12,0,2,1,1,0,1,11.72,0
tx_05748,7047,8.860499167616016,6011,0.85,0,0,2,1,1,0,0,9.83,0
tx_05749,2626,7.87359778968554,4814,0.55,5,1,1,1,0,0,0,6.44,0
tx_05750,22170,10.00654040759221,6011,0.85,18,0,10,0,0,0,1,4.46,0
tx_05751,12807,9.45782525467655,4900,0.1,12,1,5,0,0,0,0,11.43,0
tx_05752,2039,7.620705086838262,4814,0.55,16,1,2,1,1,0,0,4.93,0
tx_05753,6533,8.784774592161016,4900,0.1,12,0,8,0,1,0,0,26.46,0
tx_05754,158742,11.975041821294559,4829,0.8,13,1,0,1,1,0,0,14.43,0
tx_05755,8274,9.020994200245264,5411,0.1,7,0,4,1,1,0,0,3.56,0
tx_05756,4025,8.300528606199737,5311,0.4,5,1,3,0,1,0,0,20.52,0
tx_05757,3125,8.047509510981422,5691,0.35,6,0,5,0,1,0,0,30.0,0
tx_05758,43856,10.688689620179726,5691,0.35,19,1,6,0,1,0,0,62.85,0
tx_05759,18225,9.810604425056072,4121,0.2,23,0,1,-1,1,0,0,19.29,0
tx_05760,31015,10.342258479350765,4814,0.55,1,1,3,1,0,0,0,1.37,0
tx_05761,10311,9.241063544619024,4829,0.8,12,0,1,-1,-1,0,0,1.57,0
tx_05762,26809,10.196530231230005,4829,0.8,11,1,0,1,1,0,0,1.4,0
tx_05763,3638,8.19946419761216,4814,0.55,13,1,1,1,0,0,0,16.54,0
tx_05764,9506,9.15978364835903,5311,0.4,5,1,2,1,1,0,0,104.39,0
tx_05765,10699,9.277999020449997,5691,0.35,0,1,0,1,1,0,0,7.68,0
tx_05766,30288,10.318539889280197,5311,0.4,4,1,2,1,1,0,0,5.21,0
tx_05767,11027,9.308192772143688,5311,0.4,4,1,3,1,1,0,0,9.05,0
tx_05768,4496,8.411165786770708,5412,0.2,1,0,1,1,1,0,0,9.8,0
tx_05769,8656,9.066123521215774,5691,0.35,8,1,1,1,1,0,0,22.62,0
tx_05770,1657,7.4133673356952405,5311,0.4,16,1,3,1,1,0,0,2.45,0
tx_05771,898,6.80128303447162,4900,0.1,23,1,1,1,1,0,0,8.57,0
tx_05772,17943,9.795011076200044,5411,0.1,15,0,2,1,1,0,1,13.22,0
tx_05773,5705,8.649273531773446,4121,0.2,4,0,8,0,1,0,0,6.71,0
tx_05774,6354,8.756997183623554,5412,0.2,8,0,2,1,1,0,0,0.76,0
tx_05775,17936,9.794620897549015,7995,0.3,7,1,2,1,1,0,1,0.52,0
tx_05776,30710,10.33237617558788,5411,0.1,5,0,3,-1,1,0,0,0.95,0
tx_05777,13534,9.513034202048402,4814,0.55,23,0,6,0,0,0,0,18.73,1
tx_05778,50860,10.836851700599572,5812,0.45,15,0,0,1,1,0,0,32.75,0
tx_05779,13131,9.482807278621483,4814,0.55,11,0,2,1,1,0,0,1.32,0
tx_05780,10854,9.292381082312392,4829,0.8,10,1,6,1,1,0,0,13.16,0
tx_05781,10235,9.23366619727968,4829,0.8,7,0,10,0,1,0,0,0.43,0
tx_05782,2402,7.784473235736469,6011,0.85,10,0,3,0,0,0,0,2.35,0
tx_05783,20199,9.913437883389296,7995,0.3,15,1,5,0,-1,1,0,4509.72,1
tx_05784,798,6.683360945766275,5691,0.35,22,1,2,-1,1,0,0,13.56,0
tx_05785,4667,8.448485993406447,5712,0.25,11,1,1,1,1,0,0,2.2,0
tx_05786,8324,9.027018314848645,5812,0.45,4,0,0,1,1,0,0,4.36,0
tx_05787,3846,8.255048902752295,5712,0.25,22,0,2,1,1,0,0,4.55,0
tx_05788,5303,8.576216531865699,5691,0.35,7,1,3,1,0,0,0,1.0,0
tx_05789,46750,10.752590924862394,7995,0.3,1,0,1,1,1,0,0,17.47,0
tx_05790,23248,10.054017399337825,5814,0.3,13,1,0,1,1,0,0,6.24,0
tx_05791,4246,8.353968130313271,4814,0.55,18,1,3,1,1,0,0,1.9,0
tx_05792,5214,8.559294367434873,5411,0.1,6,0,6,0,1,0,0,4.59,0
tx_05793,2421,7.792348924113037,7995,0.3,6,0,1,1,0,0,0,18.53,0
tx_05794,15913,9.67495450393748,5411,0.1,6,0,4,0,1,0,0,1.89,0
tx_05795,6425,8.768107539675803,4829,0.8,19,0,0,-1,1,0,0,1.25,0
tx_05796,1258,7.138073034044347,6011,0.85,22,0,1,1,1,0,0,1.31,0
tx_05797,8963,9.100971834920818,5712,0.25,20,1,2,1,1,0,0,88.41,0
tx_05798,12360,9.422301633887823,5691,0.35,5,1,1,1,1,0,0,14.39,0
tx_05799,20336,9.920197166099076,5411,0.1,20,1,1,0,1,0,0,1.53,0
tx_05800,7597,8.935640333747571,4814,0.55,7,1,7,0,1,0,0,5.67,0
tx_05801,5717,8.651374372882257,5411,0.1,20,0,2,1,1,0,0,6.71,0
tx_05802,53751,10.892136154599985,5412,0.2,23,1,2,1,1,0,0,5.31,0
tx_05803,8196,9.011523512653032,7995,0.3,17,0,5,0,-1,0,0,2.5,0
tx_05804,16135,9.688808079634049,5311,0.4,22,1,1,1,1,0,0,0.93,0
tx_05805,4879,8.492900498847193,4829,0.8,3,1,2,1,1,0,0,2.07,0
tx_05806,15687,9.660651367876183,5411,0.1,15,1,1,1,1,0,0,2.67,0
tx_05807,2043,7.622663951323595,7995,0.3,1,0,3,1,-1,0,0,13.37,0
tx_05808,5251,8.566364235422688,5412,0.2,15,0,0,-1,1,0,1,6.08,0
tx_05809,2585,7.857867559331803,5411,0.1,8,1,2,1,1,0,0,9.66,0
tx_05810,4585,8.43076346341785,5812,0.45,23,1,8,0,1,0,0,1.28,0
tx_05811,26719,10.193167627650581,5812,0.45,11,1,2,1,1,0,0,3.66,0
tx_05812,4553,8.423761246623686,5311,0.4,18,0,0,1,1,0,0,17.54,0
tx_05813,16115,9.687567846311238,7995,0.3,7,1,1,1,1,1,0,1285.07,0
tx_05814,34426,10.44659641922227,5712,0.25,1,1,2,1,1,0,0,37.66,0
tx_05815,7934,8.97903863296051,4121,0.2,17,0,2,1,1,0,0,5.68,0
tx_05816,20936,9.94927320768526,5411,0.1,5,1,1,1,0,0,0,10.77,0
tx_05817,13490,9.509778075438817,6011,0.85,17,0,11,0,1,0,0,0.5,0
tx_05818,9098,9.11591979635669,5411,0.1,11,1,0,-1,1,0,0,11.78,0
tx_05819,16613,9.718000992399016,5691,0.35,23,0,1,1,-1,0,0,1.75,0
tx_05820,46775,10.753125529855506,5712,0.25,8,0,2,1,1,1,0,1778.42,0
tx_05821,4446,8.399984990510696,5812,0.45,9,0,2,-1,1,0,0,1.18,0
tx_05822,3275,8.09437844497296,6011,0.85,17,1,3,1,1,0,0,16.54,0
tx_05823,3097,8.038512020976814,4829,0.8,18,0,3,1,1,0,0,1.4,0
tx_05824,20950,9.949941656908011,5691,0.35,3,0,4,1,1,0,0,8.73,0
tx_05825,23815,10.078112902695612,5691,0.35,17,0,0,1,1,0,0,7.66,0
tx_05826,4890,8.495152060539358,4829,0.8,11,1,2,1,1,0,0,6.87,0
tx_05827,1071,6.977281341630747,5812,0.45,23,0,1,1,1,0,0,3.99,0
tx_05828,4290,8.364275084991524,4814,0.55,15,0,2,0,1,0,0,9.6,0
tx_05829,13707,9.525734882994499,5412,0.2,18,1,1,1,1,0,0,4.63,0
tx_05830,7645,8.941937914256359,5311,0.4,8,0,1,1,1,0,0,3.61,0
tx_05831,9667,9.176576741823373,4829,0.8,6,0,8,0,1,0,0,12.03,0
tx_05832,4954,8.508152446764088,5968,0.7,18,1,1,1,0,0,0,58.14,0
tx_05833,21345,9.96861964747391,4900,0.1,0,0,11,0,1,0,0,4.79,0
tx_05834,11285,9.331318298529085,4900,0.1,13,0,3,1,1,0,0,1.01,0
tx_05835,14219,9.562404703357231,5968,0.7,23,0,3,1,0,0,0,3.57,0
tx_05836,9474,9.156412029950626,6011,0.85,23,0,2,1,1,0,0,10.66,0
tx_05837,13404,9.50338305067006,4121,0.2,17,1,7,1,1,0,0,3.24,0
tx_05838,12592,9.440896383005846,4900,0.1,11,1,0,1,-1,0,0,0.88,0
tx_05839,3373,8.123854263105914,5812,0.45,19,0,1,1,1,0,0,6.73,0
tx_05840,11610,9.359708203627006,5814,0.3,0,1,3,1,1,0,0,3.9,0
tx_05841,17277,9.75718929491883,7995,0.3,19,1,2,1,1,0,0,2.33,0
tx_05842,24405,10.102584282691785,5691,0.35,4,0,4,1,1,0,0,6.91,0
tx_05843,12094,9.400547423044127,4121,0.2,17,0,0,1,1,1,1,3430.58,1
tx_05844,3256,8.088561805276234,6011,0.85,8,1,7,0,1,0,0,3.01,0
tx_05845,3768,8.234564993267135,4829,0.8,18,1,6,0,1,0,0,13.14,0
tx_05846,5387,8.591929537530255,4814,0.55,14,0,9,0,1,0,1,5.64,0
tx_05847,9751,9.185227671161108,5812,0.45,22,1,2,1,1,0,0,1.48,0
tx_05848,7252,8.889170455363413,5712,0.25,18,1,4,0,1,0,0,0.49,0
tx_05849,2801,7.938088726896952,4121,0.2,21,1,1,1,1,0,0,6.52,0
tx_05850,2785,7.932362154339751,4829,0.8,3,0,1,1,1,0,0,4.63,0
tx_05851,1109,7.01211529430638,5712,0.25,9,1,1,-1,1,0,0,2.1,0
tx_05852,421,6.045005314036012,4900,0.1,10,0,1,1,0,0,0,2.43,0
tx_05853,7187,8.88016824790345,5812,0.45,0,1,5,1,1,0,0,1.22,0
tx_05854,73820,11.20939852295661,5411,0.1,0,0,1,1,1,0,0,6.82,0
tx_05855,44896,10.712126256353349,5712,0.25,0,0,1,-1,1,0,0,1.4,0
tx_05856,3216,8.076204527239026,5412,0.2,18,0,0,1,1,0,0,3.56,0
tx_05857,9392,9.147720009994515,5411,0.1,10,0,6,0,1,0,0,2.8,0
tx_05858,2026,7.614312146452,5311,0.4,18,0,2,1,1,0,0,0.82,0
tx_05859,2342,7.759187438507795,5812,0.45,20,1,0,1,1,0,0,10.3,0
tx_05860,2611,7.867871490396322,5691,0.35,0,0,2,1,1,1,0,3572.03,1
tx_05861,6574,8.791029857045965,5712,0.25,20,1,2,0,1,0,0,86.5,0
tx_05862,6849,8.83200393125627,5712,0.25,5,0,1,1,1,0,1,1.76,0
tx_05863,10355,9.245321340871428,4829,0.8,9,1,2,-1,1,0,0,42.34,0
tx_05864,15294,9.635281256585003,6011,0.85,23,0,2,1,1,0,0,5.29,0
tx_05865,5914,8.685246776412487,5691,0.35,7,0,2,-1,1,0,0,2.8,0
tx_05866,8430,9.039670667922676,5814,0.3,22,0,3,1,1,0,0,1.52,0
tx_05867,2881,7.966239776559467,6011,0.85,12,0,2,1,1,0,1,1.0,0
tx_05868,2271,7.7284157798410416,6011,0.85,0,0,2,1,0,0,0,2.29,0
tx_05869,1961,7.581719640125308,5812,0.45,19,1,1,1,1,0,0,2.04,0
tx_05870,15093,9.622052592844813,5968,0.7,1,1,1,1,1,0,0,2.99,0
tx_05871,5909,8.684401110400144,5412,0.2,15,1,3,1,1,0,0,2.06,0
tx_05872,1377,7.228388451573604,5814,0.3,11,0,1,-1,1,0,0,14.46,0
tx_05873,7671,8.945332616563274,5311,0.4,3,0,3,1,1,0,0,1.35,0
tx_05874,2487,7.81923445385907,5812,0.45,12,0,4,1,-1,0,0,2.02,0
tx_05875,39440,10.582561163364714,4814,0.55,8,0,3,1,1,0,0,3.63,0
tx_05876,4700,8.45553053102413,6011,0.85,2,1,2,1,1,0,0,1.83,0
tx_05877,15562,9.65265158120501,4900,0.1,13,1,3,1,1,0,0,15.25,0
tx_05878,22918,10.039721539859407,5812,0.45,1,1,3,-1,0,0,0,1.62,0
tx_05879,3288,8.098338846189057,4121,0.2,12,1,2,1,1,0,1,3.33,0
tx_05880,8755,9.077494458642754,4829,0.8,5,0,1,1,0,0,0,3.05,0
tx_05881,13780,9.531046110875145,7995,0.3,19,1,2,1,1,0,0,3.08,0
tx_05882,9090,9.115040192121858,5968,0.7,22,1,1,1,0,0,0,63.2,0
tx_05883,11478,9.348274558065496,4900,0.1,22,0,0,1,0,0,0,21.76,0
tx_05884,2303,7.742402021815782,4814,0.55,22,1,5,0,1,0,0,8.79,0
tx_05885,13787,9.531553927636756,5968,0.7,2,0,2,1,-1,0,0,6.77,0
tx_05886,5132,8.543445562560303,7995,0.3,12,0,0,1,-1,0,0,43.7,0
tx_05887,11352,9.337237305164534,4829,0.8,5,0,1,1,1,0,0,3.85,0
tx_05888,19519,9.879194859967084,5812,0.45,2,1,2,-1,1,0,0,3.33,0
tx_05889,15376,9.640628165515693,4900,0.1,9,0,2,1,1,0,0,4.35,0
tx_05890,11344,9.336532397213942,5814,0.3,10,1,0,1,0,0,0,4.06,0
tx_05891,14991,9.615272004478204,5411,0.1,7,0,1,1,1,0,0,6.81,0
tx_05892,15665,9.659248037927183,4814,0.55,2,0,4,1,1,0,0,5.12,0
tx_05893,33722,10.425935376129907,5311,0.4,9,0,4,1,1,0,0,0.36,0
tx_05894,7886,8.97297111339799,5691,0.35,3,1,0,1,0,0,0,6.45,0
tx_05895,9518,9.161045080251306,5968,0.7,0,0,1,1,1,0,0,8.34,0
tx_05896,19745,9.890706218171395,4121,0.2,10,0,4,1,1,0,0,8.22,0
tx_05897,5112,8.53954159508,7995,0.3,1,0,7,0,1,1,0,1996.14,1
tx_05898,2291,7.73718007783463,5812,0.45,23,1,2,1,1,0,0,0.89,0
tx_05899,13013,9.47378098005493,6011,0.85,20,1,0,1,0,0,1,18.68,0
tx_05900,6697,8.80956425335415,7995,0.3,22,1,1,1,1,0,0,3.16,0
tx_05901,2586,7.8582541821860294,4829,0.8,2,0,2,1,0,0,0,2.77,0
tx_05902,13104,9.480749115757506,4814,0.55,11,1,0,1,0,0,0,2.33,0
tx_05903,31721,10.364765725463505,5814,0.3,19,0,1,1,1,0,0,8.76,0
tx_05904,1732,7.457609289715606,4829,0.8,13,1,0,1,1,0,0,14.33,0
tx_05905,21512,9.976412682550684,4829,0.8,7,1,0,1,1,0,0,7.78,0
tx_05906,731,6.595780513961311,5412,0.2,19,0,1,1,1,0,0,7.47,0
tx_05907,5569,8.62515033292133,6011,0.85,7,0,1,1,0,0,0,3.09,0
tx_05908,46801,10.753681216035357,5968,0.7,23,1,0,1,1,0,0,2.83,0
tx_05909,5963,8.69349667588463,5691,0.35,2,1,4,1,1,0,0,3.02,0
tx_05910,8872,9.090768236835338,4829,0.8,16,1,0,1,1,0,0,7.69,0
tx_05911,16813,9.729967151695242,5311,0.4,0,1,1,1,1,0,1,2.49,0
tx_05912,1595,7.3752557780097545,5812,0.45,21,0,3,1,1,0,0,9.41,0
tx_05913,8722,9.07371849443322,4829,0.8,8,1,1,-1,1,0,0,10.2,0
tx_05914,8657,9.066239028001926,5691,0.35,0,0,4,1,0,0,0,10.74,0
tx_05915,47781,10.774404278521965,4121,0.2,20,0,4,1,1,0,0,2.95,0
tx_05916,2518,7.831617276352611,5311,0.4,23,0,8,0,1,0,0,1.73,0
tx_05917,5669,8.642944396721798,4900,0.1,22,1,3,1,1,0,0,4.95,0
tx_05918,3372,8.12355783506165,5812,0.45,11,0,1,1,1,0,0,2.76,0
tx_05919,3049,8.022896869601457,6011,0.85,1,1,2,0,1,0,1,2.33,1
tx_05920,23771,10.076263696486551,4829,0.8,5,1,2,1,1,0,0,3.53,0
tx_05921,8354,9.030615441029495,5968,0.7,0,1,1,1,1,0,0,9.99,0
tx_05922,4805,8.477620416296414,5812,0.45,1,0,0,1,1,0,0,1.76,0
tx_05923,4980,8.513385953073284,7995,0.3,3,0,0,1,0,0,0,36.62,0
tx_05924,4770,8.470311205516108,6011,0.85,13,0,6,1,1,0,0,9.15,0
tx_05925,5193,8.555259392222693,4814,0.55,18,1,7,0,1,0,0,2.82,0
tx_05926,2450,7.804251383528112,5814,0.3,14,1,1,1,1,0,0,11.59,0
tx_05927,6370,8.759511722116487,5712,0.25,4,1,2,1,1,0,0,1.7,0
tx_05928,5790,8.66406026722579,4814,0.55,14,0,1,-1,1,0,0,5.95,0
tx_05929,3965,8.285513309079741,4900,0.1,5,0,0,-1,1,0,0,8.3,0
tx_05930,9438,9.152605321324945,6011,0.85,11,0,0,1,1,0,0,10.79,0
tx_05931,10230,9.23317760587894,5691,0.35,21,0,1,1,1,0,0,4.16,0
tx_05932,4800,8.476579508530941,5311,0.4,3,0,1,1,1,0,0,1.35,0
tx_05933,7103,8.868413284672005,5311,0.4,20,1,6,0,0,0,0,4.87,0
tx_05934,63314,11.055877546884709,5968,0.7,6,0,1,-1,-1,0,0,21.36,0
tx_05935,61058,11.019595888820989,4900,0.1,16,0,5,0,1,0,0,2.2,0
tx_05936,2992,8.0040315078527,4829,0.8,6,0,1,1,1,0,0,2.12,0
tx_05937,3417,8.136810863675537,5712,0.25,3,1,2,1,1,0,0,3.7,0
tx_05938,2977,7.999007213243955,7995,0.3,10,0,0,1,0,0,0,9.74,0
tx_05939,22234,10.009422902944797,4829,0.8,9,1,3,1,-1,0,0,1.32,0
tx_05940,5578,8.626764827845529,4900,0.1,12,1,1,1,1,0,0,2.36,0
tx_05941,10228,9.232982102457008,5412,0.2,5,0,1,1,1,0,0,1.45,0
tx_05942,54301,10.902316337656254,4829,0.8,23,1,0,1,1,0,0,25.38,0
tx_05943,8065,8.995412975433313,5812,0.45,16,0,2,1,1,0,0,1.61,0
tx_05944,15932,9.67614770909051,4900,0.1,20,1,2,-1,1,0,0,5.68,0
tx_05945,13354,9.49964612554406,4814,0.55,18,1,3,1,1,0,0,2.21,0
tx_05946,4658,8.446556111816797,4900,0.1,17,0,4,0,1,0,0,7.81,0
tx_05947,22278,10.011399809730523,7995,0.3,3,0,5,1,1,0,0,15.39,0
tx_05948,3634,8.19836438996762,7995,0.3,14,0,2,1,1,0,1,4.0,0
tx_05949,29087,10.278080996977206,5691,0.35,21,1,1,1,1,0,0,12.21,0
tx_05950,4661,8.447199819595703,5411,0.1,2,1,6,1,1,0,0,9.84,0
tx_05951,5172,8.551208070003515,5968,0.7,11,0,6,0,1,0,0,6.55,0
tx_05952,2896,7.9714309977693505,4829,0.8,4,0,2,1,1,0,1,14.1,0
tx_05953,3385,8.12740456269308,5812,0.45,19,0,1,-1,1,0,0,72.75,0
tx_05954,5430,8.599878558034845,5812,0.45,22,1,5,0,1,0,0,21.66,0
tx_05955,809,6.697034247666484,5812,0.45,1,0,1,1,1,0,0,0.73,0
tx_05956,6526,8.783702698635217,4900,0.1,19,1,5,1,1,0,0,0.94,0
tx_05957,5027,8.522777569710138,5814,0.3,8,0,2,1,1,0,0,4.42,0
tx_05958,17252,9.755741320381864,5712,0.25,23,1,3,1,0,0,0,0.43,0
tx_05959,12173,9.40705780905387,6011,0.85,0,1,0,1,1,0,0,4.11,0
tx_05960,4159,8.333270353255308,4829,0.8,4,1,0,1,1,0,0,0.8,0
tx_05961,5269,8.569785641535407,5712,0.25,17,0,0,-1,1,0,0,5.96,0
tx_05962,6518,8.782476268924539,5968,0.7,18,0,1,1,1,0,0,7.8,0
tx_05963,33417,10.416849955954088,4900,0.1,1,0,3,0,0,1,0,3384.1,1
tx_05964,3729,8.224163512637862,5814,0.3,3,1,1,1,1,0,0,3.23,0
tx_05965,4111,8.321664807135,4814,0.55,8,1,3,1,1,0,0,2.1,0
tx_05966,2788,7.933438387627489,5814,0.3,0,1,6,0,1,0,0,5.5,0
tx_05967,1993,7.597897950521784,5712,0.25,18,1,1,1,0,0,1,1.15,0
tx_05968,10903,9.296884973376368,4829,0.8,16,0,0,1,1,1,0,4967.65,0
tx_05969,9877,9.19806534110057,4121,0.2,17,0,5,0,1,0,0,8.13,0
tx_05970,27551,10.223830407227457,5814,0.3,11,1,3,-1,1,0,0,3.22,0
tx_05971,21906,9.9945614994355,4900,0.1,15,1,5,1,1,0,0,2.79,0
tx_05972,79414,11.282442546269255,5412,0.2,13,0,3,0,1,0,0,15.38,0
tx_05973,7593,8.935113740791747,4121,0.2,16,0,2,1,1,0,0,4.64,0
tx_05974,6359,8.757783656334167,7995,0.3,10,0,1,1,1,0,0,2.77,0
tx_05975,2368,7.7702232041587855,5691,0.35,15,1,1,1,1,0,0,11.0,0
tx_05976,15787,9.667005436782738,7995,0.3,15,0,0,1,1,0,0,1.67,0
tx_05977,9116,9.117896081584902,4829,0.8,15,1,0,1,1,0,0,0.11,0
tx_05978,15122,9.62397204275074,4829,0.8,20,1,2,1,-1,0,0,25.3,0
tx_05979,2760,7.923348211930154,5712,0.25,8,1,0,1,0,0,0,1.18,0
tx_05980,11375,9.339261152043022,5712,0.25,21,0,10,0,1,0,0,36.1,0
tx_05981,9898,9.200189020919808,5968,0.7,0,1,3,0,1,0,1,2.51,0
tx_05982,9295,9.137339479091693,6011,0.85,11,0,10,0,1,0,0,0.51,0
tx_05983,4256,8.356319965828153,5968,0.7,10,1,2,1,-1,0,0,1.6,0
tx_05984,25211,10.135075350633,4814,0.55,20,1,1,-1,1,1,1,2414.67,1
tx_05985,57123,10.952979622572824,5311,0.4,1,0,2,1,1,0,0,31.8,0
tx_05986,2837,7.950854857719988,6011,0.85,5,0,0,1,1,0,0,14.39,0
tx_05987,16149,9.689675328650802,5691,0.35,11,1,0,1,1,1,0,4574.58,1
tx_05988,529,6.272877006546167,6011,0.85,19,0,1,1,1,0,0,1.08,0
tx_05989,15373,9.640433049909078,5691,0.35,11,1,2,1,1,0,0,13.17,0
tx_05990,1378,7.229113877793302,4121,0.2,15,0,1,1,1,0,0,3.7,0
tx_05991,4947,8.506738733512378,5412,0.2,4,0,3,-1,1,0,0,40.4,0
tx_05992,2340,7.75833346749091,5968,0.7,22,1,2,1,-1,0,0,8.52,0
tx_05993,6636,8.800415333145924,5812,0.45,18,1,1,1,1,0,0,7.85,0
tx_05994,18070,9.802063722398165,4814,0.55,1,0,1,1,0,0,0,0.93,0
tx_05995,1395,7.241366283322318,4829,0.8,16,1,4,1,1,0,0,10.54,0
tx_05996,5789,8.663887570567042,5968,0.7,3,0,0,-1,0,0,0,2.36,0
tx_05997,5001,8.517593111437565,7995,0.3,13,1,5,1,1,0,0,11.11,0
tx_05998,36577,10.507202245764521,5814,0.3,17,0,2,1,1,0,0,3.93,0
tx_05999,12275,9.415401415739627,4814,0.55,22,0,0,1,0,0,0,2.7,0
tx_06000,2662,7.887208585813932,5712,0.25,1,1,0,1,1,0,0,9.11,0
tx_06001,5205,8.55756708555451,5968,0.7,6,1,3,1,1,0,0,5.96,0
tx_06002,35720,10.483494030119285,5712,0.25,16,0,1,1,0,0,0,1.1,0
tx_06003,16056,9.683900170549684,5712,0.25,6,0,1,1,1,0,0,30.46,0
tx_06004,3404,8.133000218583613,5412,0.2,17,1,4,1,1,1,0,1914.85,0
tx_06005,6320,8.751632702472298,4900,0.1,4,1,7,0,-1,0,0,13.88,0
tx_06006,6515,8.782015969721936,4900,0.1,3,1,1,1,0,0,0,4.29,0
tx_06007,4886,8.494333897270154,5814,0.3,13,0,4,1,1,0,0,1.72,0
tx_06008,1604,7.380879035564116,4121,0.2,16,1,2,1,0,0,0,3.91,0
tx_06009,4279,8.361708288575842,4814,0.55,4,1,0,1,0,0,1,9.62,0
tx_06010,30483,10.324957234786009,5411,0.1,20,1,0,1,1,0,0,89.6,0
tx_06011,5671,8.643297068211963,5814,0.3,20,0,3,1,1,0,1,16.69,0
tx_06012,7384,8.90720619496548,5812,0.45,1,1,0,1,1,0,0,2.58,0
tx_06013,9308,9.13873695311649,5712,0.25,7,1,1,1,1,0,0,0.8,0
tx_06014,66997,11.112418047181292,5691,0.35,13,0,0,1,1,0,0,5.12,0
tx_06015,8214,9.01371703047137,4814,0.55,11,0,2,1,-1,0,0,5.29,0
tx_06016,23027,10.0444661457957,5311,0.4,6,0,7,0,1,0,0,16.21,0
tx_06017,4614,8.437067146936952,4814,0.55,12,1,7,1,0,0,1,24.16,1
tx_06018,6366,8.758883680017025,5814,0.3,23,0,2,-1,1,0,0,10.53,0
tx_06019,8243,9.01724094201035,5814,0.3,7,1,2,1,1,0,0,15.49,0
tx_06020,3904,8.270013062273787,4900,0.1,5,1,1,1,1,0,0,3.9,0
tx_06021,6712,8.811801223938751,5311,0.4,17,0,0,1,1,0,0,13.93,0
tx_06022,18936,9.848872959262906,5311,0.4,13,0,2,1,1,0,0,7.25,0
tx_06023,3808,8.245121966478605,6011,0.85,16,1,0,-1,1,0,0,54.72,0
tx_06024,8146,9.005405040310642,5412,0.2,15,0,1,1,0,0,1,6.51,0
tx_06025,15970,9.67852985665631,5814,0.3,18,1,1,1,1,0,0,3.96,0
tx_06026,3722,8.222285073872717,5412,0.2,17,0,2,1,1,0,0,12.46,0
tx_06027,23059,10.04585479382305,5812,0.45,14,0,1,1,1,0,0,30.89,0
tx_06028,8729,9.074520648833648,5691,0.35,10,1,4,0,-1,0,0,13.17,0
tx_06029,6963,8.848509300888079,4900,0.1,11,0,8,0,1,1,0,1786.35,1
tx_06030,1209,7.098375638590786,6011,0.85,6,1,0,1,1,0,0,4.69,0
tx_06031,5712,8.650499558724462,5812,0.45,10,0,4,0,-1,0,0,1.73,1
tx_06032,11593,9.358243001899679,5814,0.3,14,1,1,1,-1,0,0,20.51,0
tx_06033,42755,10.663264815393836,7995,0.3,17,0,1,1,1,0,0,20.57,0
tx_06034,13970,9.544739031650487,4900,0.1,18,0,2,1,0,0,0,0.4,0
tx_06035,23744,10.075127260983223,4814,0.55,9,1,1,-1,-1,0,0,1.79,0
tx_06036,2583,7.857093864902493,5712,0.25,17,0,5,0,1,0,0,11.73,0
tx_06037,7221,8.884887201837403,5311,0.4,10,1,1,1,1,0,1,2.72,0
tx_06038,25975,10.164928313782681,5412,0.2,8,1,1,1,1,0,0,9.67,0
tx_06039,3505,8.16223106548118,4900,0.1,3,0,1,1,0,0,1,1.51,0
tx_06040,20376,9.922162092800937,5411,0.1,6,1,0,-1,1,0,0,1.82,0
tx_06041,16347,9.701860844684168,5411,0.1,16,1,2,1,1,0,0,1.25,0
tx_06042,10574,9.266248003914479,5311,0.4,5,1,7,0,0,0,0,4.32,1
tx_06043,5960,8.692993531219926,5814,0.3,1,0,1,1,1,0,0,4.94,0
tx_06044,3191,8.068402958569699,5712,0.25,6,1,0,1,1,0,0,1.16,0
tx_06045,43993,10.691808539965669,5412,0.2,23,1,4,1,1,0,0,1.44,0
tx_06046,14845,9.605485747677493,4814,0.55,3,1,5,1,1,0,0,2.95,0
tx_06047,11257,9.328834266023971,5691,0.35,3,1,2,1,-1,0,0,3.27,0
tx_06048,5503,8.61323037961318,4829,0.8,9,0,5,0,-1,0,1,1.96,0
tx_06049,8443,9.041211408968211,5311,0.4,9,1,3,1,1,0,0,10.13,0
tx_06050,9525,9.161780181360806,5411,0.1,22,1,1,1,0,0,0,2.98,0
tx_06051,11909,9.385133662349347,4814,0.55,5,1,3,1,1,0,0,5.95,0
tx_06052,16363,9.702839079049289,5411,0.1,10,0,2,1,1,0,0,8.08,0
tx_06053,3873,8.262042843966942,4900,0.1,6,0,6,1,0,0,0,1.68,0
tx_06054,2022,7.612336837167746,5968,0.7,5,0,2,1,0,0,0,9.28,0
tx_06055,8824,9.085343881801498,6011,0.85,7,1,4,-1,1,0,0,5.97,0
tx_06056,1549,7.346010209913293,4121,0.2,6,0,0,1,1,0,0,5.47,0
tx_06057,5989,8.697846691109495,5712,0.25,17,1,2,1,1,0,0,1.8,0
tx_06058,5021,8.52158353971753,5712,0.25,18,0,1,1,1,0,0,14.63,0
tx_06059,12995,9.472396896788991,5411,0.1,4,1,0,1,0,0,0,0.69,0
tx_06060,53564,10.888651148696658,5412,0.2,11,0,4,0,1,0,0,4.16,0
tx_06061,1284,7.158513997329321,5968,0.7,6,0,2,1,1,0,0,1.78,0
tx_06062,70661,11.165663225069604,5411,0.1,20,0,5,0,1,0,0,2.96,0
tx_06063,6527,8.783855896643942,4121,0.2,2,1,2,1,1,0,0,0.9,0
tx_06064,11334,9.335650562941629,5411,0.1,9,1,0,1,-1,0,0,2.08,0
tx_06065,2124,7.661527081358517,4900,0.1,7,0,2,1,1,0,0,1.29,0
tx_06066,20998,9.952230096524119,5411,0.1,8,1,4,1,-1,0,0,0.81,0
tx_06067,8472,9.044639916198465,4900,0.1,22,1,5,0,1,0,0,9.19,0
tx_06068,7683,8.946895523888447,4829,0.8,12,0,3,1,1,0,1,2.06,0
tx_06069,1293,7.165493475060845,7995,0.3,9,1,3,1,0,0,0,3.79,0
tx_06070,8737,9.075436609511382,4814,0.55,19,0,1,1,1,1,0,1234.48,0
tx_06071,18191,9.808737215990318,5812,0.45,18,0,0,1,1,0,0,6.81,0
tx_06072,6507,8.780787468338929,5814,0.3,3,0,8,0,1,0,0,4.07,0
tx_06073,24851,10.120693511183584,5712,0.25,11,0,0,1,1,0,0,2.12,0
tx_06074,23895,10.081466359895945,6011,0.85,9,0,1,-1,0,0,0,3.02,0
tx_06075,4430,8.39638057119949,4121,0.2,10,0,2,1,1,0,0,6.08,0
tx_06076,37069,10.520563296144777,5311,0.4,8,0,6,0,1,0,0,17.13,0
tx_06077,8503,9.048291920021784,4829,0.8,19,0,5,0,1,0,0,0.3,0
tx_06078,8539,9.052516286782616,5712,0.25,23,1,0,-1,1,0,0,7.78,0
tx_06079,8948,9.099297073182859,5712,0.25,0,0,2,0,1,0,0,1.17,0
tx_06080,8699,9.071078304642676,6011,0.85,20,1,0,1,1,0,0,2.61,0
tx_06081,670,6.508769136971682,5411,0.1,20,0,3,1,0,0,0,3.75,0
tx_06082,6829,8.829079952564836,4900,0.1,8,1,7,0,1,0,0,4.24,0
tx_06083,2229,7.709756864454165,6011,0.85,11,0,7,0,1,0,0,2.27,0
tx_06084,38185,10.55022423527341,5812,0.45,2,0,0,1,1,0,0,19.25,0
tx_06085,36752,10.511975133962281,5814,0.3,8,1,1,1,1,0,1,9.56,0
tx_06086,18297,9.81454704323948,5412,0.2,5,1,0,1,1,0,0,2.8,0
tx_06087,6494,8.7787879291047,5412,0.2,21,1,2,1,1,0,0,32.16,0
tx_06088,3126,8.047829357457841,5411,0.1,2,0,7,1,1,0,0,2.06,0
tx_06089,4361,8.380685946761574,5814,0.3,8,0,1,1,1,0,0,1.91,0
tx_06090,51569,10.850695387045004,4829,0.8,11,0,4,1,-1,0,0,5.46,0
tx_06091,4220,8.347827345782498,7995,0.3,23,0,2,1,1,1,0,3524.4,0
tx_06092,869,6.76849321164863,4829,0.8,19,0,3,1,1,0,0,7.76,0
tx_06093,21673,9.98386866448294,5412,0.2,22,1,3,1,1,0,0,3.37,0
tx_06094,33882,10.430668692661685,5311,0.4,7,0,1,1,0,0,0,7.16,0
tx_06095,39396,10.581444950255086,5712,0.25,6,0,0,1,1,0,1,1.64,0
tx_06096,21842,9.99163578306282,5812,0.45,13,0,1,1,1,0,0,42.01,0
tx_06097,25505,10.146668997586845,6011,0.85,8,0,4,1,1,0,0,2.64,0
tx_06098,8565,9.055556158175316,5968,0.7,0,0,8,0,1,0,0,26.79,0
tx_06099,1133,7.033506484287697,4900,0.1,19,0,3,-1,1,0,0,0.95,0
tx_06100,8364,9.031811613420924,4829,0.8,2,0,1,1,0,0,0,41.52,0
tx_06101,14701,9.595738817934032,6011,0.85,4,1,6,0,1,0,0,4.12,0
tx_06102,7163,8.876823763180603,5412,0.2,22,1,0,1,-1,0,0,3.61,0
tx_06103,6859,8.83346272071993,4814,0.55,17,0,2,1,0,0,1,0.23,0
tx_06104,3259,8.089482474360754,5968,0.7,15,1,5,0,1,0,0,0.98,0
tx_06105,3145,8.053887083618223,5812,0.45,3,1,2,-1,1,0,0,1.5,0
tx_06106,46696,10.75143520176483,4121,0.2,6,0,4,1,1,0,0,1.24,0
tx_06107,48330,10.785828455707216,5814,0.3,4,0,2,1,0,0,0,10.01,0
tx_06108,8125,9.002824076547672,5712,0.25,15,1,1,1,1,0,0,2.78,0
tx_06109,10643,9.27275163209758,5712,0.25,12,0,3,1,0,0,0,4.71,0
tx_06110,3208,8.073714641109857,6011,0.85,8,1,2,1,1,0,0,5.96,0
tx_06111,14997,9.615672137861335,5412,0.2,17,0,1,1,0,0,0,0.1,0
tx_06112,43340,10.676854348197491,5412,0.2,18,1,3,0,1,0,0,3.28,0
tx_06113,1905,7.552762084214147,5712,0.25,17,1,0,1,1,0,0,55.5,0
tx_06114,12656,9.44596570079245,4829,0.8,2,0,2,1,1,0,0,16.89,0
tx_06115,13592,9.517310233335248,4829,0.8,14,1,3,0,1,0,0,8.24,0
tx_06116,13445,9.506436943028982,5968,0.7,5,0,2,0,1,0,0,5.51,0
tx_06117,38787,10.565866199424438,4900,0.1,6,1,1,1,1,0,0,25.79,0
tx_06118,56353,10.939408501864317,5691,0.35,23,1,5,1,1,0,0,9.52,0
tx_06119,6525,8.783549477153265,4900,0.1,9,1,4,1,-1,0,0,3.88,0
tx_06120,15440,9.644781588320864,4900,0.1,18,0,3,1,0,0,0,7.21,0
tx_06121,8824,9.085343881801498,5712,0.25,5,1,1,1,0,0,0,12.42,0
tx_06122,4468,8.404919948933452,5968,0.7,23,1,4,1,-1,0,1,21.26,0
tx_06123,10535,9.262553243423117,5412,0.2,6,0,1,1,1,0,0,0.87,0
tx_06124,15415,9.643161210094203,4814,0.55,4,0,6,1,0,0,0,5.49,0
tx_06125,10009,9.211339872309265,4900,0.1,7,1,1,1,1,0,0,15.07,0
tx_06126,3526,8.168202930236053,4829,0.8,4,0,5,0,1,1,0,3583.34,1
tx_06127,5244,8.565030520830398,6011,0.85,14,0,3,-1,1,0,0,3.73,0
tx_06128,5282,8.572249397164315,5311,0.4,3,1,2,1,1,0,0,33.77,0
tx_06129,3659,8.205218426395412,5411,0.1,4,1,2,1,1,0,0,6.23,0
tx_06130,10971,9.303101852057495,4121,0.2,16,0,5,1,1,0,0,1.91,0
tx_06131,12117,9.402447229504935,5412,0.2,1,1,2,1,-1,0,0,0.85,0
tx_06132,20655,9.935761113086423,6011,0.85,10,1,2,0,1,0,0,4.12,0
tx_06133,3606,8.19063168090354,5411,0.1,16,0,1,1,-1,0,0,2.33,0
tx_06134,4706,8.456806041401142,5812,0.45,10,1,2,1,0,0,0,21.39,0
tx_06135,35668,10.48203724319685,4829,0.8,0,0,1,1,0,0,0,1.94,0
tx_06136,6967,8.849083518532339,4829,0.8,3,0,0,1,0,0,0,13.8,0
tx_06137,8382,9.033961124637857,5814,0.3,23,1,1,0,-1,0,0,4.6,1
tx_06138,6897,8.838986793496787,4121,0.2,18,0,6,0,1,0,0,2.73,0
tx_06139,23898,10.08159189604006,5412,0.2,8,0,3,1,1,0,0,3.33,0
tx_06140,24795,10.11843762882181,5311,0.4,20,0,1,1,1,0,0,21.3,0
tx_06141,23452,10.062753697461577,4121,0.2,0,0,2,1,1,0,0,12.19,0
tx_06142,8353,9.03049574505712,5691,0.35,1,0,4,0,1,0,0,6.18,0
tx_06143,3556,8.176672771948455,7995,0.3,21,1,2,1,1,0,0,2.28,0
tx_06144,50722,10.834134735626902,4121,0.2,16,1,2,1,-1,0,0,11.5,0
tx_06145,18373,9.818691900831412,5968,0.7,14,0,2,1,1,0,0,5.48,0
tx_06146,5278,8.571491964823617,5691,0.35,8,0,3,1,-1,0,0,2.87,0
tx_06147,31502,10.357838058374103,5814,0.3,19,0,2,1,1,0,0,1.58,0
tx_06148,4897,8.496582237512113,4814,0.55,14,0,2,1,1,0,0,2.41,0
tx_06149,31112,10.345381017257845,6011,0.85,10,1,8,0,1,0,0,1.31,0
tx_06150,33175,10.409582001926218,4121,0.2,9,0,0,1,-1,0,0,1.78,0
tx_06151,3394,8.130059039992796,6011,0.85,8,0,3,0,1,0,0,122.03,0
tx_06152,14155,9.557893841465354,5812,0.45,13,1,1,1,1,0,0,0.53,0
tx_06153,17124,9.748294663130427,5311,0.4,15,0,3,1,-1,0,0,13.89,0
tx_06154,97668,11.489339489830698,4121,0.2,19,1,2,1,1,0,0,8.7,0
tx_06155,4024,8.300280189852664,5712,0.25,9,1,3,0,-1,0,0,0.72,0
tx_06156,31764,10.366120333700634,4814,0.55,6,0,0,1,1,0,0,13.0,0
tx_06157,8280,9.0217190130337,5712,0.25,13,0,2,1,1,0,0,59.01,0
tx_06158,2505,7.826443135456014,5814,0.3,14,0,2,1,1,0,0,4.82,0
tx_06159,7268,8.891374009484636,4900,0.1,6,0,6,0,1,0,1,14.89,0
tx_06160,8164,9.007612005404566,4900,0.1,1,1,2,1,0,0,0,4.1,0
tx_06161,2979,7.9996785794994505,4900,0.1,7,1,1,1,1,0,0,8.07,0
tx_06162,10957,9.301825062098361,4900,0.1,1,1,2,1,1,0,0,0.52,0
tx_06163,20233,9.915119636765835,4814,0.55,1,0,2,1,1,0,0,4.95,0
tx_06164,10213,9.23151460720759,4900,0.1,23,1,0,1,1,0,0,5.0,0
tx_06165,4868,8.4906438561827,5812,0.45,18,1,2,1,1,0,0,2.91,0
tx_06166,7074,8.864322722511439,5311,0.4,0,0,4,1,1,0,0,28.54,0
tx_06167,8110,9.000976444070345,5814,0.3,8,1,4,-1,1,0,0,4.65,0
tx_06168,10013,9.211739392889891,5968,0.7,6,1,1,1,1,0,0,4.1,0
tx_06169,23377,10.059550688167716,5814,0.3,23,1,0,1,1,0,0,3.16,0
tx_06170,10546,9.263596738276615,5691,0.35,10,0,4,1,1,0,0,2.93,0
tx_06171,2149,7.673223121121708,5311,0.4,6,0,4,1,0,0,0,4.15,0
tx_06172,4774,8.471149252914831,7995,0.3,15,0,4,0,0,1,0,788.5,0
tx_06173,9537,9.16303909885817,4829,0.8,11,0,7,0,0,0,0,8.37,0
tx_06174,23697,10.073145935376685,5412,0.2,4,1,3,1,0,0,0,9.6,0
tx_06175,27949,10.238172478583245,5412,0.2,7,1,6,0,1,0,0,28.41,0
tx_06176,43964,10.691149141813103,5814,0.3,3,0,4,1,-1,0,0,2.9,0
tx_06177,9221,9.129347212766652,5691,0.35,16,0,3,-1,1,0,0,1.49,0
tx_06178,16820,9.730383384791782,5968,0.7,23,0,0,1,1,0,0,6.0,0
tx_06179,2046,7.624130585661289,6011,0.85,19,1,1,0,0,0,0,6.18,0
tx_06180,12253,9.4136076932856,5411,0.1,9,1,5,0,0,0,1,15.28,0
tx_06181,2933,7.984121958702927,6011,0.85,11,1,0,1,1,0,0,0.94,0
tx_06182,7675,8.94585385712759,4829,0.8,1,1,0,1,0,0,0,4.52,0
tx_06183,144859,11.883523037749317,6011,0.85,8,1,2,-1,1,0,0,19.78,0
tx_06184,10868,9.293669979563187,4829,0.8,0,1,3,1,1,0,0,14.35,0
tx_06185,3585,8.184792654165078,5968,0.7,17,0,3,1,0,0,0,20.37,0
tx_06186,11999,9.392661928770137,5411,0.1,21,0,1,1,1,0,0,3.23,0
tx_06187,4984,8.514188682395938,7995,0.3,4,1,2,1,0,0,0,0.35,0
tx_06188,3270,8.092851027538384,4814,0.55,16,0,1,1,0,1,0,3439.67,0
tx_06189,60063,11.003165939386236,5412,0.2,14,1,3,0,1,0,0,8.67,0
tx_06190,22441,10.018689482224811,6011,0.85,10,0,3,-1,0,0,0,2.24,0
tx_06191,11310,9.33353098253138,4121,0.2,17,0,0,1,1,0,0,7.58,0
tx_06192,5614,8.633196867172543,4900,0.1,16,1,0,-1,0,0,0,5.69,0
tx_06193,6063,8.710124927322207,4814,0.55,6,1,2,1,1,0,0,0.84,0
tx_06194,35261,10.470561175840706,5311,0.4,19,0,2,1,1,0,0,17.08,0
tx_06195,10899,9.296518068217235,5411,0.1,15,0,4,1,-1,0,0,0.81,0
tx_06196,436,6.07993319509559,5712,0.25,7,0,3,1,1,0,0,11.57,0
tx_06197,81232,11.305076847530943,4900,0.1,17,1,2,1,1,0,0,1.69,0
tx_06198,9692,9.179159254492609,4829,0.8,15,0,2,1,1,0,0,6.13,0
tx_06199,11287,9.33149549353265,4829,0.8,2,0,1,1,1,0,0,5.56,0
tx_06200,22869,10.037581287016828,7995,0.3,3,1,1,1,1,0,0,5.53,0
tx_06201,12674,9.447386828459384,7995,0.3,7,0,1,1,1,0,0,18.21,0
tx_06202,16560,9.714805812589491,4900,0.1,1,0,1,1,1,0,0,13.65,0
tx_06203,5446,8.602820277383675,4829,0.8,9,1,1,1,0,0,0,1.95,0
tx_06204,2532,7.837159650001675,4121,0.2,11,0,5,-1,1,0,0,5.28,0
tx_06205,10630,9.271529540288606,7995,0.3,18,0,2,1,0,0,0,10.18,0
tx_06206,31736,10.365238471654884,5812,0.45,4,0,2,-1,1,0,0,9.5,0
tx_06207,4402,8.390041405755754,5814,0.3,13,0,1,-1,-1,0,0,9.45,0
tx_06208,4079,8.313852267398207,5311,0.4,15,0,7,0,0,0,1,5.32,0
tx_06209,25981,10.165159269555678,5712,0.25,10,0,1,1,1,0,0,13.91,0
tx_06210,5275,8.570923513837204,4121,0.2,21,0,1,1,1,0,0,12.63,0
tx_06211,5515,8.615408238913192,5812,0.45,7,1,0,1,-1,0,0,7.58,0
tx_06212,5714,8.65084957622891,5712,0.25,9,0,5,1,-1,0,0,3.84,0
tx_06213,7657,8.943506132037239,5311,0.4,0,0,1,1,1,0,1,35.91,0
tx_06214,1827,7.510977752014095,5812,0.45,9,1,2,1,0,0,0,3.43,0
tx_06215,4879,8.492900498847193,5812,0.45,0,1,2,1,0,0,0,1.71,0
tx_06216,10138,9.22414465295258,5412,0.2,23,1,9,0,1,0,0,3.44,0
tx_06217,10069,9.217315985712608,4829,0.8,5,1,2,1,1,1,0,1205.08,0
tx_06218,24471,10.10528488583074,4121,0.2,19,0,2,-1,1,0,0,3.43,0
tx_06219,46751,10.752612314550426,7995,0.3,2,1,4,0,1,0,0,1.82,0
tx_06220,34270,10.442054794483777,4900,0.1,6,0,3,0,0,0,0,4.34,0
tx_06221,19421,9.8741617231543,5311,0.4,2,0,1,1,1,0,0,19.06,0
tx_06222,7072,8.86403999703599,5812,0.45,8,0,3,-1,1,0,0,0.97,0
tx_06223,4506,8.413387022690648,4900,0.1,14,0,5,1,1,0,0,5.89,0
tx_06224,8285,9.022322622637347,5411,0.1,10,1,5,0,1,0,0,1.28,0
tx_06225,14207,9.56156046523195,5812,0.45,14,1,1,1,1,0,1,1.32,0
tx_06226,17783,9.786054455644033,5712,0.25,19,0,1,1,1,0,0,0.67,0
tx_06227,14722,9.597166175865409,5812,0.45,1,1,1,1,1,0,0,4.96,0
tx_06228,7259,8.890135107818843,4121,0.2,10,0,4,0,1,0,0,0.6,0
tx_06229,17200,9.75272280064639,5412,0.2,14,1,3,0,0,0,0,5.79,0
tx_06230,26984,10.203036435052743,5412,0.2,12,1,3,1,1,0,0,4.16,0
tx_06231,18795,9.841399360222706,5712,0.25,3,1,6,0,1,0,0,8.46,0
tx_06232,7901,8.974871170971337,4829,0.8,4,1,6,1,1,0,0,0.38,0
tx_06233,3689,8.213381737034572,4829,0.8,9,1,1,-1,1,0,0,0.64,0
tx_06234,3606,8.19063168090354,5814,0.3,15,1,2,1,1,0,0,3.02,0
tx_06235,4264,8.35819745992578,5812,0.45,23,1,1,-1,1,0,0,4.79,0
tx_06236,10398,9.249464926660233,5968,0.7,8,1,5,0,1,0,0,16.02,0
tx_06237,13346,9.499046919474152,4900,0.1,12,0,0,1,1,0,0,4.02,0
tx_06238,2125,7.661997558901893,7995,0.3,7,0,2,1,1,0,1,1.83,0
tx_06239,5046,8.526549286340263,4900,0.1,0,1,7,1,1,0,0,19.18,0
tx_06240,10263,9.236397906295473,5812,0.45,9,0,4,-1,0,0,0,2.31,0
tx_06241,3465,8.150756470275551,4829,0.8,8,0,4,1,1,0,0,0.81,0
tx_06242,12300,9.417435838868785,6011,0.85,3,0,5,0,1,0,0,7.34,0
tx_06243,6082,8.713253274320705,5311,0.4,16,0,2,-1,-1,0,0,5.02,0
tx_06244,4097,8.318254328798846,5968,0.7,6,0,2,1,1,0,0,13.71,0
tx_06245,8567,9.055789612127585,5311,0.4,5,0,1,1,1,0,1,1.4,0
tx_06246,11823,9.377886643187983,5968,0.7,9,0,1,1,1,0,0,5.22,0
tx_06247,3638,8.19946419761216,5412,0.2,23,0,2,1,-1,0,0,2.19,0
tx_06248,6468,8.774776816043985,4121,0.2,15,0,2,0,1,0,0,6.66,0
tx_06249,12701,9.44951474036292,4829,0.8,10,0,4,1,1,0,0,2.12,0
tx_06250,3949,8.281470857895167,5812,0.45,19,0,2,1,1,0,0,5.03,0
tx_06251,1686,7.430707082545968,4829,0.8,0,1,1,1,1,0,0,19.72,0
tx_06252,1892,7.545918151209323,4900,0.1,8,0,4,0,1,0,0,5.34,0
tx_06253,5475,8.60813018640834,5691,0.35,12,1,1,1,1,0,0,3.33,0
tx_06254,2328,7.753194269884341,4900,0.1,11,0,2,1,-1,0,1,26.96,0
tx_06255,5854,8.675051276031818,4814,0.55,16,1,1,1,1,0,0,4.2,0
tx_06256,39611,10.586887381641194,5712,0.25,16,1,9,0,1,0,0,6.55,0
tx_06257,2198,7.695757990554761,5812,0.45,10,0,3,1,1,0,0,13.65,0
tx_06258,6227,8.73681053295389,5814,0.3,22,0,1,1,1,0,0,3.99,0
tx_06259,61751,11.030881642629689,7995,0.3,22,0,7,0,1,0,0,4.27,0
tx_06260,12003,9.392995206560258,4814,0.55,11,1,2,1,1,0,0,4.23,0
tx_06261,5744,8.656085190282855,5411,0.1,21,1,0,1,1,0,0,7.2,0
tx_06262,7017,8.85623355614316,4900,0.1,15,0,1,1,1,0,0,89.88,0
tx_06263,12247,9.41311793733752,6011,0.85,3,1,2,1,0,1,0,4902.99,1
tx_06264,40788,10.616167716198387,5691,0.35,2,0,2,1,0,0,0,16.75,0
tx_06265,4919,8.501063809486354,4814,0.55,1,1,4,1,1,0,0,1.69,0
tx_06266,3966,8.28576542051433,5812,0.45,5,1,1,1,1,0,0,2.98,0
tx_06267,2198,7.695757990554761,4121,0.2,7,0,5,1,1,0,0,9.9,0
tx_06268,8983,9.10320049641828,4900,0.1,1,1,3,1,1,0,0,0.53,0
tx_06269,2143,7.670428522190693,5814,0.3,14,0,3,1,1,0,1,1.91,0
tx_06270,5243,8.56483984488359,5691,0.35,9,0,2,1,1,0,0,20.89,0
tx_06271,3436,8.142354276849835,5814,0.3,14,1,1,1,0,0,0,17.53,0
tx_06272,22597,10.025616685769192,5691,0.35,12,1,1,1,-1,0,0,6.94,0
tx_06273,5025,8.522379718103538,5968,0.7,6,0,3,-1,1,0,0,11.58,0
tx_06274,11876,9.38235903577424,5691,0.35,14,1,3,1,1,0,0,69.24,0
tx_06275,1775,7.4821189235521155,4121,0.2,22,1,7,0,1,0,1,3.66,0
tx_06276,9229,9.130214327496898,4121,0.2,7,1,3,1,1,0,0,65.2,0
tx_06277,2597,7.862497197230545,5814,0.3,7,0,0,1,0,0,0,8.77,0
tx_06278,5436,8.600982717145921,4121,0.2,12,1,2,0,1,0,1,3.94,0
tx_06279,66557,11.105829026966715,5411,0.1,19,0,2,1,0,0,0,27.67,0
tx_06280,19747,9.890807499378754,4121,0.2,12,1,3,-1,1,0,0,1.96,0
tx_06281,7210,8.88336291691676,5311,0.4,19,1,1,1,1,0,0,5.3,0
tx_06282,170104,12.044171172425783,5712,0.25,1,1,1,1,1,0,0,3.82,0
tx_06283,3414,8.13593277200489,4829,0.8,2,0,3,1,1,0,0,33.14,0
tx_06284,24640,10.112167001239515,5412,0.2,9,1,1,1,1,0,0,3.15,0
tx_06285,1899,7.549609165154532,7995,0.3,5,0,2,1,0,0,0,3.68,0
tx_06286,6460,8.773539383558166,4121,0.2,0,1,2,1,1,0,0,4.59,0
tx_06287,2264,7.725330037917135,4121,0.2,5,1,2,-1,1,0,0,0.52,0
tx_06288,10400,9.249657234353133,4900,0.1,6,1,0,1,1,0,0,22.27,0
tx_06289,8590,9.058470422638056,5968,0.7,22,0,3,1,-1,0,0,4.77,0
tx_06290,6081,8.71308886823731,5411,0.1,18,0,1,1,-1,0,0,3.02,0
tx_06291,22986,10.042684117724416,5712,0.25,8,0,1,1,1,0,0,13.35,0
tx_06292,4753,8.46674164792014,4121,0.2,22,1,3,1,1,0,0,3.78,0
tx_06293,11111,9.31578088443418,5814,0.3,20,1,0,1,0,0,0,7.63,0
tx_06294,17760,9.784760321267326,4121,0.2,6,1,2,-1,0,0,0,1.71,0
tx_06295,1990,7.596392304064196,5812,0.45,11,0,3,1,1,0,0,2.26,0
tx_06296,4001,8.294549515143679,4829,0.8,22,0,1,1,-1,0,0,6.84,0
tx_06297,8573,9.056489647157923,6011,0.85,10,1,0,1,0,0,0,2.45,0
tx_06298,14821,9.603867842511304,5311,0.4,8,1,2,1,1,0,0,0.73,0
tx_06299,31425,10.355390854750077,4829,0.8,21,0,2,1,1,0,0,27.49,0
tx_06300,6635,8.800264651310336,5311,0.4,15,1,3,1,1,0,0,0.9,0
tx_06301,6030,8.704668113450987,4121,0.2,10,0,10,0,1,0,0,13.81,0
tx_06302,3555,8.176391596633795,4829,0.8,20,1,3,1,0,0,0,3.93,0
tx_06303,11144,9.31874624581997,5712,0.25,17,0,1,-1,1,0,0,18.9,0
tx_06304,6142,8.723068501163928,5311,0.4,8,1,3,-1,-1,0,0,5.26,0
tx_06305,6278,8.744966011114109,5311,0.4,10,1,1,1,1,0,0,4.35,0
tx_06306,7450,8.916103530553727,5968,0.7,1,0,4,0,-1,0,0,8.74,1
tx_06307,13756,9.529303064460995,4814,0.55,2,0,3,1,0,0,0,5.19,0
tx_06308,4768,8.469891918298224,5411,0.1,22,1,2,1,1,0,0,6.48,0
tx_06309,3911,8.271804031154709,4829,0.8,1,1,3,1,1,0,0,4.44,0
tx_06310,12275,9.415401415739627,5412,0.2,20,1,2,1,0,0,0,14.32,0
tx_06311,460,6.133398042996649,5311,0.4,4,0,0,1,1,0,0,2.25,0
tx_06312,4590,8.431853144249223,4121,0.2,12,1,5,0,1,0,1,27.0,1
tx_06313,2728,7.911690520708339,4121,0.2,17,0,2,1,0,0,0,7.78,0
tx_06314,25547,10.14831431468148,5968,0.7,23,1,1,1,1,0,0,18.61,0
tx_06315,5358,8.58653266949485,4121,0.2,8,1,0,1,1,0,0,2.2,0
tx_06316,4781,8.47261414801827,5814,0.3,22,1,1,-1,-1,0,0,54.79,0
tx_06317,7777,8.959054514715692,6011,0.85,10,0,3,1,1,0,0,10.44,0
tx_06318,4627,8.439880088313567,5412,0.2,20,0,1,1,1,0,0,51.42,0
tx_06319,5556,8.622813673279921,5311,0.4,2,1,2,1,1,0,1,3.33,0
tx_06320,8932,9.09750756370184,5814,0.3,6,0,1,-1,1,0,0,1.42,0
tx_06321,5455,8.604471199523298,7995,0.3,14,1,3,1,1,0,0,4.28,0
tx_06322,5418,8.597666575566114,4814,0.55,16,0,2,1,1,0,0,13.24,0
tx_06323,3120,8.045908742270779,7995,0.3,19,1,2,1,1,0,0,22.88,0
tx_06324,2722,7.909489492673759,7995,0.3,8,1,5,1,0,0,0,2.54,0
tx_06325,8628,9.062883902508307,4814,0.55,14,1,2,1,1,0,0,18.7,0
tx_06326,10899,9.296518068217235,4121,0.2,14,1,5,0,1,0,1,7.87,0
tx_06327,2097,7.6487397889562425,5814,0.3,23,1,0,1,1,1,0,1952.94,0
tx_06328,16766,9.727167947937808,4814,0.55,2,0,1,1,1,0,0,1.32,0
tx_06329,16832,9.731096524419081,5712,0.25,0,0,2,-1,1,0,0,2.02,0
tx_06330,20560,9.931151356518601,4121,0.2,13,1,4,1,1,0,0,1.06,0
tx_06331,10830,9.290167671835738,5812,0.45,0,1,2,1,0,0,0,4.9,1
tx_06332,14919,9.610457873757753,4900,0.1,4,0,2,1,0,0,0,16.44,0
tx_06333,64922,11.080957231281733,4814,0.55,12,0,0,1,1,0,0,23.24,0
tx_06334,6116,8.718827059242566,4121,0.2,6,1,4,1,0,0,0,2.24,1
tx_06335,3016,8.012018239159062,4829,0.8,6,0,2,1,1,0,0,8.47,0
tx_06336,1897,7.5485559791698735,5691,0.35,8,1,3,1,1,0,0,8.36,0
tx_06337,43177,10.673086385256404,4814,0.55,16,1,4,-1,0,0,0,0.62,0
tx_06338,43718,10.685538069201806,5968,0.7,8,1,1,1,1,0,1,7.17,0
tx_06339,3384,8.127109185346375,5712,0.25,19,0,0,1,1,0,1,0.55,0
tx_06340,4081,8.31434234336979,5311,0.4,3,0,2,1,1,0,0,4.38,0
tx_06341,5987,8.69751274553952,7995,0.3,2,1,7,0,0,0,0,2.27,0
tx_06342,26061,10.168233593704851,5812,0.45,3,0,1,1,1,0,0,10.1,0
tx_06343,2398,7.782807262839695,5812,0.45,22,0,1,1,1,0,0,11.68,0
tx_06344,1258,7.138073034044347,4829,0.8,6,1,2,0,1,0,0,25.92,0
tx_06345,63851,11.064323184384369,5812,0.45,0,0,1,1,1,0,0,5.41,0
tx_06346,10959,9.302007560502007,5691,0.35,7,1,3,0,1,0,0,7.36,0
tx_06347,12542,9.436918020024674,7995,0.3,16,1,0,1,1,0,0,1.8,0
tx_06348,6703,8.810459642161918,5412,0.2,8,1,4,0,1,0,0,2.39,0
tx_06349,12679,9.447781227991216,5812,0.45,9,1,2,1,1,0,0,2.65,0
tx_06350,1933,7.56734567601324,5311,0.4,2,1,1,-1,1,0,0,4.24,0
tx_06351,3664,8.206583614320753,4121,0.2,16,1,1,1,1,0,0,56.7,0
tx_06352,9001,9.105202053852878,4814,0.55,5,0,1,1,1,0,0,5.84,0
tx_06353,942,6.849066282633458,6011,0.85,2,0,4,0,1,0,0,25.14,0
tx_06354,6111,8.718009330846357,5814,0.3,17,1,3,1,1,0,1,10.15,0
tx_06355,5763,8.659386957119413,5411,0.1,22,0,1,1,-1,0,0,13.13,0
tx_06356,6110,8.717845704894916,5812,0.45,14,0,1,1,1,1,1,3593.23,0
tx_06357,4825,8.481773246184977,4121,0.2,22,0,0,1,1,0,0,4.32,0
tx_06358,3162,8.059276223305648,4121,0.2,9,0,3,1,0,0,0,6.09,0
tx_06359,1443,7.275172319452771,5691,0.35,12,0,0,1,1,0,0,1.93,0
tx_06360,9346,9.142810715182584,5712,0.25,8,1,1,1,0,0,0,2.45,0
tx_06361,6124,8.720134035412928,7995,0.3,12,0,3,1,1,0,1,4.92,0
tx_06362,2205,7.698936199813447,5814,0.3,21,1,5,0,1,0,0,5.64,0
tx_06363,8644,9.064736398117391,4900,0.1,15,1,0,1,-1,0,0,0.44,0
tx_06364,6155,8.72518249495877,5968,0.7,0,1,0,1,1,0,0,1.46,0
tx_06365,5256,8.567315800819449,5412,0.2,13,0,0,1,0,0,0,10.24,0
tx_06366,1050,6.957497370876951,5968,0.7,9,1,1,1,1,1,0,2831.12,1
tx_06367,15581,9.653871680890804,4829,0.8,13,1,0,1,1,0,0,0.7,0
tx_06368,2524,7.83399634170946,4121,0.2,13,0,6,1,1,0,0,6.13,0
tx_06369,8650,9.065430200180375,4121,0.2,14,1,0,1,1,0,0,302.66,0
tx_06370,3779,8.237479288613633,7995,0.3,20,1,3,1,0,0,1,19.47,0
tx_06371,5630,8.636042325254618,4814,0.55,20,1,3,1,1,0,0,1.22,0
tx_06372,24339,10.099876366541519,7995,0.3,23,1,2,1,1,0,0,6.04,0
tx_06373,13497,9.510296805303351,5814,0.3,14,0,1,1,1,0,0,6.35,0
tx_06374,23830,10.078742533123364,4829,0.8,6,0,1,1,1,0,0,3.9,0
tx_06375,11148,9.319105086767571,6011,0.85,4,0,1,1,1,0,0,16.44,0
tx_06376,11867,9.381600981410713,4829,0.8,20,0,1,1,1,0,0,19.61,0
tx_06377,1500,7.313886831633462,4829,0.8,21,0,1,-1,1,0,0,2.6,0
tx_06378,6024,8.703672758358856,5712,0.25,0,1,3,1,1,0,0,10.63,0
tx_06379,6578,8.791638037085997,5311,0.4,5,1,3,1,-1,0,0,2.11,0
tx_06380,26047,10.167696268802267,5311,0.4,16,1,4,0,1,0,0,4.31,0
tx_06381,5035,8.524367395164237,4829,0.8,3,1,6,0,1,0,0,34.04,0
tx_06382,10475,9.256842205627603,5712,0.25,1,1,2,1,1,0,0,1.63,0
tx_06383,10093,9.219696466900208,4121,0.2,23,0,1,1,1,0,0,13.41,0
tx_06384,24464,10.104998803723223,4900,0.1,2,1,1,1,1,0,0,1.06,0
tx_06385,7173,8.878218658092228,5691,0.35,5,0,6,1,1,0,0,2.41,0
tx_06386,17882,9.791605819888035,5412,0.2,23,0,0,1,1,0,0,2.23,0
tx_06387,1613,7.3864708488298945,5812,0.45,2,1,5,1,1,0,1,1.75,0
tx_06388,1758,7.472500744737558,4900,0.1,19,0,1,-1,1,0,0,0.91,0
tx_06389,931,6.837332814685591,5812,0.45,13,0,0,1,0,0,0,1.05,0
tx_06390,17186,9.751908563076688,5814,0.3,12,0,4,0,0,1,0,687.56,1
tx_06391,15447,9.64523482410835,5411,0.1,19,0,1,1,1,0,0,1.83,0
tx_06392,19095,9.857234168018666,4900,0.1,0,1,2,1,1,0,0,1.63,0
tx_06393,4280,8.361941906144946,5691,0.35,1,0,11,0,1,0,0,4.67,0
tx_06394,4769,8.470101583882387,5712,0.25,4,0,2,1,1,0,0,24.67,0
tx_06395,7260,8.890272839380247,4814,0.55,11,0,2,1,1,0,0,8.88,1
tx_06396,32102,10.37670476269511,5691,0.35,23,1,2,1,0,0,0,7.23,0
tx_06397,40713,10.614327292626992,4829,0.8,1,0,1,1,1,0,0,2.11,0
tx_06398,17314,9.759328456836522,5691,0.35,10,1,10,0,1,0,0,8.57,0
tx_06399,11155,9.319732748747379,7995,0.3,10,1,0,1,1,0,0,10.08,0
tx_06400,28963,10.273808958508711,5691,0.35,4,1,7,0,1,0,0,2.32,1
tx_06401,6388,8.762333040602343,5814,0.3,8,1,1,1,1,0,0,17.54,0
tx_06402,5618,8.633908991112198,5311,0.4,4,1,3,0,1,0,0,3.23,1
tx_06403,7205,8.882669291308039,6011,0.85,3,1,1,1,1,0,0,3.31,0
tx_06404,3214,8.07558263667172,5968,0.7,12,0,0,1,1,0,0,7.55,0
tx_06405,6897,8.838986793496787,6011,0.85,22,0,7,0,0,0,1,1.03,0
tx_06406,2818,7.9441374911141125,5814,0.3,9,1,2,1,0,0,0,2.55,0
tx_06407,21567,9.978966013712034,5812,0.45,15,0,1,1,1,0,0,4.08,0
tx_06408,13652,9.521714556684751,5691,0.35,16,0,6,0,1,0,0,2.28,0
tx_06409,31674,10.36328300518934,6011,0.85,20,1,1,1,1,0,0,8.73,0
tx_06410,1733,7.458186157340487,5968,0.7,19,0,0,1,1,0,0,1.85,0
tx_06411,49602,10.811806594754911,5411,0.1,21,0,1,1,1,0,0,2.38,0
tx_06412,1829,7.512071245835466,4814,0.55,19,0,3,0,1,0,0,14.31,1
tx_06413,2609,7.867105500316739,4121,0.2,22,0,3,1,0,0,0,4.71,0
tx_06414,4516,8.415603335654604,4900,0.1,23,1,1,1,1,0,0,11.35,0
tx_06415,28212,10.24753814360942,4121,0.2,17,0,5,1,1,0,0,9.42,0
tx_06416,10092,9.219597393238859,4829,0.8,11,1,1,1,-1,0,0,39.69,0
tx_06417,6461,8.773694146384443,4814,0.55,7,1,4,1,1,0,0,2.74,0
tx_06418,3836,8.252446090246952,7995,0.3,13,0,4,0,1,0,0,1.05,0
tx_06419,2204,7.6984827878809465,4814,0.55,19,0,7,0,-1,0,0,0.68,0
tx_06420,23889,10.081215240319855,5712,0.25,18,1,4,0,1,0,0,2.33,0
tx_06421,17394,9.763938087586043,5311,0.4,12,1,12,0,1,0,0,17.15,0
tx_06422,29437,10.290041635752532,4829,0.8,1,0,2,1,1,0,0,10.44,0
tx_06423,11874,9.382190628902842,5812,0.45,6,0,2,1,1,0,0,3.87,0
tx_06424,662,6.4967749901858625,7995,0.3,13,1,2,1,1,0,0,64.42,0
tx_06425,2497,7.823245690685523,5968,0.7,9,1,0,1,1,0,0,1.03,0
tx_06426,12668,9.446913343602054,7995,0.3,10,1,1,1,1,0,0,15.83,0
tx_06427,5733,8.654168646443315,5712,0.25,7,0,1,1,-1,0,0,2.51,0
tx_06428,4790,8.474494436883122,5812,0.45,1,1,1,1,1,0,0,40.11,0
tx_06429,2856,7.957527402230773,4829,0.8,11,1,3,1,0,0,0,3.02,0
tx_06430,20038,9.905435653754145,5968,0.7,10,0,2,1,1,0,0,17.89,0
tx_06431,12564,9.438670449977693,5814,0.3,18,0,1,-1,1,0,0,3.87,0
tx_06432,13112,9.481359383531425,4900,0.1,2,1,5,1,-1,0,0,101.88,0
tx_06433,4462,8.40357646462927,5311,0.4,11,1,1,1,1,0,0,6.47,0
tx_06434,9630,9.172742341560864,5712,0.25,20,1,1,1,1,0,0,4.96,0
tx_06435,2285,7.734558844354756,4121,0.2,6,0,1,1,1,0,0,7.39,0
tx_06436,7200,8.881975184248867,5968,0.7,7,0,2,1,1,0,0,11.36,0
tx_06437,738,6.6052979209482015,4900,0.1,2,1,2,-1,1,0,0,33.96,0
tx_06438,1836,7.515889085215125,4814,0.55,13,0,5,0,1,0,0,28.98,0
tx_06439,5997,8.699181359308954,5311,0.4,20,1,1,1,1,0,0,0.46,0
tx_06440,77772,11.261549606231082,5968,0.7,11,1,5,0,1,0,0,3.58,0
tx_06441,1472,7.29505641646263,4900,0.1,10,1,4,1,1,0,0,2.33,0
tx_06442,2499,7.824046010856292,5691,0.35,17,0,2,-1,1,0,0,12.34,0
tx_06443,10008,9.211239967219019,5968,0.7,10,0,1,1,1,0,0,2.47,0
tx_06444,43745,10.686155459034484,4121,0.2,9,1,4,1,1,0,0,54.62,0
tx_06445,9870,9.197356444417888,5814,0.3,18,0,1,-1,1,0,0,1.79,0
tx_06446,15870,9.672248823507559,5311,0.4,6,1,1,1,-1,0,1,0.84,0
tx_06447,5910,8.684570300824369,5812,0.45,20,1,1,1,0,0,0,6.16,0
tx_06448,5014,8.520188700396035,4829,0.8,6,0,7,0,-1,0,0,12.27,0
tx_06449,8806,9.08330213880546,4814,0.55,12,1,1,1,0,0,0,1.5,0
tx_06450,4358,8.379997952238393,5968,0.7,6,0,2,1,1,0,0,22.66,0
tx_06451,16207,9.693260226488464,5968,0.7,15,0,1,1,1,0,0,2.32,0
tx_06452,1771,7.4798641311650265,7995,0.3,10,1,0,1,0,0,0,3.25,0
tx_06453,18971,9.850719486997471,5812,0.45,5,0,1,1,1,0,0,5.69,0
tx_06454,8455,9.042631527550073,5412,0.2,17,1,2,1,1,0,0,2.49,0
tx_06455,6642,8.80131894766524,4829,0.8,22,0,4,1,1,0,0,51.99,0
tx_06456,1710,7.444833273892193,5311,0.4,0,0,1,1,1,0,0,1.03,0
tx_06457,3211,8.074649075066652,5812,0.45,13,0,2,1,1,0,0,0.83,0
tx_06458,25435,10.143920772387299,5311,0.4,17,1,3,1,-1,0,0,2.06,0
tx_06459,6681,8.807172622916703,5412,0.2,17,0,3,1,1,0,0,1.24,0
tx_06460,10611,9.26974071525763,4829,0.8,5,0,3,1,1,0,0,0.73,0
tx_06461,3532,8.169902647359145,5412,0.2,2,1,0,1,1,0,0,6.72,0
tx_06462,7923,8.977651407818442,4900,0.1,12,0,0,1,1,0,0,1.2,0
tx_06463,2212,7.70210434005105,4814,0.55,15,0,7,0,1,0,1,4.19,1
tx_06464,8956,9.100190628475195,4814,0.55,6,0,0,1,1,0,0,2.73,0
tx_06465,11583,9.357380114625498,5691,0.35,8,1,3,1,1,0,0,25.53,0
tx_06466,11045,9.309823650461134,5411,0.1,12,0,2,1,-1,0,0,1.09,0
tx_06467,3452,8.146998697389993,4814,0.55,10,1,1,1,1,0,0,8.33,0
tx_06468,5885,8.680331928793418,5691,0.35,11,1,0,1,1,0,0,4.58,0
tx_06469,13568,9.515543058145953,4829,0.8,16,0,2,1,1,0,0,2.18,0
tx_06470,6663,8.804475183846678,4121,0.2,23,1,4,1,1,0,0,4.37,0
tx_06471,6200,8.732465848349879,4814,0.55,19,0,2,1,1,0,0,8.0,0
tx_06472,49685,10.813478482261756,5412,0.2,0,1,1,1,1,0,0,0.8,0
tx_06473,3300,8.101980731853192,7995,0.3,8,1,1,-1,1,0,0,6.06,0
tx_06474,22733,10.031616880246656,4900,0.1,0,1,3,1,0,0,0,5.07,0
tx_06475,2720,7.908754738783246,4900,0.1,20,0,1,1,1,0,0,13.1,0
tx_06476,15172,9.627272811525241,4900,0.1,15,0,1,1,1,0,0,8.3,0
tx_06477,15961,9.677966176435953,5311,0.4,5,1,0,1,1,0,0,35.58,0
tx_06478,5016,8.520587424484253,5814,0.3,20,1,3,0,1,0,0,18.73,0
tx_06479,2562,7.848933726364071,5311,0.4,13,1,0,1,-1,0,0,3.78,0
tx_06480,1253,7.134093721192866,5812,0.45,1,0,1,1,1,0,0,26.61,0
tx_06481,4541,8.421122722665503,6011,0.85,3,0,1,1,1,0,0,6.31,0
tx_06482,13428,9.505171826581176,7995,0.3,19,1,0,-1,-1,0,0,17.83,0
tx_06483,2926,7.9817332866918855,5691,0.35,6,1,0,1,1,0,0,4.57,0
tx_06484,8931,9.097395612960048,5812,0.45,12,1,1,1,1,0,1,7.84,0
tx_06485,2003,7.602900462204755,6011,0.85,21,0,1,1,1,0,0,0.6,0
tx_06486,6522,8.783089671796096,5968,0.7,6,1,1,1,1,0,0,6.36,0
tx_06487,2739,7.9157131993821155,5311,0.4,0,0,1,1,-1,0,0,10.14,0
tx_06488,7563,8.931155429778348,4814,0.55,2,0,1,1,-1,0,1,10.23,0
tx_06489,5060,8.529319371214077,4814,0.55,21,1,0,-1,-1,0,0,0.63,0
tx_06490,2629,7.874739125171811,6011,0.85,14,1,0,1,0,0,0,3.16,0
tx_06491,4356,8.379539026117442,5691,0.35,7,0,1,1,1,0,0,1.91,0
tx_06492,3353,8.117908942383155,5311,0.4,1,0,0,-1,1,0,0,4.69,0
tx_06493,2338,7.757478766584179,5311,0.4,16,0,1,1,1,0,0,0.37,0
tx_06494,22783,10.033813814211703,4900,0.1,0,0,4,1,0,0,0,2.05,0
tx_06495,5785,8.66319648553608,5968,0.7,2,0,0,1,1,0,0,5.42,0
tx_06496,1005,6.913737350659685,5712,0.25,14,1,6,0,1,0,0,2.83,0
tx_06497,4505,8.41316512099219,6011,0.85,15,0,1,1,1,0,0,37.45,0
tx_06498,19422,9.874213209832133,5311,0.4,13,0,2,1,1,0,0,3.17,0
tx_06499,3952,8.282230063296685,5412,0.2,21,0,0,1,0,0,1,4.53,0
tx_06500,33794,10.428068141534455,4814,0.55,6,1,1,1,-1,0,0,0.64,0
tx_06501,3610,8.191740021277457,7995,0.3,13,1,2,-1,1,0,0,1.48,0
tx_06502,13140,9.483492392643639,5691,0.35,7,1,3,1,1,0,0,13.53,0
tx_06503,21807,9.990032153936314,5691,0.35,8,0,1,1,0,0,0,2.4,0
tx_06504,12492,9.432923766431829,5411,0.1,3,1,1,1,1,0,0,4.29,0
tx_06505,2207,7.699842407396986,4900,0.1,19,1,1,1,1,0,0,2.56,0
tx_06506,3327,8.1101268019411,7995,0.3,16,0,8,0,-1,0,0,11.21,0
tx_06507,24754,10.116782767795524,5412,0.2,17,0,7,1,1,0,1,1.17,1
tx_06508,3793,8.24117615049496,5812,0.45,3,1,2,1,1,0,0,2.42,0
tx_06509,20580,9.93212359907246,4121,0.2,2,0,1,1,1,0,0,8.22,0
tx_06510,5412,8.596558746796978,4900,0.1,18,1,11,0,1,0,0,3.32,0
tx_06511,9316,9.139595967450425,5968,0.7,15,1,1,1,1,0,0,0.48,0
tx_06512,2183,7.688913336864796,4814,0.55,0,0,0,1,1,0,0,4.44,0
tx_06513,4570,8.427487278331744,4814,0.55,15,1,2,1,1,0,0,0.64,0
tx_06514,3546,8.173857454773621,5968,0.7,23,0,4,0,1,0,0,4.54,0
tx_06515,10092,9.219597393238859,5311,0.4,18,1,2,-1,-1,0,0,13.42,0
tx_06516,8899,9.093806555720231,4900,0.1,6,0,2,1,1,0,0,2.36,0
tx_06517,12641,9.444779883032243,5691,0.35,7,0,2,1,1,0,1,16.32,0
tx_06518,5111,8.53934599605737,4829,0.8,18,0,2,1,1,0,0,10.78,0
tx_06519,3366,8.121777419161074,4121,0.2,9,0,1,1,1,0,0,13.03,0
tx_06520,9689,9.178849704884811,4121,0.2,17,0,5,1,1,0,0,0.64,0
tx_06521,3063,8.027476530860483,4814,0.55,23,1,1,1,1,1,1,1712.44,1
tx_06522,22690,10.02972364908127,4829,0.8,9,0,2,1,1,0,1,10.29,0
tx_06523,7305,8.896451207355227,5812,0.45,13,1,1,1,1,0,0,2.48,0
tx_06524,5975,8.695506726812653,5311,0.4,11,0,4,1,0,0,0,0.56,0
tx_06525,12635,9.444305161921976,4814,0.55,12,1,1,1,1,0,0,15.89,0
tx_06526,7575,8.932740634865914,4121,0.2,1,1,5,0,1,0,0,14.15,0
tx_06527,1686,7.430707082545968,5412,0.2,23,0,1,1,1,0,0,23.99,0
tx_06528,2971,7.99699040583765,5968,0.7,12,1,0,1,1,0,1,0.48,0
tx_06529,22248,10.010052342764158,5311,0.4,5,0,6,0,1,0,1,3.68,1
tx_06530,8821,9.085003880664885,4121,0.2,13,1,6,0,1,0,0,2.79,0
tx_06531,1649,7.408530566894626,4900,0.1,9,0,4,0,1,0,0,1.42,0
tx_06532,11381,9.339788439163069,5412,0.2,19,1,7,0,1,0,0,5.74,0
tx_06533,4788,8.47407690034261,4829,0.8,18,0,2,1,1,0,0,6.83,0
tx_06534,3549,8.174702882469461,7995,0.3,9,1,1,1,0,0,0,3.35,0
tx_06535,2745,7.917900586327916,5814,0.3,17,0,8,0,1,0,0,33.78,0
tx_06536,21059,9.955130785687967,5311,0.4,0,0,3,1,1,0,0,0.43,0
tx_06537,1259,7.138866999945524,7995,0.3,23,0,1,1,0,0,0,7.92,0
tx_06538,3676,8.209852481301272,5311,0.4,12,0,4,1,1,0,0,0.98,0
tx_06539,9130,9.11943049661634,4814,0.55,15,0,1,1,1,0,1,5.4,0
tx_06540,36483,10.50462908730005,7995,0.3,15,1,0,1,1,0,0,8.01,0
tx_06541,13785,9.531408863445597,7995,0.3,7,1,2,1,0,0,0,23.13,0
tx_06542,3646,8.20166019080868,5311,0.4,16,0,1,1,1,0,0,3.35,0
tx_06543,34824,10.458090798648007,5712,0.25,9,1,1,1,1,0,0,5.77,0
tx_06544,2248,7.718240951959316,4829,0.8,16,0,1,1,1,0,0,0.32,0
tx_06545,10480,9.257319373170178,5712,0.25,2,1,2,1,1,0,0,18.9,0
tx_06546,12946,9.468619380058648,5812,0.45,3,1,1,-1,1,0,0,9.71,0
tx_06547,3527,8.168486417126681,5812,0.45,22,0,1,1,1,1,0,624.79,0
tx_06548,15802,9.667955074409104,5691,0.35,17,0,3,1,1,0,0,5.82,0
tx_06549,4999,8.517193191416238,5812,0.45,3,1,1,1,1,0,0,2.17,0
tx_06550,15765,9.665611001619853,5691,0.35,5,1,1,1,1,0,0,2.77,0
tx_06551,1419,7.258412150595307,5968,0.7,13,1,0,1,1,0,0,2.0,0
tx_06552,11197,9.323490469908839,4829,0.8,0,0,0,1,0,0,0,1.66,0
tx_06553,5506,8.613775289262481,5412,0.2,9,0,7,0,1,0,0,6.01,0
tx_06554,24280,10.097449430486758,5411,0.1,7,0,1,1,1,0,0,26.5,0
tx_06555,7812,8.963544291996744,5691,0.35,3,1,1,1,1,0,0,2.77,0
tx_06556,26687,10.191969305158473,4814,0.55,7,0,0,1,1,0,0,5.69,0
tx_06557,13192,9.487441664883777,5311,0.4,7,0,2,-1,1,0,0,3.93,0
tx_06558,7216,8.884194633072273,7995,0.3,1,0,6,0,0,0,0,3.87,0
tx_06559,17214,9.753536375772624,4814,0.55,15,1,1,1,1,0,0,3.45,0
tx_06560,17318,9.759559443729044,5712,0.25,6,1,2,-1,1,0,1,32.35,0
tx_06561,12753,9.453600226875217,5812,0.45,0,0,0,1,1,1,0,3411.35,1
tx_06562,923,6.828712071641684,5412,0.2,0,0,3,0,-1,0,1,14.48,0
tx_06563,3203,8.07215530818825,4121,0.2,23,1,8,0,1,0,0,4.63,0
tx_06564,30335,10.320090405054748,4121,0.2,2,0,5,0,1,0,0,38.92,0
tx_06565,2470,7.81237820598861,4900,0.1,21,1,2,1,1,0,0,23.24,0
tx_06566,18836,9.84357829978222,4814,0.55,3,1,2,1,1,0,0,12.92,0
tx_06567,15935,9.67633597982438,4814,0.55,2,0,0,1,1,0,0,11.7,0
tx_06568,4088,8.316055720364643,4829,0.8,13,0,7,1,1,0,1,10.54,0
tx_06569,1224,7.110696122978827,4829,0.8,20,1,5,0,1,0,0,2.77,0
tx_06570,4744,8.464846711044029,5968,0.7,1,1,5,1,0,0,0,6.66,0
tx_06571,58647,10.979308752903423,5712,0.25,7,1,1,1,1,0,0,82.28,0
tx_06572,3587,8.185350223178686,4121,0.2,18,1,1,1,1,0,0,8.33,0
tx_06573,3830,8.25088114470065,5712,0.25,1,1,2,1,1,0,0,2.41,0
tx_06574,3157,8.057694194815587,4814,0.55,4,0,1,1,-1,0,0,0.86,0
tx_06575,25828,10.159253170667593,5411,0.1,7,0,0,1,1,0,0,2.78,0
tx_06576,6467,8.774622220696997,4121,0.2,19,1,0,1,1,0,0,1.24,0
tx_06577,4494,8.410720946905721,4814,0.55,19,0,2,1,1,0,0,7.69,0
tx_06578,31194,10.348013104544886,4814,0.55,17,1,3,1,1,0,1,0.96,0
tx_06579,14125,9.555772349968867,5412,0.2,15,1,0,-1,1,0,0,0.81,0
tx_06580,3401,8.132118772955806,5412,0.2,0,1,3,1,-1,0,0,6.24,0
tx_06581,2547,7.843064016692054,5311,0.4,5,1,1,1,1,1,0,1786.8,1
tx_06582,24476,10.10548918009691,5712,0.25,22,0,2,-1,1,0,0,6.27,0
tx_06583,8276,9.021235862885396,5814,0.3,17,1,3,1,1,0,0,33.5,0
tx_06584,1870,7.534228326274089,5814,0.3,5,0,2,1,1,0,0,7.99,0
tx_06585,1497,7.311886164077165,5712,0.25,16,0,2,1,1,0,0,11.5,0
tx_06586,2821,7.945201132412759,5691,0.35,17,1,0,1,1,0,0,10.11,0
tx_06587,2509,7.828038032125829,5412,0.2,17,1,5,1,1,0,0,0.49,0
tx_06588,1166,7.062191632286556,4900,0.1,23,0,6,0,0,0,0,0.35,0
tx_06589,2866,7.96102146588337,5412,0.2,12,1,0,1,1,0,0,8.38,0
tx_06590,3402,8.132412674500905,4121,0.2,1,0,0,1,1,0,0,11.16,0
tx_06591,5248,8.5657928612523,7995,0.3,19,1,7,0,-1,0,0,8.62,0
tx_06592,40678,10.613467267756123,5411,0.1,0,0,3,1,1,0,1,7.06,0
tx_06593,6321,8.751790892775563,5814,0.3,15,1,0,1,1,0,0,2.17,0
tx_06594,6946,8.846065190692881,7995,0.3,19,0,3,1,1,0,0,7.94,0
tx_06595,13213,9.48903215258983,5412,0.2,3,0,2,1,1,0,0,14.27,0
tx_06596,6501,8.779865100863852,6011,0.85,19,1,3,1,-1,0,0,2.76,0
tx_06597,11912,9.38538551979936,5412,0.2,19,1,3,1,1,0,0,1.87,0
tx_06598,10633,9.271811694064283,4814,0.55,15,0,3,0,0,0,0,0.96,0
tx_06599,9151,9.12172771361958,4121,0.2,7,1,5,0,1,1,0,1136.02,1
tx_06600,112793,11.633318425142017,4814,0.55,4,1,5,0,0,0,0,2.94,0
tx_06601,19356,9.870809390145546,7995,0.3,16,0,2,1,1,0,0,6.1,0
tx_06602,2915,7.977968093128549,5412,0.2,3,1,7,1,1,0,0,26.47,0
tx_06603,11578,9.356948391612272,5311,0.4,16,0,0,1,1,0,0,2.41,0
tx_06604,3839,8.253227645581772,5412,0.2,4,1,4,1,0,0,0,1.16,0
tx_06605,12445,9.429154565129164,4900,0.1,8,1,1,1,1,0,0,6.76,0
tx_06606,2206,7.699389406256737,6011,0.85,12,1,1,1,1,0,0,2.58,0
tx_06607,2843,7.952966790923131,7995,0.3,3,0,4,1,1,0,0,21.65,0
tx_06608,11292,9.331938343723671,4814,0.55,19,1,2,1,1,0,0,11.75,0
tx_06609,21014,9.952991747439217,5814,0.3,16,0,0,1,1,0,0,9.81,0
tx_06610,13130,9.482731125859004,5311,0.4,0,0,0,-1,1,0,0,0.92,0
tx_06611,18335,9.816621619514466,4121,0.2,20,1,2,1,1,0,0,2.38,0
tx_06612,11618,9.360396968182862,6011,0.85,17,0,2,1,1,0,0,16.6,0
tx_06613,9595,9.169101623959586,4121,0.2,20,1,2,1,1,0,0,3.73,0
tx_06614,5048,8.526945482858915,4829,0.8,14,1,2,1,1,0,0,0.34,0
tx_06615,17633,9.777584135646972,4121,0.2,15,1,2,1,1,0,0,36.49,0
tx_06616,21565,9.978873279442018,5412,0.2,9,1,0,1,1,0,0,3.39,0
tx_06617,7671,8.945332616563274,5712,0.25,5,0,2,1,0,0,0,7.17,0
tx_06618,7289,8.894258825002703,5311,0.4,5,0,2,1,1,0,0,8.12,0
tx_06619,36938,10.517023182460981,4814,0.55,7,0,3,1,1,0,0,4.23,0
tx_06620,7989,8.98594603876032,4814,0.55,6,0,0,1,1,0,1,20.5,0
tx_06621,8752,9.077151777732437,7995,0.3,18,0,1,1,1,0,0,4.05,0
tx_06622,12903,9.465292619805044,5968,0.7,12,1,1,1,0,0,0,3.36,0
tx_06623,7422,8.912338567117548,7995,0.3,9,0,2,1,1,0,0,93.87,0
tx_06624,3736,8.226038429485484,5691,0.35,17,0,2,1,1,0,0,0.7,0
tx_06625,11664,9.36434818445553,5691,0.35,17,1,1,1,1,0,0,6.0,0
tx_06626,7851,8.968523555396352,5968,0.7,22,1,2,1,1,0,0,7.81,0
tx_06627,46878,10.755325092965364,5712,0.25,7,0,2,-1,1,0,0,10.3,0
tx_06628,17226,9.75423319944637,5412,0.2,5,0,3,-1,1,0,0,51.43,0
tx_06629,4626,8.439663988907,5311,0.4,0,0,8,0,1,0,0,5.85,0
tx_06630,16281,9.697815482133922,5412,0.2,3,1,1,1,0,0,0,1.32,0
tx_06631,10912,9.29771001811309,4121,0.2,14,1,4,1,-1,0,0,6.66,0
tx_06632,28258,10.249167269908254,4829,0.8,19,0,1,1,1,0,0,4.65,0
tx_06633,4949,8.507142855562735,5814,0.3,14,0,0,1,1,0,0,20.26,0
tx_06634,9744,9.184509611941662,6011,0.85,23,0,0,1,0,0,0,11.52,0
tx_06635,7413,8.911125383710678,4814,0.55,15,0,1,-1,1,0,0,3.87,0
tx_06636,8610,9.060795734696166,4814,0.55,21,0,9,0,-1,0,0,2.83,0
tx_06637,3513,8.164510268747042,4814,0.55,6,0,4,1,1,0,0,8.05,0
tx_06638,14077,9.552368574168076,5968,0.7,7,1,4,1,1,0,1,6.91,0
tx_06639,12115,9.402282172147128,5311,0.4,19,0,3,0,1,0,0,0.73,0
tx_06640,27616,10.226186804119793,5311,0.4,15,0,1,-1,1,0,0,0.91,0
tx_06641,8068,8.995784837848506,4121,0.2,11,0,0,1,1,0,0,8.72,0
tx_06642,5508,8.614138397472717,7995,0.3,22,0,1,1,1,0,0,1.53,0
tx_06643,17240,9.75504554717585,5412,0.2,18,1,1,1,1,0,0,0.94,0
tx_06644,3830,8.25088114470065,5968,0.7,7,1,1,1,1,0,0,7.25,0
tx_06645,22832,10.0359621369355,5812,0.45,14,1,0,1,1,0,0,1.16,0
tx_06646,22785,10.033901591258061,4814,0.55,9,0,1,1,0,0,0,3.55,0
tx_06647,26892,10.199621308677711,5968,0.7,9,1,2,1,1,0,0,12.04,0
tx_06648,11649,9.363061458993847,5691,0.35,19,1,2,1,1,0,0,1.23,0
tx_06649,5131,8.543250725735527,5712,0.25,16,1,8,0,1,0,0,9.24,0
tx_06650,9035,9.108971877587894,4829,0.8,0,1,1,1,1,0,0,12.88,0
tx_06651,11687,9.366317953430535,5968,0.7,13,0,1,1,-1,0,0,1.44,0
tx_06652,4784,8.473241303887054,7995,0.3,15,1,4,1,1,0,0,30.13,0
tx_06653,28901,10.271666075858276,5411,0.1,12,1,5,0,-1,0,1,1.92,0
tx_06654,14133,9.5563385212508,4814,0.55,7,0,0,1,1,0,0,7.12,0
tx_06655,3490,8.157943507105037,5968,0.7,15,0,1,1,1,0,0,1.38,0
tx_06656,48723,10.79392700081985,6011,0.85,22,0,5,1,1,1,0,4760.84,1
tx_06657,8935,9.097843340749037,5691,0.35,2,0,1,1,-1,0,0,27.71,0
tx_06658,2881,7.966239776559467,5712,0.25,14,0,0,-1,0,0,0,38.27,0
tx_06659,3701,8.216628493133443,4900,0.1,21,0,3,1,1,0,0,15.09,0
tx_06660,33475,10.418584043152764,4121,0.2,9,0,1,1,1,0,0,2.72,0
tx_06661,46116,10.738936924565653,7995,0.3,8,1,2,1,1,0,0,1.4,0
tx_06662,21251,9.964206287570834,5412,0.2,5,0,1,1,1,0,0,0.55,0
tx_06663,28524,10.258536174730276,4900,0.1,5,0,8,0,1,0,0,6.15,0
tx_06664,25873,10.160993882477847,5812,0.45,9,1,1,1,-1,0,0,0.58,0
tx_06665,13825,9.53430615650521,4121,0.2,18,0,5,0,0,0,0,3.14,0
tx_06666,11134,9.317848579691468,4814,0.55,4,0,1,1,1,0,0,8.73,0
tx_06667,13603,9.518119146127086,4900,0.1,5,0,0,1,1,0,0,1.56,0
tx_06668,16389,9.704426671737876,5412,0.2,23,0,2,-1,1,0,0,4.32,0
tx_06669,4026,8.300776960851454,5411,0.1,23,0,0,1,-1,0,0,2.73,0
tx_06670,16326,9.700575458126165,4829,0.8,5,0,2,0,0,0,0,8.57,0
tx_06671,32561,10.39090124329146,5311,0.4,10,0,1,1,0,0,0,4.76,0
tx_06672,6695,8.80926561216931,5311,0.4,9,0,0,1,1,0,0,2.11,0
tx_06673,6049,8.707813551024888,5691,0.35,7,1,1,-1,1,0,0,0.92,0
tx_06674,12809,9.45798139489078,5691,0.35,3,1,5,1,1,0,0,49.56,0
tx_06675,4394,8.388222810119277,6011,0.85,1,0,1,1,0,0,0,2.21,0
tx_06676,2331,7.754481547470383,5968,0.7,14,0,0,1,1,0,0,1.63,0
tx_06677,24234,10.095553148279476,5311,0.4,1,1,1,1,1,0,0,20.0,0
tx_06678,5307,8.576970395452099,6011,0.85,14,1,1,1,1,0,0,4.05,0
tx_06679,8289,9.022805248129341,5691,0.35,2,0,1,1,1,0,0,15.12,0
tx_06680,4562,8.425735580927402,4829,0.8,3,0,3,-1,1,0,0,4.83,0
tx_06681,27394,10.218115793972515,5311,0.4,0,0,0,1,0,0,0,6.53,0
tx_06682,18319,9.815748638228122,5814,0.3,9,1,4,1,1,0,0,8.65,0
tx_06683,6480,8.776630098427717,5968,0.7,7,1,2,1,1,0,0,4.6,0
tx_06684,2655,7.884576510596324,5411,0.1,7,0,1,1,1,0,0,1.45,0
tx_06685,5858,8.675734219544788,4829,0.8,7,1,3,1,1,0,0,2.82,0
tx_06686,14000,9.546884034617925,4829,0.8,22,0,3,1,1,0,1,0.36,0
tx_06687,9744,9.184509611941662,4814,0.55,10,0,2,1,1,0,0,10.78,0
tx_06688,9035,9.108971877587894,5812,0.45,19,1,7,0,1,0,0,1.98,0
tx_06689,9960,9.206432747145165,5691,0.35,5,1,5,-1,-1,0,0,1.1,0
tx_06690,16748,9.72609383397847,5412,0.2,11,0,3,0,1,0,0,10.43,0
tx_06691,7828,8.965590066907914,5812,0.45,1,1,2,1,-1,0,0,4.76,0
tx_06692,12490,9.43276366396591,5968,0.7,6,1,3,0,1,0,0,18.99,0
tx_06693,3189,8.06777619577889,5968,0.7,1,0,1,1,0,0,0,0.38,0
tx_06694,92164,11.431335727930273,4814,0.55,0,1,1,1,0,0,0,3.18,0
tx_06695,6220,8.73568594451502,5712,0.25,4,1,0,1,1,0,0,2.39,0
tx_06696,9883,9.1986725671085,6011,0.85,3,0,0,1,1,0,0,12.48,0
tx_06697,13951,9.543378146148761,5814,0.3,7,0,2,1,1,0,0,6.11,0
tx_06698,5513,8.615045591583742,5311,0.4,17,0,3,1,1,0,0,34.15,0
tx_06699,8206,9.012742727629712,5411,0.1,3,1,1,1,1,0,1,37.89,0
tx_06700,8112,9.001222992395064,6011,0.85,14,0,2,-1,1,0,0,11.27,0
tx_06701,3418,8.137103389639302,4121,0.2,8,0,1,1,0,0,0,6.93,0
tx_06702,12355,9.421897054038473,5691,0.35,9,0,0,1,-1,0,0,0.92,0
tx_06703,1700,7.438971592395862,4814,0.55,22,1,0,1,1,0,0,9.93,0
tx_06704,43055,10.670256872966688,6011,0.85,11,0,0,1,1,0,0,63.0,0
tx_06705,17301,9.75857738074032,4121,0.2,6,1,2,-1,0,0,0,23.64,0
tx_06706,14948,9.612399686949514,4121,0.2,5,0,2,1,-1,0,0,2.56,0
tx_06707,1565,7.356279876550748,5311,0.4,4,1,4,1,1,0,0,3.51,0
tx_06708,3836,8.252446090246952,4829,0.8,19,1,1,1,1,0,0,42.24,0
tx_06709,30487,10.325088442553696,5412,0.2,15,0,1,1,0,0,0,1.28,0
tx_06710,420353,12.94885249239779,5311,0.4,6,0,4,1,1,0,1,6.79,0
tx_06711,25340,10.140178916395607,5311,0.4,11,1,2,-1,1,0,0,2.24,0
tx_06712,21813,9.990307244488688,5691,0.35,12,0,1,1,1,0,0,2.82,0
tx_06713,13412,9.50397966490209,5691,0.35,1,0,2,1,1,0,0,8.03,0
tx_06714,3641,8.200288260287554,7995,0.3,21,0,3,1,1,0,0,10.04,0
tx_06715,20964,9.950609659604863,5412,0.2,18,0,4,0,1,1,0,2123.78,1
tx_06716,2861,7.959275960116396,5691,0.35,12,0,3,1,1,0,0,14.08,0
tx_06717,2579,7.855544677915663,5812,0.45,17,0,2,1,-1,0,0,11.92,0
tx_06718,2429,7.795646536334594,4829,0.8,2,1,2,1,1,0,0,12.54,0
tx_06719,20581,9.932172186396038,5812,0.45,23,1,3,0,-1,0,0,6.42,0
tx_06720,7713,8.950792138768174,6011,0.85,15,1,0,1,1,0,0,29.9,0
tx_06721,8964,9.101083386039234,5311,0.4,22,1,8,0,1,0,0,1.49,0
tx_06722,8027,8.990690709916228,4829,0.8,20,0,1,0,-1,0,0,6.12,0
tx_06723,2795,7.935945103353701,5311,0.4,14,1,0,1,1,0,0,3.23,0
tx_06724,4307,8.36822903827628,4900,0.1,6,1,2,1,1,0,0,7.54,0
tx_06725,4518,8.41604600941128,5712,0.25,16,0,0,1,1,0,0,18.86,0
tx_06726,2143,7.670428522190693,6011,0.85,12,0,9,0,1,1,0,1138.04,0
tx_06727,5045,8.526351129201004,5712,0.25,9,1,2,1,0,0,0,4.99,0
tx_06728,2916,7.978310969867722,4814,0.55,17,1,1,-1,0,0,0,2.57,0
tx_06729,14100,9.55400099583723,5311,0.4,21,1,1,1,1,0,1,20.83,0
tx_06730,15262,9.633186877915122,5812,0.45,4,0,1,1,1,0,0,32.89,0
tx_06731,2383,7.776535028185241,5311,0.4,13,1,7,0,1,0,0,1.25,0
tx_06732,6145,8.72355674269043,5712,0.25,18,1,7,0,-1,0,0,10.19,0
tx_06733,47497,10.768442883873123,5812,0.45,7,1,0,1,1,0,0,271.3,0
tx_06734,3208,8.073714641109857,5311,0.4,8,1,5,0,1,0,0,6.41,0
tx_06735,12216,9.41058370340406,5812,0.45,0,0,3,1,1,0,0,4.79,0
tx_06736,9004,9.105535257610056,5411,0.1,7,1,0,1,1,0,0,8.17,0
tx_06737,23004,10.043466862589568,4814,0.55,14,1,1,1,1,0,0,14.95,0
tx_06738,10784,9.285911558823257,5411,0.1,23,1,4,1,1,0,1,26.64,1
tx_06739,5407,8.5956346177228,5412,0.2,12,1,1,1,1,0,0,32.67,0
tx_06740,8678,9.068661593644245,4121,0.2,6,0,0,1,1,0,0,1.51,0
tx_06741,8800,9.082620630373812,6011,0.85,19,1,6,0,1,0,0,20.5,0
tx_06742,7466,8.918248591035702,5691,0.35,4,0,1,1,1,0,1,4.66,0
tx_06743,2326,7.752335163302292,4121,0.2,4,0,1,1,1,0,0,4.02,0
tx_06744,26532,10.186144520271382,6011,0.85,12,0,2,1,1,0,0,3.62,0
tx_06745,22433,10.018332944205168,5968,0.7,19,0,4,1,1,0,0,12.15,0
tx_06746,3021,8.013674142832684,4121,0.2,5,0,1,1,0,0,0,2.68,0
tx_06747,6121,8.719644119505357,4829,0.8,0,0,1,-1,1,0,0,25.41,0
tx_06748,6577,8.791486026749002,5411,0.1,17,0,0,-1,1,0,0,4.14,0
tx_06749,2715,7.906915488678587,5691,0.35,14,1,3,1,1,0,0,13.18,0
tx_06750,1383,7.232733136177615,5814,0.3,16,1,0,1,1,0,1,9.77,0
tx_06751,4307,8.36822903827628,5411,0.1,9,0,2,1,1,0,0,1.49,0
tx_06752,5806,8.66681936537205,5712,0.25,2,0,2,1,1,0,0,1.68,0
tx_06753,2071,7.6362696033793735,4121,0.2,7,1,2,1,1,0,0,11.05,0
tx_06754,9636,9.173365135851288,5812,0.45,11,0,1,-1,1,0,0,0.96,0
tx_06755,24585,10.109932454227286,6011,0.85,10,0,2,1,1,0,0,5.89,0
tx_06756,18127,9.805212983267788,5691,0.35,21,1,1,1,1,0,0,2.82,0
tx_06757,7222,8.885025658050846,5412,0.2,5,0,1,-1,-1,0,1,3.02,0
tx_06758,1418,7.257707677160043,5311,0.4,7,1,0,1,-1,0,0,7.81,0
tx_06759,16076,9.68514495816296,7995,0.3,4,0,2,1,1,0,0,24.16,0
tx_06760,9360,9.144307401371744,4121,0.2,13,1,10,0,1,0,1,9.47,0
tx_06761,12189,9.408371222475317,5311,0.4,19,0,0,1,1,0,0,0.96,0
tx_06762,51250,10.844490409005417,4814,0.55,21,0,1,1,-1,0,0,5.25,0
tx_06763,3720,8.221747728346623,6011,0.85,5,0,0,1,1,0,0,13.65,0
tx_06764,531,6.2766434893416445,5412,0.2,10,0,3,1,1,0,0,3.34,0
tx_06765,2994,8.00469951054955,6011,0.85,17,1,0,1,-1,0,1,4.38,0
tx_06766,12925,9.46699606582284,5812,0.45,1,1,6,0,1,0,0,2.57,0
tx_06767,8356,9.030854790001436,5691,0.35,17,1,2,1,0,0,0,18.83,0
tx_06768,2567,7.850882664809852,5691,0.35,3,1,3,1,1,0,0,1.48,0
tx_06769,2114,7.656810091480378,4829,0.8,0,0,1,-1,1,0,1,3.01,0
tx_06770,5816,8.668539943910762,5691,0.35,2,0,3,-1,1,0,0,1.4,0
tx_06771,2493,7.821643126239982,5812,0.45,21,0,9,0,0,0,0,12.78,0
tx_06772,13357,9.499870735285581,7995,0.3,16,1,3,0,1,0,0,1.44,0
tx_06773,5510,8.614501373883236,5691,0.35,18,1,5,-1,1,0,0,2.03,0
tx_06774,4489,8.4096079807363,7995,0.3,16,1,11,0,0,0,1,3.38,0
tx_06775,3963,8.285008895449879,7995,0.3,19,0,1,1,1,0,0,5.73,0
tx_06776,10458,9.255218130754269,5691,0.35,11,0,4,1,1,0,0,3.11,0
tx_06777,8482,9.045819439807735,5412,0.2,19,1,3,1,1,0,0,4.98,0
tx_06778,9868,9.197153810172008,4814,0.55,1,1,1,1,1,0,0,0.49,0
tx_06779,9665,9.17636985240503,4900,0.1,13,1,1,1,1,0,0,11.18,0
tx_06780,7605,8.936692688488204,6011,0.85,18,0,2,1,0,0,0,7.26,0
tx_06781,3052,8.023879992734878,4814,0.55,23,1,2,1,1,0,0,5.37,0
tx_06782,4070,8.31164394850298,5411,0.1,8,1,8,1,1,0,0,0.25,0
tx_06783,5598,8.630343289348893,5812,0.45,4,0,3,1,1,0,1,5.14,0
tx_06784,57937,10.967128752260185,4900,0.1,17,0,0,1,1,0,0,2.17,0
tx_06785,2261,7.724004656676065,7995,0.3,1,1,1,1,1,0,0,2.28,0
tx_06786,5471,8.607399459302387,5812,0.45,18,1,1,1,1,0,0,4.82,0
tx_06787,8942,9.09862638234618,4121,0.2,16,1,0,1,0,0,0,20.82,0
tx_06788,6106,8.717190933223135,4900,0.1,16,1,1,1,0,0,0,45.04,0
tx_06789,22594,10.02548392184538,5814,0.3,7,0,2,1,1,0,0,20.98,0
tx_06790,6076,8.712266432135355,6011,0.85,2,0,6,0,1,0,0,4.23,0
tx_06791,6518,8.782476268924539,6011,0.85,14,0,2,1,1,0,0,34.58,0
tx_06792,17660,9.779114097696372,5968,0.7,8,1,7,0,1,0,0,29.27,0
tx_06793,45494,10.72535770879079,4814,0.55,9,0,7,0,1,0,0,5.41,0
tx_06794,31017,10.342322960119398,5814,0.3,4,0,0,-1,0,0,0,0.54,0
tx_06795,7153,8.875426919818963,4814,0.55,8,0,7,0,1,0,0,1.78,0
tx_06796,7771,8.95828281049733,4814,0.55,19,1,4,1,1,0,0,0.36,0
tx_06797,8515,9.049702026013371,5812,0.45,21,1,0,1,1,0,1,2.82,0
tx_06798,9366,9.14494815320913,5412,0.2,8,1,5,1,1,0,0,5.4,0
tx_06799,3642,8.200562797008564,5812,0.45,3,0,1,1,1,0,0,0.64,0
tx_06800,19830,9.89500164888583,5968,0.7,0,0,1,1,1,0,0,14.44,0
tx_06801,9911,9.201501423308978,4121,0.2,4,0,2,-1,-1,0,0,6.18,0
tx_06802,7805,8.96264794774056,5691,0.35,0,1,1,1,-1,0,0,0.55,0
tx_06803,2435,7.798112628829788,5968,0.7,16,0,4,1,-1,0,0,6.43,0
tx_06804,8642,9.064505023752638,5412,0.2,15,1,0,-1,1,0,0,0.58,0
tx_06805,1348,7.207118856207756,5691,0.35,18,1,0,1,1,0,0,60.32,0
tx_06806,4687,8.452761331256848,5412,0.2,7,1,1,1,1,0,0,1.06,0
tx_06807,4771,8.470520783217808,6011,0.85,19,1,0,1,-1,0,0,1.6,0
tx_06808,10698,9.277905558138606,4121,0.2,4,1,3,1,1,0,0,2.89,0
tx_06809,48583,10.791049537577411,6011,0.85,5,1,4,1,1,0,0,5.67,0
tx_06810,14023,9.54852542660107,5968,0.7,21,0,1,1,1,0,1,3.01,0
tx_06811,32246,10.381180294641172,5968,0.7,21,1,0,1,0,0,0,0.74,0
tx_06812,15035,9.618202604684068,5411,0.1,14,0,2,1,1,0,0,5.43,0
tx_06813,23718,10.074031693706946,5691,0.35,14,0,1,1,1,0,0,2.44,0
tx_06814,47545,10.769452942458217,5411,0.1,16,0,2,1,1,0,0,2.38,0
tx_06815,4064,8.310169021981912,4900,0.1,19,1,1,1,1,0,0,33.27,0
tx_06816,3820,8.2482674474469,6011,0.85,5,1,0,1,0,0,0,3.02,0
tx_06817,15376,9.640628165515693,5691,0.35,1,0,6,0,0,0,0,3.27,0
tx_06818,8117,9.001839097398843,5814,0.3,4,1,2,1,1,0,0,5.87,0
tx_06819,10042,9.21463115339334,4814,0.55,8,0,0,1,1,0,0,8.88,0
tx_06820,6431,8.769040810858803,5968,0.7,5,0,2,1,1,0,0,6.79,0
tx_06821,4623,8.439015410352214,5812,0.45,12,1,1,1,1,0,0,0.29,0
tx_06822,37983,10.544920297409394,7995,0.3,3,0,4,0,1,0,0,3.39,0
tx_06823,2865,7.960672608388117,4814,0.55,13,1,1,-1,-1,0,0,3.07,0
tx_06824,15635,9.657331226912845,5691,0.35,17,1,1,1,1,1,0,565.16,0
tx_06825,13402,9.503233841478497,5691,0.35,2,1,1,1,1,0,0,1.05,0
tx_06826,1817,7.505492274737424,5691,0.35,6,1,6,1,1,0,0,18.49,0
tx_06827,3699,8.216088098632316,4121,0.2,12,1,6,0,1,0,0,5.7,0
tx_06828,4340,8.375860015299594,5412,0.2,1,1,1,1,1,0,0,2.56,0
tx_06829,13926,9.541584681053092,5311,0.4,15,0,1,1,1,0,0,7.29,0
tx_06830,5747,8.656607247198915,5712,0.25,18,1,8,0,1,0,0,21.08,0
tx_06831,7509,8.92399074475818,4900,0.1,8,0,1,1,0,0,0,9.15,0
tx_06832,2039,7.620705086838262,5412,0.2,0,1,4,0,1,0,0,25.01,0
tx_06833,74220,11.21480240798111,5712,0.25,12,1,1,1,0,0,0,6.74,0
tx_06834,8715,9.072915696064511,4121,0.2,20,0,0,-1,1,0,0,11.19,0
tx_06835,13085,9.479298235429685,5968,0.7,7,1,8,0,1,0,0,3.74,0
tx_06836,4874,8.491875383431948,5814,0.3,20,0,0,1,0,0,0,20.84,0
tx_06837,4382,8.38548870041881,4121,0.2,20,1,1,1,1,0,0,37.45,0
tx_06838,50122,10.822235263563458,4121,0.2,6,1,3,1,-1,0,0,6.21,0
tx_06839,1319,7.1853870155804165,5968,0.7,14,1,1,1,1,0,0,1.06,0
tx_06840,10614,9.270023374137356,4900,0.1,1,1,1,1,-1,0,0,5.74,0
tx_06841,2577,7.8547691834991324,6011,0.85,13,0,0,-1,1,1,0,1991.44,0
tx_06842,5544,8.620651899784468,5412,0.2,21,1,7,0,1,0,1,11.12,0
tx_06843,4443,8.39931015075952,5311,0.4,22,0,0,-1,1,0,0,3.24,0
tx_06844,3192,8.068716192714781,4900,0.1,4,1,3,1,0,0,0,5.61,0
tx_06845,8424,9.038958755220563,5812,0.45,15,0,2,1,1,0,0,10.16,0
tx_06846,710,6.566672429803241,4814,0.55,1,0,0,1,1,0,0,2.26,0
tx_06847,6036,8.705662478796427,5411,0.1,6,1,2,1,-1,0,0,7.25,0
tx_06848,7476,8.919586920999915,5311,0.4,20,0,2,1,1,0,0,6.57,0
tx_06849,2239,7.7142311448490855,4829,0.8,15,1,1,1,1,0,0,0.35,0
tx_06850,34294,10.442754849933422,5311,0.4,9,0,2,1,1,0,0,4.19,0
tx_06851,4631,8.440744019252831,5691,0.35,23,1,2,1,1,0,0,0.84,0
tx_06852,6500,8.77971129020447,5812,0.45,18,1,2,1,-1,0,0,26.09,0
tx_06853,4640,8.442685139241176,4814,0.55,0,1,2,1,1,0,0,2.4,0
tx_06854,7538,8.927844826211702,6011,0.85,1,1,2,1,1,0,0,2.85,0
tx_06855,28223,10.247927958806518,6011,0.85,15,1,6,0,1,0,1,12.89,0
tx_06856,85352,11.354550876989748,5812,0.45,21,1,2,1,1,0,0,0.28,0
tx_06857,16540,9.713597426242222,6011,0.85,3,0,1,1,0,0,0,1.2,0
tx_06858,22897,10.038804849483757,5411,0.1,12,0,1,1,1,0,0,22.88,0
tx_06859,41597,10.635807368170546,5968,0.7,19,0,3,1,0,0,0,4.59,0
tx_06860,10318,9.241742135115715,5814,0.3,20,0,0,1,1,0,0,0.84,0
tx_06861,36203,10.496924888947062,5691,0.35,15,0,2,1,1,0,1,1.94,0
tx_06862,17291,9.757999245787522,4829,0.8,23,1,3,-1,1,0,0,0.98,0
tx_06863,9339,9.142061531222888,5691,0.35,22,1,1,1,1,0,0,2.2,0
tx_06864,11362,9.338117741918008,6011,0.85,20,1,6,1,1,0,1,3.1,0
tx_06865,1443,7.275172319452771,7995,0.3,16,0,0,1,1,0,0,40.11,0
tx_06866,10750,9.282754052485227,5412,0.2,23,1,2,0,1,0,0,1.33,0
tx_06867,1879,7.539027055823995,4900,0.1,0,1,1,1,1,0,0,0.92,0
tx_06868,1739,7.461640392208575,5814,0.3,2,1,3,-1,1,0,0,3.45,0
tx_06869,9783,9.188503677367008,4814,0.55,12,0,4,0,1,0,0,5.08,0
tx_06870,2827,7.947325027016463,4829,0.8,16,0,9,0,1,0,0,3.26,1
tx_06871,8090,8.99850761180784,5691,0.35,21,1,3,1,1,0,0,4.55,0
tx_06872,9290,9.136801468641313,7995,0.3,16,1,2,1,1,0,0,34.16,0
tx_06873,9692,9.179159254492609,5311,0.4,5,0,6,0,-1,0,0,1.29,0
tx_06874,3450,8.146419323098003,5412,0.2,21,1,2,-1,-1,0,0,3.85,0
tx_06875,19128,9.858960787152654,5311,0.4,1,1,6,0,1,0,1,26.74,0
tx_06876,7483,8.92052268739398,5412,0.2,2,0,2,-1,1,0,0,39.1,0
tx_06877,12384,9.42424134192346,4121,0.2,17,0,2,1,1,0,0,7.43,0
tx_06878,2614,7.869019376499023,5712,0.25,23,1,6,1,0,0,0,0.56,0
tx_06879,6876,8.835937789319836,5712,0.25,12,1,4,1,1,0,1,12.73,1
tx_06880,23100,10.047631185616188,5311,0.4,3,1,0,1,1,0,0,13.67,0
tx_06881,20473,9.926911067479717,4900,0.1,1,1,2,1,1,0,0,7.6,0
tx_06882,3819,8.24800570160062,5814,0.3,23,1,2,1,-1,0,0,2.99,0
tx_06883,4851,8.48714627006394,4829,0.8,6,0,2,1,0,0,1,2.1,1
tx_06884,3184,8.066207568006265,4121,0.2,15,0,1,1,1,0,0,15.17,0
tx_06885,4366,8.381831553485561,4121,0.2,7,1,3,1,1,0,0,8.23,0
tx_06886,2156,7.676473646389156,6011,0.85,5,1,3,1,1,0,0,18.78,0
tx_06887,7143,8.874028122556336,5411,0.1,16,1,1,1,1,0,0,3.64,0
tx_06888,14863,9.606697461053619,4814,0.55,17,1,2,1,1,0,0,8.82,0
tx_06889,3864,8.259716961021523,6011,0.85,11,0,4,0,0,0,0,1.42,0
tx_06890,7473,8.91918561004543,4829,0.8,12,1,3,1,1,1,0,1281.21,0
tx_06891,6606,8.795884972029885,5311,0.4,11,1,4,1,1,0,0,42.88,0
tx_06892,22193,10.00757726106051,4121,0.2,14,1,1,1,0,0,0,4.86,0
tx_06893,4556,8.424419791263883,5812,0.45,19,1,2,1,1,0,0,0.58,0
tx_06894,4716,8.458928283284262,5812,0.45,17,1,0,1,1,0,0,21.61,0
tx_06895,3646,8.20166019080868,5814,0.3,6,1,7,0,-1,0,0,59.99,0
tx_06896,2764,7.9247959139564355,4900,0.1,5,0,1,1,0,0,0,3.33,0
tx_06897,13466,9.507997527450042,5311,0.4,16,1,4,0,1,0,0,3.28,0
tx_06898,7164,8.876963340262272,7995,0.3,15,0,0,1,1,0,0,3.29,0
tx_06899,8580,9.057305735807121,5968,0.7,8,1,2,1,1,0,0,3.54,0
tx_06900,27339,10.216106110277941,4121,0.2,20,1,7,0,1,0,0,18.81,0
tx_06901,28873,10.27069681518976,5812,0.45,10,0,7,0,1,0,0,9.14,0
tx_06902,1705,7.441906728051625,5968,0.7,8,1,1,1,1,0,0,1.37,0
tx_06903,15072,9.62066034281053,5691,0.35,13,0,5,1,0,0,0,3.56,0
tx_06904,10092,9.219597393238859,5712,0.25,4,1,1,1,1,0,0,7.11,0
tx_06905,5254,8.566935283311052,4121,0.2,16,0,0,1,1,0,0,2.32,0
tx_06906,11120,9.316590491818841,4121,0.2,21,0,1,1,0,0,0,8.39,0
tx_06907,1580,7.365812837209472,4121,0.2,22,1,2,1,1,0,0,5.75,0
tx_06908,32685,10.394702130653004,4829,0.8,10,1,0,1,1,0,0,18.92,0
tx_06909,13285,9.494466128225186,7995,0.3,6,0,3,-1,-1,0,0,12.22,0
tx_06910,3580,8.183397369998433,5712,0.25,11,0,1,1,1,0,0,2.89,0
tx_06911,4671,8.449342524508063,5814,0.3,2,0,4,0,1,0,0,5.21,0
tx_06912,1615,7.38770923908104,5311,0.4,16,0,0,1,0,0,0,1.98,0
tx_06913,6045,8.707152175339404,7995,0.3,10,1,2,1,1,0,0,58.95,0
tx_06914,5149,8.546751993657782,4829,0.8,2,1,0,1,1,0,0,11.19,0
tx_06915,2313,7.746732907753622,6011,0.85,13,0,1,1,1,0,0,0.93,0
tx_06916,17035,9.743084031043104,4121,0.2,17,1,3,1,1,0,0,3.73,0
tx_06917,27395,10.218152296317795,4121,0.2,5,0,0,1,1,0,0,0.7,0
tx_06918,7936,8.979290649090876,4814,0.55,9,1,3,1,1,0,0,2.97,0
tx_06919,6092,8.714895850248494,5968,0.7,21,1,0,1,1,0,0,5.43,0
tx_06920,12313,9.418492105471156,4900,0.1,17,1,4,1,1,0,1,13.93,0
tx_06921,7995,8.98669669562029,5412,0.2,19,1,0,1,0,0,0,16.52,0
tx_06922,2913,7.97728198675515,5412,0.2,10,0,3,1,1,0,0,0.96,0
tx_06923,4381,8.385260520155413,5968,0.7,11,1,0,1,1,0,0,6.12,0
tx_06924,6146,8.72371943690701,5311,0.4,11,0,0,1,1,0,0,7.28,0
tx_06925,10311,9.241063544619024,4121,0.2,10,0,0,1,-1,0,1,5.49,0
tx_06926,8218,9.0142038261485,5411,0.1,3,1,6,0,1,0,1,0.81,1
tx_06927,9947,9.205126804923296,5311,0.4,0,1,1,-1,1,0,0,1.86,0
tx_06928,1913,7.5569505720129,5814,0.3,19,0,8,1,1,0,1,3.96,0
tx_06929,15323,9.63717550582054,5814,0.3,12,1,1,1,-1,0,0,12.54,0
tx_06930,8172,9.00859131751613,4814,0.55,12,1,1,-1,1,0,0,1.62,0
tx_06931,92064,11.43025012830132,5968,0.7,14,0,0,1,1,0,0,2.54,0
tx_06932,5636,8.637107288081575,4121,0.2,9,0,3,1,1,0,0,3.61,0
tx_06933,11075,9.312535884290853,5712,0.25,21,0,2,1,1,0,0,0.7,0
tx_06934,119722,11.69293602012244,5411,0.1,11,0,0,1,1,1,0,2327.08,1
tx_06935,9794,9.189627330378642,5311,0.4,12,0,0,1,1,0,0,7.81,0
tx_06936,7638,8.94102198354136,5412,0.2,12,1,2,-1,1,0,0,1.53,0
tx_06937,3189,8.06777619577889,5311,0.4,3,1,1,1,1,0,0,2.77,0
tx_06938,34788,10.45705652384095,5968,0.7,4,1,3,1,0,0,0,2.43,1
tx_06939,2708,7.904334842085095,7995,0.3,4,0,0,1,1,0,0,10.63,0
tx_06940,12221,9.410992885454862,5968,0.7,6,1,1,1,1,0,0,0.67,0
tx_06941,5194,8.555451903533328,5412,0.2,3,0,7,0,1,0,0,2.52,0
tx_06942,6804,8.825412915085566,5691,0.35,5,0,1,-1,0,0,0,30.63,0
tx_06943,2106,7.653020413804189,5412,0.2,22,1,4,0,0,0,0,18.89,0
tx_06944,29177,10.28117027963184,5968,0.7,8,0,0,1,1,0,0,17.32,0
tx_06945,6256,8.741456115998364,5691,0.35,19,1,2,0,0,0,0,25.31,0
tx_06946,2568,7.851271997109883,5412,0.2,9,0,0,1,1,0,0,1.54,0
tx_06947,26775,10.195261242891162,5411,0.1,19,0,0,1,1,0,0,22.72,0
tx_06948,5045,8.526351129201004,5411,0.1,18,0,1,1,1,0,0,0.4,0
tx_06949,11193,9.323133199451306,5691,0.35,20,1,1,1,1,0,0,2.53,0
tx_06950,18115,9.804550804676104,5812,0.45,6,1,1,1,0,0,0,10.46,0
tx_06951,12778,9.455558477608703,5412,0.2,2,1,5,0,1,0,0,6.22,0
tx_06952,1011,6.919683849847411,5968,0.7,7,0,6,0,1,0,0,6.45,0
tx_06953,15768,9.665801266405587,5968,0.7,16,0,0,1,1,0,0,1.54,0
tx_06954,7403,8.909775673693389,5412,0.2,15,0,1,1,0,0,0,0.17,0
tx_06955,5959,8.692825760059396,6011,0.85,16,1,4,1,0,0,0,7.81,0
tx_06956,7343,8.901638932300326,4829,0.8,23,1,2,1,1,1,0,1256.54,1
tx_06957,1765,7.476472381163905,7995,0.3,5,0,1,1,1,0,0,5.6,0
tx_06958,9776,9.18778796750567,5311,0.4,10,1,1,1,-1,0,0,6.6,0
tx_06959,2228,7.709308333385869,5691,0.35,11,0,1,1,0,0,0,7.65,0
tx_06960,6208,8.733755131364893,4900,0.1,3,1,1,1,1,0,0,1.78,0
tx_06961,9449,9.153770020487789,5412,0.2,15,0,2,-1,1,0,0,4.07,0
tx_06962,22595,10.025528178445153,5311,0.4,1,1,6,0,1,0,0,1.18,0
tx_06963,3739,8.226840890408578,5812,0.45,21,0,6,1,1,0,0,16.75,0
tx_06964,32344,10.384214728478085,4814,0.55,2,0,3,1,-1,0,0,0.3,0
tx_06965,20024,9.90473677193656,5968,0.7,2,0,1,1,1,0,0,3.54,0
tx_06966,5417,8.59748202264504,6011,0.85,4,0,0,1,1,0,1,39.27,0
tx_06967,2841,7.952263308657046,5691,0.35,21,1,3,0,1,0,0,8.62,0
tx_06968,2066,7.633853559681768,5691,0.35,20,0,0,1,-1,0,0,1.25,0
tx_06969,10544,9.263407092912875,5812,0.45,22,0,0,1,1,0,0,8.18,0
tx_06970,4043,8.304989580140361,4829,0.8,19,1,1,1,-1,0,0,12.85,0
tx_06971,25452,10.144588893224116,5814,0.3,22,0,2,0,1,0,0,5.98,0
tx_06972,4271,8.35983738064003,4900,0.1,11,1,5,0,1,0,0,9.73,0
tx_06973,3462,8.149890544402423,5812,0.45,0,1,0,1,1,0,0,1.12,0
tx_06974,10169,9.227197489042606,5311,0.4,10,1,2,-1,1,0,0,2.13,0
tx_06975,4245,8.353732642263202,5814,0.3,5,1,2,1,1,0,0,7.35,0
tx_06976,8212,9.013473543740192,5968,0.7,5,0,1,1,1,0,0,3.33,0
tx_06977,20782,9.941890623819074,4829,0.8,16,0,9,0,1,1,1,1482.89,1
tx_06978,9105,9.116688815894728,5712,0.25,4,0,0,1,1,0,0,1.45,0
tx_06979,9137,9.120196822123217,5412,0.2,7,0,0,1,1,0,0,26.28,0
tx_06980,9898,9.200189020919808,5311,0.4,9,0,3,1,0,0,0,5.53,0
tx_06981,1631,7.397561535524052,5712,0.25,1,0,2,1,1,0,0,15.88,0
tx_06982,11818,9.377463685012241,7995,0.3,16,1,1,1,-1,0,0,0.36,0
tx_06983,9482,9.157256000883727,4121,0.2,18,1,1,1,1,0,0,15.16,0
tx_06984,19023,9.853456618930563,7995,0.3,13,1,1,1,1,0,0,1.26,0
tx_06985,14482,9.580730826800856,5968,0.7,0,1,2,1,1,0,0,3.55,0
tx_06986,6723,8.813438494528507,5691,0.35,18,0,4,1,1,0,0,6.2,0
tx_06987,21719,9.985988774047872,5712,0.25,10,0,4,0,1,0,0,52.97,0
tx_06988,6168,8.72729202920964,5411,0.1,6,1,2,-1,0,0,1,43.61,0
tx_06989,10301,9.24009333012553,4814,0.55,22,0,0,1,1,0,0,4.54,0
tx_06990,6061,8.709795057617749,5712,0.25,20,0,2,1,1,0,0,8.2,0
tx_06991,12630,9.443909388773974,5968,0.7,10,1,3,1,0,0,0,2.4,0
tx_06992,5696,8.647694999480395,4900,0.1,10,0,4,1,-1,0,0,5.2,0
tx_06993,38962,10.570367756845354,5814,0.3,21,1,3,1,1,0,0,4.83,0
tx_06994,55363,10.921684842016592,5814,0.3,4,1,2,1,1,0,0,7.29,0
tx_06995,18684,9.835476341919584,5814,0.3,9,0,2,1,1,0,0,2.53,0
tx_06996,35221,10.469426166355031,5311,0.4,13,0,1,-1,-1,0,0,8.94,0
tx_06997,1887,7.543273346705446,5411,0.1,8,0,0,1,1,0,0,7.69,0
tx_06998,2111,7.655390644826152,5411,0.1,7,0,4,1,1,0,0,1.37,0
tx_06999,6001,8.699848026000312,5968,0.7,2,0,5,0,1,0,0,4.35,0
tx_07000,8470,9.044403844431551,6011,0.85,6,0,3,0,1,1,1,4770.62,1
tx_07001,6747,8.817001443665859,5411,0.1,8,1,2,1,1,0,0,57.13,0
tx_07002,1712,7.44600149832412,7995,0.3,20,1,5,1,1,0,0,23.01,0
tx_07003,24323,10.09921879624,5691,0.35,8,1,1,1,-1,0,0,16.13,0
tx_07004,63048,11.051667480839056,5411,0.1,3,0,0,1,0,0,0,2.73,0
tx_07005,27505,10.222159441674654,4121,0.2,20,0,5,0,1,0,0,45.26,0
tx_07006,22843,10.036443779784754,5712,0.25,8,0,3,1,0,0,0,3.28,0
tx_07007,10097,9.22009266341886,5812,0.45,22,1,1,1,1,0,0,2.11,0
tx_07008,3657,8.204671828950811,7995,0.3,2,1,0,1,1,0,0,75.21,0
tx_07009,8726,9.074176947163311,5814,0.3,0,0,1,1,1,0,0,11.04,0
tx_07010,60203,11.005494074272253,4121,0.2,22,1,7,0,-1,0,0,1.93,0
tx_07011,5830,8.670943791222156,5691,0.35,2,1,9,1,1,0,0,3.12,0
tx_07012,5287,8.573195381531523,5814,0.3,0,1,5,0,1,0,0,12.64,0
tx_07013,23321,10.057152400080279,5412,0.2,15,1,6,0,1,0,0,3.45,0
tx_07014,24839,10.120210536047415,5412,0.2,7,1,1,1,1,0,0,4.45,0
tx_07015,3640,8.200013648175434,5968,0.7,11,1,0,1,1,0,0,37.28,0
tx_07016,6353,8.756839814829462,5712,0.25,9,0,2,1,1,0,0,2.24,0
tx_07017,5056,8.528528701079983,5812,0.45,7,0,4,1,1,0,0,2.84,0
tx_07018,8703,9.071537969095724,5412,0.2,11,1,0,1,0,0,0,142.15,0
tx_07019,23241,10.05371626578282,4900,0.1,6,0,1,1,1,0,0,8.8,0
tx_07020,3795,8.241703159729818,5691,0.35,5,0,7,1,1,0,0,9.09,0
tx_07021,22933,10.04037580459825,7995,0.3,5,1,4,-1,0,0,0,31.6,0
tx_07022,8971,9.101863895640099,5712,0.25,2,0,2,1,1,0,0,9.93,0
tx_07023,74240,11.215071837196952,5812,0.45,12,1,2,0,1,0,0,24.37,0
tx_07024,11027,9.308192772143688,4814,0.55,13,1,3,-1,1,0,0,0.92,0
tx_07025,7429,8.913281137711804,7995,0.3,0,0,2,1,1,0,0,9.0,0
tx_07026,14061,9.551231402759107,4900,0.1,11,1,2,1,1,0,0,4.09,0
tx_07027,5913,8.685077700412423,7995,0.3,17,1,1,1,1,0,0,9.24,0
tx_07028,1480,7.300472814267799,5412,0.2,0,1,12,0,1,0,0,0.36,0
tx_07029,6481,8.776784383701493,6011,0.85,7,0,6,0,1,0,0,0.89,0
tx_07030,6385,8.761863373274727,6011,0.85,23,1,8,0,1,0,0,4.72,0
tx_07031,1794,7.492760300922379,5814,0.3,10,0,1,1,1,0,0,12.24,0
tx_07032,7599,8.935903526274423,6011,0.85,0,1,3,0,1,0,0,1.04,0
tx_07033,1143,7.042286171939743,5712,0.25,12,1,5,1,1,0,0,2.58,0
tx_07034,5854,8.675051276031818,5968,0.7,9,0,4,1,-1,0,0,7.66,0
tx_07035,10266,9.236690147298965,4829,0.8,5,0,1,1,1,0,0,4.44,0
tx_07036,8931,9.097395612960048,4121,0.2,1,1,1,1,1,0,0,17.25,0
tx_07037,5512,8.614864218589684,5691,0.35,21,0,1,1,1,0,0,19.59,0
tx_07038,7509,8.92399074475818,5968,0.7,19,0,9,0,0,0,0,1.41,0
tx_07039,3867,8.260492856573185,5814,0.3,16,0,3,1,0,0,0,4.5,0
tx_07040,8229,9.015541293671115,5691,0.35,0,0,1,-1,1,0,0,2.66,0
tx_07041,8607,9.060447282401565,5691,0.35,20,1,1,1,-1,0,0,22.8,0
tx_07042,3463,8.150179269682326,5712,0.25,11,1,0,1,1,0,0,14.69,0
tx_07043,10504,9.2596066132791,6011,0.85,11,0,0,1,0,1,0,3675.62,1
tx_07044,10442,9.253687176479549,5968,0.7,21,0,2,1,1,0,0,26.02,0
tx_07045,6955,8.847359875474174,4814,0.55,10,0,1,1,1,0,0,1.02,0
tx_07046,81240,11.30517532482585,5712,0.25,5,1,3,1,1,0,0,2.87,0
tx_07047,7126,8.871645667501872,5411,0.1,5,0,5,1,1,0,0,1.35,0
tx_07048,6247,8.740016691519521,5968,0.7,22,1,1,1,0,0,1,2.9,0
tx_07049,5453,8.604104563405533,5691,0.35,13,0,0,1,0,0,0,0.34,0
tx_07050,3238,8.08301991917133,7995,0.3,13,1,1,1,1,0,0,4.94,0
tx_07051,15627,9.656819456174961,5412,0.2,14,0,2,1,1,0,0,0.63,0
tx_07052,4244,8.353497098745448,5812,0.45,5,1,9,1,-1,0,0,2.78,0
tx_07053,4749,8.465899897028686,4814,0.55,10,0,8,1,0,0,0,19.84,0
tx_07054,4885,8.494129251817686,7995,0.3,22,0,8,0,1,0,0,6.02,0
tx_07055,3195,8.069655306886165,4829,0.8,3,0,3,1,1,0,0,72.23,0
tx_07056,1543,7.342131730584722,5411,0.1,22,1,1,1,1,0,0,18.12,0
tx_07057,5247,8.565602330623925,5968,0.7,6,1,5,0,1,1,0,540.56,0
tx_07058,18673,9.834887461043872,7995,0.3,7,1,2,1,0,0,0,2.56,0
tx_07059,9821,9.19238004659919,5412,0.2,0,0,6,0,1,0,0,3.56,0
tx_07060,35872,10.487740202378962,5412,0.2,15,0,1,0,1,0,0,9.36,0
tx_07061,16624,9.718662865524054,4121,0.2,7,0,10,0,1,0,0,2.72,0
tx_07062,13399,9.503009985939002,7995,0.3,11,1,7,0,1,0,0,5.04,0
tx_07063,48712,10.793701213900164,4121,0.2,13,1,2,1,1,0,0,19.27,0
tx_07064,7427,8.913011922472597,4121,0.2,15,0,3,1,0,0,0,5.88,0
tx_07065,8648,9.065198986306513,5412,0.2,22,0,2,1,-1,0,1,0.87,0
tx_07066,8057,8.994420665751292,4121,0.2,13,0,1,1,1,0,0,11.38,0
tx_07067,35305,10.471808200149228,4829,0.8,4,0,1,1,1,0,0,2.99,0
tx_07068,8165,9.007734471879521,5712,0.25,16,0,2,1,1,0,0,2.64,0
tx_07069,4400,8.38958706681109,5812,0.45,1,1,5,-1,0,0,0,91.21,0
tx_07070,14235,9.563529246630083,5311,0.4,20,0,3,1,0,0,1,5.93,0
tx_07071,3751,8.230044310126114,5968,0.7,7,1,0,1,1,0,1,61.53,0
tx_07072,13521,9.512073267650623,5712,0.25,17,0,6,1,1,0,0,2.02,0
tx_07073,12068,9.398395460617898,4900,0.1,3,1,0,1,0,0,0,2.22,0
tx_07074,6804,8.825412915085566,5812,0.45,9,1,2,1,1,0,0,2.81,0
tx_07075,13942,9.54273286919502,5712,0.25,16,1,2,1,1,0,0,4.4,0
tx_07076,1982,7.592366128519796,5968,0.7,14,0,1,-1,1,0,0,3.46,0
tx_07077,9509,9.160099155539436,4829,0.8,0,1,2,1,1,0,0,1.51,0
tx_07078,5248,8.5657928612523,4900,0.1,0,0,4,1,1,0,0,15.37,0
tx_07079,123540,11.724328363761407,5311,0.4,23,0,1,1,1,0,0,5.59,0
tx_07080,9445,9.153346650456063,5311,0.4,12,0,1,1,1,0,0,13.68,0
tx_07081,4622,8.438799123988225,6011,0.85,20,0,1,1,1,0,0,7.32,0
tx_07082,2199,7.696212639346407,5814,0.3,1,0,2,1,1,0,1,106.95,0
tx_07083,28150,10.24533815691556,5691,0.35,11,1,3,1,1,0,0,5.95,0
tx_07084,5841,8.672828482947686,5691,0.35,13,0,2,1,1,0,0,16.16,0
tx_07085,3841,8.253748343328501,6011,0.85,22,0,4,0,1,0,0,23.62,0
tx_07086,11211,9.324739912284679,5412,0.2,17,1,8,0,1,0,0,1.23,0
tx_07087,15099,9.622450022803015,4900,0.1,15,1,4,1,-1,0,0,1.41,0
tx_07088,14875,9.60750445504496,4814,0.55,7,1,2,1,1,0,0,1.51,0
tx_07089,8299,9.02401079378469,5311,0.4,23,0,5,0,1,0,0,3.21,0
tx_07090,9475,9.156517565278676,5812,0.45,7,0,1,1,0,0,0,3.47,0
tx_07091,10154,9.225721474014485,5412,0.2,6,0,2,1,1,0,0,6.65,0
tx_07092,11212,9.324829098460881,5411,0.1,17,1,0,1,1,0,0,33.95,0
tx_07093,12195,9.408863308108145,5412,0.2,23,1,1,1,1,0,0,0.74,0
tx_07094,23038,10.044943711090122,7995,0.3,20,1,2,-1,1,0,0,0.78,0
tx_07095,8594,9.05893591781695,7995,0.3,4,1,4,1,1,0,0,2.5,0
tx_07096,3749,8.229511118964457,4829,0.8,19,0,0,1,1,0,0,1.55,0
tx_07097,7102,8.86827250899781,4814,0.55,8,1,4,1,1,0,0,0.82,0
tx_07098,16668,9.721305985943088,4900,0.1,5,0,1,1,1,0,0,3.33,0
tx_07099,1492,7.30854279753919,5968,0.7,22,0,9,0,0,0,0,6.59,0
tx_07100,1500,7.313886831633462,5412,0.2,22,1,1,1,1,0,0,4.56,0
tx_07101,19488,9.877605482822025,6011,0.85,8,0,2,0,1,0,0,2.55,0
tx_07102,34520,10.449323113491568,5812,0.45,0,0,1,1,1,0,1,5.05,0
tx_07103,2448,7.803435056952168,5691,0.35,5,1,3,-1,1,0,0,0.63,0
tx_07104,8961,9.100748695346088,4900,0.1,12,0,7,0,1,0,0,11.6,0
tx_07105,5573,8.625868208041894,5311,0.4,1,0,0,1,1,0,0,4.99,0
tx_07106,6357,8.757469141470748,4829,0.8,5,0,6,0,1,0,0,7.69,0
tx_07107,10888,9.29550838434606,5691,0.35,3,1,1,1,1,0,0,5.44,0
tx_07108,2385,7.777373602657861,4900,0.1,22,1,0,1,0,0,0,0.73,0
tx_07109,2845,7.953669778649798,5311,0.4,8,1,2,1,1,0,0,2.94,0
tx_07110,6118,8.71915396346254,4121,0.2,9,0,4,1,1,0,0,26.05,0
tx_07111,7094,8.867145589594143,5968,0.7,10,0,3,-1,1,0,0,10.28,1
tx_07112,2795,7.935945103353701,7995,0.3,0,0,5,0,1,0,0,3.91,0
tx_07113,17246,9.7553934942914,5412,0.2,13,0,1,1,1,0,0,13.39,0
tx_07114,5478,8.608677881538416,5691,0.35,21,1,0,-1,1,0,0,17.07,0
tx_07115,5456,8.604654467186231,6011,0.85,19,1,1,1,1,0,0,26.64,0
tx_07116,10654,9.273784544532717,5691,0.35,6,1,2,1,-1,0,0,13.08,0
tx_07117,7206,8.88280805492444,5712,0.25,0,0,2,0,0,0,0,29.67,0
tx_07118,18048,9.800845560564248,5411,0.1,18,0,1,1,1,0,0,5.41,0
tx_07119,3356,8.118802996980035,5691,0.35,20,0,4,0,0,0,0,15.44,1
tx_07120,2160,7.6783263565068856,5691,0.35,22,1,0,1,1,0,1,1.5,0
tx_07121,6069,8.711113884053544,5812,0.45,13,1,0,1,0,0,0,12.99,1
tx_07122,8625,9.062536177207788,5712,0.25,11,0,3,1,1,0,0,6.4,0
tx_07123,2506,7.826842098158293,5691,0.35,18,0,0,1,1,0,0,10.45,0
tx_07124,2179,7.687080155783135,4814,0.55,16,0,1,1,1,0,0,22.64,0
tx_07125,9685,9.178436822963175,6011,0.85,18,1,1,1,1,0,0,1.69,0
tx_07126,3965,8.285513309079741,6011,0.85,6,0,0,1,1,0,1,28.69,0
tx_07127,2049,7.6255950721324535,4829,0.8,21,0,12,0,1,0,0,11.35,0
tx_07128,20379,9.922309306776716,5311,0.4,0,0,1,1,1,0,0,7.15,0
tx_07129,4469,8.405143687607614,7995,0.3,2,0,3,1,1,0,0,1.19,0
tx_07130,24282,10.097531796025063,5311,0.4,15,0,2,1,1,0,0,2.44,0
tx_07131,8368,9.032289682032873,5968,0.7,13,1,2,1,1,0,0,15.53,0
tx_07132,10777,9.285262298493443,5968,0.7,13,0,1,1,1,0,0,5.04,0
tx_07133,6662,8.804325112562537,6011,0.85,21,0,0,1,1,0,0,20.59,0
tx_07134,654,6.484635235635252,4121,0.2,20,0,2,1,1,0,0,13.57,0
tx_07135,2766,7.925518979786926,5412,0.2,17,1,0,-1,1,0,0,2.06,0
tx_07136,7228,8.885855993000296,5691,0.35,3,1,2,1,1,0,0,4.84,0
tx_07137,11518,9.351753124926507,5968,0.7,2,0,7,1,1,0,0,4.46,0
tx_07138,1488,7.305860032684009,4900,0.1,3,1,3,1,-1,0,0,14.79,0
tx_07139,7741,8.954415331137593,5311,0.4,14,1,3,1,1,0,0,5.55,0
tx_07140,2805,7.939515260662406,4829,0.8,17,1,2,1,1,0,0,4.74,0
tx_07141,10179,9.228180290104513,5814,0.3,19,1,2,1,1,0,0,8.68,0
tx_07142,7996,8.98682175033189,7995,0.3,2,0,2,1,1,0,0,3.7,0
tx_07143,16506,9.71153981234754,4814,0.55,6,1,7,0,1,0,0,13.49,0
tx_07144,22441,10.018689482224811,4900,0.1,8,1,2,1,1,1,0,1115.26,0
tx_07145,12597,9.441293350181875,5311,0.4,15,0,6,0,-1,0,0,22.67,0
tx_07146,18445,9.822602823795664,6011,0.85,1,1,0,1,1,0,1,13.11,0
tx_07147,5839,8.672486075822272,5412,0.2,20,0,1,1,1,0,0,6.51,0
tx_07148,119030,11.68713924237002,4900,0.1,1,0,3,1,1,0,0,29.69,0
tx_07149,2559,7.847762537473608,5311,0.4,12,0,5,0,1,0,0,2.57,0
tx_07150,4933,8.503905297089302,5712,0.25,22,0,3,1,1,0,0,6.28,0
tx_07151,19177,9.861519067713626,5411,0.1,4,1,0,1,1,0,0,6.02,0
tx_07152,16651,9.720285608314866,4814,0.55,16,0,1,1,-1,0,0,8.39,0
tx_07153,12941,9.468233115617211,5968,0.7,13,1,1,-1,1,0,0,2.66,0
tx_07154,15471,9.646787217693076,5411,0.1,19,0,0,1,1,0,0,6.03,0
tx_07155,1125,7.026426808699636,4900,0.1,14,1,1,1,0,0,0,2.56,0
tx_07156,36864,10.515017870423751,5814,0.3,20,0,0,-1,-1,1,0,4207.94,1
tx_07157,6711,8.811652248147043,5814,0.3,9,0,7,0,-1,0,0,4.29,0
tx_07158,26603,10.188816859404312,4829,0.8,3,1,0,1,1,0,0,7.08,0
tx_07159,1180,7.074116816197362,4814,0.55,16,0,1,1,0,0,0,1.49,0
tx_07160,10393,9.248983995568388,4121,0.2,23,1,2,1,1,0,1,3.35,0
tx_07161,4769,8.470101583882387,5814,0.3,10,0,0,-1,0,0,0,9.75,0
tx_07162,14026,9.54873932271967,5712,0.25,19,0,4,1,1,0,0,11.4,0
tx_07163,11008,9.306468399070404,5968,0.7,21,0,7,0,1,0,0,12.69,0
tx_07164,11532,9.35296777022594,5712,0.25,15,0,2,1,1,0,0,1.51,0
tx_07165,2979,7.9996785794994505,5411,0.1,18,0,1,-1,1,0,0,75.71,0
tx_07166,7716,8.951180966457603,5712,0.25,13,1,1,1,1,0,0,0.81,0
tx_07167,6864,8.834191318202071,5814,0.3,19,0,1,1,-1,0,0,4.03,0
tx_07168,13039,9.475776835480644,5411,0.1,8,0,4,0,0,0,0,0.32,0
tx_07169,20848,9.945061264446057,6011,0.85,12,0,3,-1,0,0,0,1.53,0
tx_07170,9397,9.14825217966276,6011,0.85,1,1,2,-1,1,0,0,1.74,0
tx_07171,2423,7.793174347189205,5968,0.7,4,1,0,1,1,0,0,22.78,0
tx_07172,9022,9.107532151994501,7995,0.3,13,0,1,1,1,0,0,37.83,0
tx_07173,97313,11.485698142715744,5411,0.1,17,0,7,0,1,0,0,6.6,0
tx_07174,38905,10.568903759357763,4814,0.55,0,0,4,1,1,0,0,2.82,0
tx_07175,483,6.182084906716632,5412,0.2,1,0,3,1,1,0,0,0.23,0
tx_07176,8650,9.065430200180375,5814,0.3,0,0,1,1,1,0,0,1.89,0
tx_07177,19746,9.89075686005731,5814,0.3,12,1,3,1,1,0,0,0.55,0
tx_07178,6850,8.832149906002899,5411,0.1,8,0,1,1,1,0,0,2.23,0
tx_07179,5261,8.568266461600238,5311,0.4,1,1,1,1,1,0,0,3.37,0
tx_07180,6321,8.751790892775563,5412,0.2,19,1,2,-1,1,0,0,6.4,0
tx_07181,13763,9.529811766917371,5968,0.7,12,0,0,1,1,0,0,3.94,0
tx_07182,2736,7.914617709040679,4121,0.2,0,1,1,1,1,0,0,2.86,0
tx_07183,25196,10.134480218793737,5311,0.4,16,1,1,1,0,0,0,2.71,0
tx_07184,7723,8.952087643548404,4900,0.1,21,0,1,1,1,0,0,4.19,0
tx_07185,3351,8.117312461601975,5968,0.7,10,0,9,0,1,0,0,18.34,0
tx_07186,23702,10.073356901390843,5412,0.2,22,1,3,0,1,0,0,11.22,0
tx_07187,1877,7.537962659768208,4814,0.55,10,1,0,1,1,0,0,2.23,0
tx_07188,4806,8.47782846789396,4900,0.1,1,1,2,-1,1,0,0,3.33,0
tx_07189,4732,8.462314529906248,4121,0.2,2,1,2,1,0,0,0,52.08,0
tx_07190,62437,11.041929343366853,5412,0.2,1,0,12,0,0,0,0,2.41,0
tx_07191,4249,8.354674261918463,7995,0.3,7,0,0,-1,1,0,0,10.83,0
tx_07192,1051,6.9584483932976555,5691,0.35,9,0,2,0,1,0,0,16.18,0
tx_07193,4687,8.452761331256848,6011,0.85,10,1,0,1,1,0,0,5.1,0
tx_07194,12556,9.438033557988964,5814,0.3,11,1,1,1,-1,0,1,2.28,0
tx_07195,17155,9.75010324563677,6011,0.85,20,0,1,1,-1,0,0,0.52,0
tx_07196,70819,11.167896725665894,5311,0.4,0,1,4,1,-1,0,1,10.25,0
tx_07197,30999,10.341742483467284,7995,0.3,21,0,1,1,1,0,0,6.52,0
tx_07198,9737,9.183791036742646,4900,0.1,5,1,3,1,0,0,0,2.08,0
tx_07199,3492,8.158516244806831,5412,0.2,22,0,2,1,1,0,0,9.51,0
tx_07200,38101,10.54802205317538,5812,0.45,3,1,1,1,1,0,0,5.86,0
tx_07201,5739,8.655214489313613,5311,0.4,2,0,0,1,1,0,0,1.96,0
tx_07202,4359,8.38022733634308,4900,0.1,2,1,1,1,1,0,0,0.89,0
tx_07203,5480,8.609042845046117,4814,0.55,7,0,2,1,1,0,0,2.96,0
tx_07204,2479,7.8160138391590275,4121,0.2,22,1,3,1,1,0,0,27.6,0
tx_07205,5236,8.563504094279487,5691,0.35,11,0,6,0,1,0,0,11.17,0
tx_07206,6527,8.783855896643942,7995,0.3,3,1,4,1,1,0,0,7.87,0
tx_07207,16306,9.699349742461278,4900,0.1,15,0,1,1,1,0,0,8.3,0
tx_07208,5634,8.636752426473876,5412,0.2,12,0,9,0,1,1,0,1217.79,0
tx_07209,2443,7.8013913202914855,7995,0.3,16,0,1,1,1,0,0,2.78,0
tx_07210,1775,7.4821189235521155,5814,0.3,17,0,1,1,1,0,0,5.36,0
tx_07211,9939,9.20432229965062,4121,0.2,18,0,8,0,1,0,0,4.61,0
tx_07212,8727,9.074291527512907,5691,0.35,3,0,6,0,0,0,0,1.39,0
tx_07213,4811,8.47886807709457,4829,0.8,11,0,1,1,1,0,0,1.3,0
tx_07214,5224,8.561210076833012,4900,0.1,15,1,3,1,0,0,0,4.5,0
tx_07215,11781,9.374328222081633,4900,0.1,13,0,5,0,-1,0,0,2.74,0
tx_07216,30522,10.326235776766852,5712,0.25,23,1,2,1,0,0,0,3.55,0
tx_07217,3882,8.264363329731667,4829,0.8,23,0,3,1,1,0,0,3.92,0
tx_07218,8863,9.089753408987065,4900,0.1,19,0,5,1,1,0,0,26.57,0
tx_07219,20242,9.915564333761576,4900,0.1,5,1,3,1,1,0,0,2.87,0
tx_07220,3897,8.268218880067506,5311,0.4,12,1,2,1,-1,0,0,8.89,0
tx_07221,8025,8.990441550826862,5812,0.45,19,1,1,0,1,0,0,1.39,0
tx_07222,7856,8.969160133175821,5411,0.1,6,0,2,1,1,0,0,26.08,0
tx_07223,2344,7.76004068088038,5311,0.4,17,0,1,-1,1,0,0,40.81,0
tx_07224,9559,9.165343006045447,5691,0.35,5,1,11,0,0,0,0,3.1,1
tx_07225,8393,9.035272443893536,5712,0.25,3,0,9,0,1,0,0,1.1,0
tx_07226,13801,9.532568788180548,4121,0.2,5,0,6,0,1,0,0,0.62,0
tx_07227,2638,7.878155336503324,6011,0.85,22,1,1,1,1,0,0,6.17,0
tx_07228,8223,9.014811987694946,6011,0.85,23,1,3,1,0,0,0,3.46,0
tx_07229,30267,10.317846327814411,5712,0.25,20,1,0,1,-1,0,0,26.68,0
tx_07230,58618,10.978814155095153,5712,0.25,6,1,0,1,1,0,0,7.06,0
tx_07231,27482,10.221322910683318,5812,0.45,18,1,3,1,1,0,0,2.19,0
tx_07232,2662,7.887208585813932,5412,0.2,5,1,6,0,1,0,1,14.79,0
tx_07233,12502,9.433723894495,5411,0.1,3,1,3,0,1,0,0,0.4,0
tx_07234,5147,8.546363568716018,5311,0.4,6,1,3,1,1,0,0,4.8,0
tx_07235,10667,9.275003885301905,4829,0.8,3,1,0,1,1,0,0,5.47,0
tx_07236,3911,8.271804031154709,5968,0.7,15,1,1,1,1,0,0,8.98,0
tx_07237,1599,7.3777589082278725,5311,0.4,16,0,5,0,0,0,0,2.59,0
tx_07238,5872,8.67812085552252,4900,0.1,0,0,2,-1,1,0,0,4.14,0
tx_07239,16182,9.691716587516886,7995,0.3,2,0,1,1,1,0,0,2.66,0
tx_07240,10708,9.278839788400875,5691,0.35,11,1,1,1,1,0,0,9.11,0
tx_07241,11944,9.38806805975991,5712,0.25,2,1,2,0,1,0,0,12.11,0
tx_07242,10004,9.210840247017833,4900,0.1,19,1,5,1,1,0,1,1.8,0
tx_07243,11962,9.389573832170905,4900,0.1,9,1,5,0,1,0,0,11.81,0
tx_07244,13470,9.508294505698569,5814,0.3,9,1,3,1,1,0,0,1.17,0
tx_07245,6274,8.744328763999984,5412,0.2,0,1,1,1,1,0,0,3.67,0
tx_07246,8812,9.08398318309966,4829,0.8,16,0,1,1,1,0,0,14.45,0
tx_07247,42671,10.661298246421795,5968,0.7,17,1,6,0,1,0,0,2.83,0
tx_07248,9322,9.140239744296693,5411,0.1,18,1,2,1,1,0,0,2.77,0
tx_07249,8481,9.045701550034536,5812,0.45,12,0,5,0,1,0,0,6.25,0
tx_07250,8981,9.102977853647683,5311,0.4,6,1,7,0,1,0,0,0.13,0
tx_07251,6622,8.798303718484979,5691,0.35,1,0,9,0,1,0,0,2.12,0
tx_07252,5386,8.591743922680534,5814,0.3,7,0,1,-1,1,0,0,3.1,0
tx_07253,9931,9.203517146628057,6011,0.85,13,1,7,0,1,0,0,3.79,0
tx_07254,5038,8.524962928680598,4829,0.8,2,0,7,0,1,0,0,6.37,0
tx_07255,7093,8.867004635333567,5812,0.45,1,1,0,1,1,0,0,4.71,0
tx_07256,3844,8.254528881939745,6011,0.85,5,1,3,0,1,0,0,21.44,0
tx_07257,9025,9.107864580386947,5712,0.25,1,1,1,-1,1,0,0,40.37,0
tx_07258,14188,9.560222295507314,4829,0.8,0,1,4,1,1,0,0,4.36,0
tx_07259,6660,8.804024902413179,4829,0.8,11,1,1,1,1,0,0,2.25,0
tx_07260,1209,7.098375638590786,4829,0.8,17,0,0,1,1,0,0,22.15,0
tx_07261,14272,9.566124919629768,4814,0.55,11,1,8,0,1,0,0,3.63,0
tx_07262,9130,9.11943049661634,5814,0.3,2,1,3,-1,1,0,0,2.3,0
tx_07263,3170,8.061802274538348,7995,0.3,8,0,5,1,0,0,0,13.07,0
tx_07264,16980,9.739850350946302,5691,0.35,0,0,0,-1,1,0,0,5.05,0
tx_07265,2157,7.67693714581808,5712,0.25,14,0,1,1,-1,0,0,13.72,0
tx_07266,21989,9.998343083548807,5814,0.3,5,0,1,1,1,0,0,2.12,0
tx_07267,7713,8.950792138768174,5411,0.1,9,0,1,-1,1,0,0,3.53,0
tx_07268,944,6.851184927493743,5412,0.2,21,1,1,-1,1,0,0,13.63,0
tx_07269,9649,9.174713194333032,5712,0.25,14,0,1,1,1,0,0,0.35,0
tx_07270,5537,8.619388703730907,5311,0.4,18,1,5,-1,1,0,0,2.82,0
tx_07271,4799,8.476371196895983,4121,0.2,8,1,5,0,-1,0,0,16.67,0
tx_07272,4041,8.304494897963567,5691,0.35,22,1,6,0,1,0,0,3.67,0
tx_07273,7218,8.88447171813916,5968,0.7,17,0,5,0,-1,1,0,4080.93,1
tx_07274,5137,8.544419177669829,4814,0.55,12,0,2,1,0,0,0,2.04,0
tx_07275,1396,7.242082359256962,4900,0.1,13,1,1,1,1,0,0,6.65,0
tx_07276,27273,10.21368914641778,4900,0.1,14,1,2,1,-1,0,0,3.48,0
tx_07277,6458,8.773229786032473,5968,0.7,3,0,1,1,1,0,0,0.7,0
tx_07278,4064,8.310169021981912,5691,0.35,6,0,1,1,0,0,0,3.32,0
tx_07279,2788,7.933438387627489,5691,0.35,16,1,0,1,1,0,0,2.84,0
tx_07280,16939,9.737432968206045,5812,0.45,10,1,2,1,1,0,1,2.29,0
tx_07281,2372,7.771910256435763,4900,0.1,18,0,1,1,1,0,0,1.72,0
tx_07282,9251,9.13259502335133,5812,0.45,12,0,5,1,0,0,1,26.64,1
tx_07283,4678,8.450839690866216,4121,0.2,1,1,1,1,-1,0,0,2.19,0
tx_07284,4944,8.506132244056813,4814,0.55,15,0,1,1,1,0,0,7.34,0
tx_07285,2855,7.957177323459475,5968,0.7,14,0,1,1,1,0,0,4.26,0
tx_07286,4518,8.41604600941128,5812,0.45,8,0,1,1,1,0,1,13.43,0
tx_07287,8214,9.01371703047137,4829,0.8,18,0,4,0,0,0,0,39.66,0
tx_07288,10185,9.22876950744455,5412,0.2,8,1,0,1,1,0,0,31.67,0
tx_07289,3862,8.259199362666282,4121,0.2,2,0,0,1,1,0,0,2.62,0
tx_07290,7471,8.918917979908679,5812,0.45,2,1,1,-1,1,0,0,9.71,0
tx_07291,18943,9.849242537683732,5814,0.3,21,1,8,0,-1,0,0,20.44,0
tx_07292,1679,7.426549072397305,4900,0.1,9,0,1,1,0,0,0,3.5,0
tx_07293,8097,8.999372396592106,5311,0.4,9,1,1,1,1,0,0,16.68,0
tx_07294,3301,8.102283624480073,4900,0.1,7,0,0,1,1,0,0,5.14,0
tx_07295,2996,8.005367067316664,5411,0.1,17,1,0,1,0,0,0,1.06,0
tx_07296,10437,9.25320827220336,4900,0.1,14,0,3,0,1,0,0,53.75,0
tx_07297,4852,8.487352349405215,4900,0.1,21,1,1,1,1,0,0,0.62,0
tx_07298,2564,7.84971375760487,5412,0.2,21,1,1,-1,-1,0,0,0.95,0
tx_07299,28659,10.263257701382162,6011,0.85,23,0,4,1,1,0,0,2.82,0
tx_07300,19521,9.879297313734911,5814,0.3,7,0,5,-1,-1,0,0,14.9,0
tx_07301,1299,7.170119543449628,5311,0.4,14,0,2,1,1,0,0,10.02,0
tx_07302,2007,7.60489448081162,7995,0.3,8,1,3,1,1,0,0,48.09,0
tx_07303,14313,9.568993358298544,4829,0.8,16,0,1,1,-1,0,0,16.62,0
tx_07304,6214,8.734721003944811,6011,0.85,17,1,4,1,1,1,0,721.08,0
tx_07305,33885,10.430757228718052,5311,0.4,6,0,1,1,0,0,0,21.24,0
tx_07306,14628,9.590761138978086,5691,0.35,20,0,7,0,0,0,0,3.54,0
tx_07307,10826,9.289798293310898,4829,0.8,6,0,1,1,1,0,0,5.72,1
tx_07308,3085,8.034631032923107,5814,0.3,23,0,2,1,1,0,0,2.75,0
tx_07309,12991,9.472089062401459,5311,0.4,20,1,3,1,1,0,0,17.96,0
tx_07310,2424,7.793586803371584,6011,0.85,0,1,2,1,0,0,0,3.22,0
tx_07311,28146,10.245196055952587,4814,0.55,9,1,1,1,0,0,0,1.01,0
tx_07312,12164,9.406318255217624,5691,0.35,9,1,4,1,1,0,0,1.0,0
tx_07313,3720,8.221747728346623,4829,0.8,19,0,6,0,1,0,0,1.29,0
tx_07314,17494,9.769670404801788,6011,0.85,17,1,0,1,1,0,0,8.77,0
tx_07315,68502,11.134632818911754,5411,0.1,1,1,3,-1,1,0,0,4.05,0
tx_07316,6624,8.798605650854423,5812,0.45,20,0,1,1,1,0,0,5.07,0
tx_07317,13740,9.528139343331775,6011,0.85,5,1,1,1,-1,0,0,7.87,0
tx_07318,5404,8.595079730073309,5691,0.35,8,1,3,1,1,0,0,9.07,0
tx_07319,8833,9.086363192156472,4121,0.2,4,0,2,1,1,0,0,3.33,0
tx_07320,1946,7.5740450053721995,4900,0.1,3,1,0,1,1,0,0,4.36,0
tx_07321,8141,9.004791129062925,4829,0.8,12,1,0,1,1,0,0,2.83,0
tx_07322,8489,9.046644279305394,6011,0.85,2,0,0,1,1,0,0,7.6,0
tx_07323,44991,10.714239975170337,6011,0.85,1,1,4,0,0,0,0,4.33,0
tx_07324,1480,7.300472814267799,5412,0.2,18,0,2,-1,1,0,0,1.7,0
tx_07325,6237,8.738414897167749,6011,0.85,8,1,1,1,0,0,0,5.48,0
tx_07326,27692,10.22893495265826,4900,0.1,15,0,1,1,1,0,1,11.02,0
tx_07327,6474,8.775703886567738,5812,0.45,23,1,3,1,1,0,0,40.74,0
tx_07328,6922,8.842604480678025,5411,0.1,1,1,2,1,1,0,0,1.2,0
tx_07329,3691,8.213923595622743,4900,0.1,19,0,0,1,1,0,0,1.05,0
tx_07330,3358,8.119398589612294,4900,0.1,2,0,1,1,1,0,1,0.88,0
tx_07331,1437,7.271008538280992,5411,0.1,18,0,8,0,1,0,0,2.29,0
tx_07332,4480,8.407601514786142,5311,0.4,7,1,5,1,1,0,0,3.91,0
tx_07333,3182,8.065579427282092,4829,0.8,3,1,5,-1,1,0,0,2.86,0
tx_07334,9112,9.117457244496126,5311,0.4,5,1,6,0,1,0,0,0.87,0
tx_07335,3854,8.25712628599743,4814,0.55,8,0,2,1,1,0,0,27.51,0
tx_07336,5164,8.549660381553739,7995,0.3,17,1,3,1,-1,0,0,0.53,0
tx_07337,5301,8.57583938684897,5411,0.1,16,0,1,1,1,0,0,41.33,0
tx_07338,7781,8.9595686535445,4814,0.55,17,1,0,1,0,0,0,9.73,0
tx_07339,4930,8.503297086224126,5712,0.25,0,0,4,1,1,0,0,27.42,0
tx_07340,2970,7.9966538754626075,6011,0.85,23,1,1,1,1,0,0,1.5,0
tx_07341,8837,9.086815885690685,5411,0.1,10,0,3,1,1,0,0,3.22,0
tx_07342,22455,10.019313118041719,5968,0.7,2,1,3,1,1,0,1,3.85,0
tx_07343,9202,9.127284796838858,5712,0.25,22,0,1,1,1,0,0,2.88,0
tx_07344,4563,8.425954710981966,5814,0.3,19,1,8,0,1,0,0,6.61,0
tx_07345,7246,8.888342869109282,5311,0.4,1,1,1,-1,1,0,0,6.71,0
tx_07346,1161,7.057897937411856,4121,0.2,10,0,7,0,1,0,0,1.7,0
tx_07347,7135,8.872907674259846,5311,0.4,21,1,1,1,1,0,0,48.07,0
tx_07348,5568,8.624970783589669,6011,0.85,16,0,2,1,1,0,0,1.3,0
tx_07349,3356,8.118802996980035,5968,0.7,4,0,2,1,0,0,0,8.93,0
tx_07350,3987,8.291045131081729,5814,0.3,16,1,7,-1,1,0,0,6.69,0
tx_07351,5516,8.61558951327243,6011,0.85,4,0,3,1,1,1,0,1975.91,1
tx_07352,20910,9.9480306152868,5411,0.1,8,0,5,1,1,0,0,0.25,0
tx_07353,22986,10.042684117724416,5311,0.4,4,1,6,0,1,0,0,3.96,0
tx_07354,3373,8.123854263105914,6011,0.85,16,0,3,1,1,0,0,3.99,0
tx_07355,4979,8.513185170018698,5712,0.25,22,1,1,-1,1,0,0,7.79,0
tx_07356,5101,8.537387898701757,5311,0.4,1,0,1,1,0,0,0,1.0,0
tx_07357,17575,9.774289614064447,4900,0.1,14,1,2,1,0,0,0,7.3,0
tx_07358,9353,9.143559338285831,6011,0.85,5,1,3,-1,1,0,0,13.26,0
tx_07359,8896,9.093469420244768,4121,0.2,18,1,0,1,1,1,0,3314.03,1
tx_07360,13556,9.51465829807939,4121,0.2,3,0,4,1,1,0,0,5.21,0
tx_07361,4622,8.438799123988225,5814,0.3,8,0,2,1,1,0,0,20.71,0
tx_07362,29758,10.300886886231925,4121,0.2,4,0,9,1,-1,0,0,14.55,0
tx_07363,8132,9.003685138166775,4829,0.8,20,1,0,1,1,0,0,2.15,0
tx_07364,3612,8.19229373114764,7995,0.3,1,0,1,1,1,0,0,6.3,0
tx_07365,6549,8.787220328629298,5411,0.1,13,1,3,1,1,0,0,16.37,0
tx_07366,26252,10.17553554720394,5814,0.3,2,0,3,1,0,0,0,35.51,0
tx_07367,5439,8.601534339849989,5412,0.2,14,1,1,1,1,0,0,2.37,0
tx_07368,20075,9.907280350774824,4814,0.55,18,1,1,1,1,0,0,1.77,0
tx_07369,4497,8.411388132519262,4829,0.8,18,1,6,0,1,0,0,1.45,0
tx_07370,3935,8.277920258172143,5814,0.3,0,0,1,1,1,0,0,1.07,0
tx_07371,15242,9.63187566026184,4814,0.55,18,0,1,1,1,0,0,5.11,0
tx_07372,3551,8.17526610411206,5712,0.25,7,0,0,1,-1,0,0,2.29,0
tx_07373,17793,9.786616600804713,5311,0.4,16,0,2,1,1,0,1,10.09,0
tx_07374,11375,9.339261152043022,5411,0.1,23,0,0,1,1,0,0,2.45,0
tx_07375,3552,8.175547596021026,7995,0.3,2,1,0,-1,1,0,0,1.3,0
tx_07376,7611,8.93748122841604,5712,0.25,8,1,0,1,1,0,0,15.88,0
tx_07377,4836,8.484049972822984,5712,0.25,20,0,7,0,1,0,0,4.75,0
tx_07378,11347,9.336796795928741,5311,0.4,3,1,1,1,1,0,1,13.85,0
tx_07379,48951,10.798595505142377,5411,0.1,6,1,4,0,1,0,0,2.74,0
tx_07380,5727,8.653121708640482,5812,0.45,13,1,3,0,1,0,0,40.26,0
tx_07381,13524,9.512295103714683,4121,0.2,23,0,2,0,1,0,0,7.73,0
tx_07382,8336,9.028458718410613,4900,0.1,7,0,1,1,1,0,0,1.33,0
tx_07383,8333,9.0280988119824,5712,0.25,9,1,0,1,0,0,0,0.7,0
tx_07384,6962,8.848365694942547,5712,0.25,19,1,1,1,-1,0,0,7.2,0
tx_07385,3607,8.190908881182514,4814,0.55,2,1,2,1,1,0,0,8.4,0
tx_07386,11199,9.323669057283185,5968,0.7,7,1,2,1,1,0,0,11.75,0
tx_07387,6191,8.731013415269564,5691,0.35,7,0,4,0,1,0,0,0.59,0
tx_07388,3448,8.145839612936841,4900,0.1,9,1,2,1,1,0,0,0.61,0
tx_07389,21346,9.9686664935611,5814,0.3,13,0,5,1,1,0,0,0.57,0
tx_07390,8948,9.099297073182859,7995,0.3,5,0,5,0,-1,0,1,1.64,0
tx_07391,6558,8.788593431293735,5411,0.1,9,1,1,1,0,0,0,10.35,0
tx_07392,29092,10.278252874394655,4900,0.1,22,0,5,0,1,0,0,5.09,0
tx_07393,1424,7.261927092702751,5311,0.4,19,0,8,0,1,0,0,0.65,0
tx_07394,27292,10.214385538037911,5712,0.25,22,0,1,1,1,0,0,0.81,0
tx_07395,3530,8.169336395928386,4121,0.2,16,0,0,1,0,0,0,7.47,0
tx_07396,9958,9.20623194393164,5412,0.2,13,0,1,-1,1,1,0,3470.7,0
tx_07397,4659,8.446770727119691,4121,0.2,5,1,1,1,-1,0,0,9.22,0
tx_07398,3389,8.128585200374497,4121,0.2,3,1,1,-1,1,0,1,32.23,0
tx_07399,28378,10.25340471401148,5412,0.2,12,0,2,1,1,0,0,8.06,0
tx_07400,47504,10.76859024764085,5814,0.3,9,0,0,1,1,0,0,31.47,0
tx_07401,6601,8.795127912413138,6011,0.85,18,1,1,1,1,0,0,91.36,0
tx_07402,11202,9.323936878558722,4814,0.55,0,1,3,1,-1,0,0,3.91,0
tx_07403,8598,9.059401196410896,4900,0.1,21,0,0,1,1,0,0,11.76,0
tx_07404,42157,10.64917974375984,5411,0.1,4,0,0,1,-1,0,0,0.37,0
tx_07405,1094,6.9985096422506015,5712,0.25,9,0,1,1,1,0,0,11.96,0
tx_07406,11654,9.363490551469857,7995,0.3,8,0,1,1,1,0,0,1.39,0
tx_07407,4082,8.314587291319576,5812,0.45,22,0,7,0,1,0,0,10.44,0
tx_07408,869,6.76849321164863,5691,0.35,17,0,0,1,1,0,0,2.91,0
tx_07409,5783,8.6628507638386,4121,0.2,0,1,3,1,1,0,0,8.57,0
tx_07410,47137,10.760834748776333,4814,0.55,20,1,1,1,-1,0,0,1.2,0
tx_07411,4367,8.38206051742474,4829,0.8,16,1,0,1,1,0,0,3.25,0
tx_07412,17264,9.756436609824092,5812,0.45,1,1,3,1,1,0,1,12.34,0
tx_07413,25436,10.143960085972113,5311,0.4,18,0,0,-1,1,0,0,7.66,0
tx_07414,8047,8.99317889233952,4900,0.1,0,1,0,1,0,0,0,0.49,0
tx_07415,9133,9.119758993744945,5812,0.45,10,0,0,-1,0,0,0,4.19,0
tx_07416,1595,7.3752557780097545,5968,0.7,3,0,4,0,1,0,1,2.33,0
tx_07417,4125,8.325063693631197,5412,0.2,0,1,6,0,1,1,0,2053.51,1
tx_07418,19280,9.866875434039397,6011,0.85,13,1,1,1,1,0,0,2.11,0
tx_07419,8628,9.062883902508307,5814,0.3,16,1,2,1,-1,0,0,12.54,0
tx_07420,11547,9.354267540782825,5814,0.3,11,1,0,1,-1,0,0,32.44,0
tx_07421,9243,9.131729971394272,6011,0.85,8,0,3,1,1,0,0,10.39,0
tx_07422,65354,11.087589227219652,4829,0.8,12,1,2,1,1,0,0,2.32,0
tx_07423,5411,8.59637398929068,5814,0.3,3,0,1,1,0,0,1,5.26,0
tx_07424,37433,10.530334661338841,7995,0.3,1,0,2,1,1,0,0,5.23,0
tx_07425,9246,9.132054453577638,7995,0.3,3,0,1,1,1,1,0,1711.88,0
tx_07426,40728,10.61469564841373,5712,0.25,1,1,2,1,1,0,0,5.12,0
tx_07427,2544,7.841885928984623,5814,0.3,18,1,1,1,1,0,0,10.37,0
tx_07428,9707,9.180705566846491,6011,0.85,14,0,1,1,1,0,0,5.36,0
tx_07429,5604,8.63141433550626,5968,0.7,4,1,0,1,1,0,0,9.42,0
tx_07430,9299,9.137769679141348,6011,0.85,13,1,2,1,0,0,0,14.59,0
tx_07431,26015,10.166467012347537,5968,0.7,11,1,1,1,1,0,0,1.35,0
tx_07432,11673,9.365119425763737,5411,0.1,2,1,4,-1,1,0,0,4.1,0
tx_07433,25966,10.164581780078812,5814,0.3,23,1,3,1,1,0,0,3.68,0
tx_07434,4309,8.368693183097793,5411,0.1,22,0,4,1,1,0,0,12.5,0
tx_07435,3727,8.223627175805483,5968,0.7,18,0,0,1,1,1,1,4467.85,1
tx_07436,8271,9.02063159674821,5968,0.7,19,0,3,1,1,0,0,2.04,1
tx_07437,7851,8.968523555396352,7995,0.3,13,1,1,1,-1,0,0,2.96,0
tx_07438,6827,8.828787083914332,5712,0.25,19,0,10,0,1,0,0,5.88,0
tx_07439,3276,8.094683648698815,5412,0.2,12,1,5,0,1,0,0,10.2,0
tx_07440,25435,10.143920772387299,4829,0.8,3,0,2,1,1,0,0,2.14,0
tx_07441,5770,8.660600654710967,5712,0.25,4,0,1,1,1,1,1,4776.53,1
tx_07442,31569,10.359962581552038,5691,0.35,20,0,6,0,1,0,1,2.41,0
tx_07443,8244,9.0173622349937,5691,0.35,10,1,2,1,1,0,0,2.54,0
tx_07444,15081,9.621257258762592,5812,0.45,17,1,1,1,1,0,0,2.99,0
tx_07445,13836,9.535101442669385,5968,0.7,3,0,3,0,1,0,0,7.85,0
tx_07446,3722,8.222285073872717,4829,0.8,10,0,2,1,1,0,0,15.16,0
tx_07447,11545,9.354094335620879,5412,0.2,2,1,7,0,1,0,0,2.47,0
tx_07448,50873,10.837107266532058,5814,0.3,5,0,1,1,0,0,0,0.62,0
tx_07449,10344,9.244258590179644,5968,0.7,2,1,2,0,1,0,1,6.99,0
tx_07450,19175,9.86141477611422,5814,0.3,4,0,0,1,0,0,0,0.74,0
tx_07451,15737,9.663833449094929,5968,0.7,14,1,0,1,1,0,0,24.5,0
tx_07452,10904,9.29697667863573,5968,0.7,0,1,1,1,1,0,0,4.46,0
tx_07453,9724,9.182455168486648,7995,0.3,4,0,1,1,1,0,0,6.26,0
tx_07454,13700,9.525224101853109,5712,0.25,16,0,3,1,1,0,1,16.97,0
tx_07455,16819,9.73032393352694,4900,0.1,3,1,0,1,-1,0,0,3.58,0
tx_07456,2254,7.720905251936779,5691,0.35,13,1,3,1,1,0,0,7.77,0
tx_07457,10302,9.240190393945069,5812,0.45,20,0,0,1,1,0,0,7.86,0
tx_07458,6838,8.830396801098097,4814,0.55,18,0,1,1,0,0,0,37.69,0
tx_07459,5615,8.633374945705647,5814,0.3,2,0,0,-1,1,0,0,57.85,0
tx_07460,27899,10.236381967809457,5691,0.35,3,0,1,1,1,0,0,4.63,0
tx_07461,4059,8.308938252595778,7995,0.3,16,1,2,1,1,0,0,29.75,0
tx_07462,2165,7.680637427560936,4829,0.8,8,1,6,0,1,0,0,0.4,0
tx_07463,17346,9.76117485976141,6011,0.85,10,0,1,1,1,0,0,3.63,0
tx_07464,2113,7.656337166430183,5412,0.2,11,0,2,1,1,0,0,10.57,0
tx_07465,1305,7.174724309836376,5712,0.25,13,1,0,1,0,0,0,0.9,1
tx_07466,19303,9.868067607304868,5812,0.45,10,1,1,1,1,0,0,65.41,0
tx_07467,9471,9.156095357123787,5712,0.25,0,0,0,-1,1,0,0,29.18,0
tx_07468,12762,9.45430563898269,6011,0.85,2,0,7,0,1,0,0,3.2,0
tx_07469,5350,8.585038738311304,4829,0.8,0,1,4,1,1,0,0,65.49,0
tx_07470,2186,7.690286020676768,5814,0.3,6,1,0,-1,1,0,0,12.73,0
tx_07471,2640,7.878912912297133,7995,0.3,19,1,2,1,1,0,0,6.6,0
tx_07472,6289,8.746716349694486,4900,0.1,23,1,2,1,1,0,0,8.45,0
tx_07473,2432,7.796880342783522,4900,0.1,11,0,2,1,1,0,0,1.99,0
tx_07474,10904,9.29697667863573,5412,0.2,0,1,3,1,1,0,0,6.05,0
tx_07475,5249,8.565983355585669,5814,0.3,1,1,3,1,1,0,0,1.87,0
tx_07476,9710,9.181014542594355,7995,0.3,19,0,1,1,1,0,0,4.96,0
tx_07477,9439,9.152711259139547,5968,0.7,8,0,1,1,-1,0,0,5.62,0
tx_07478,11762,9.372714290960442,5968,0.7,21,0,3,1,1,0,1,6.42,0
tx_07479,13091,9.47975663562107,5412,0.2,12,1,0,1,1,0,0,4.88,0
tx_07480,5875,8.678631537293768,5812,0.45,21,1,0,-1,1,0,1,83.33,0
tx_07481,9701,9.180087328805161,4829,0.8,3,1,4,0,0,0,0,0.72,1
tx_07482,10192,9.229456489168413,5412,0.2,20,0,2,1,1,0,0,0.57,0
tx_07483,811,6.699500340161678,4829,0.8,13,1,1,1,1,0,0,1.73,0
tx_07484,15054,9.619465440915834,4121,0.2,10,0,0,1,0,0,0,4.85,0
tx_07485,9392,9.147720009994515,5968,0.7,12,1,2,1,1,0,0,3.08,0
tx_07486,13919,9.54108193388841,5968,0.7,7,0,1,1,0,1,0,3354.91,1
tx_07487,2399,7.783224016336037,5691,0.35,14,1,4,0,1,0,0,48.9,0
tx_07488,6034,8.705331133531631,4121,0.2,18,1,4,1,1,0,0,9.46,0
tx_07489,2888,7.968665700466235,4814,0.55,19,1,0,-1,1,0,1,3.32,0
tx_07490,16524,9.712629664719888,4814,0.55,23,1,5,0,1,0,0,1.64,0
tx_07491,2144,7.6708948313621175,5814,0.3,9,1,3,1,1,0,0,3.58,0
tx_07492,3371,8.123261319121745,4829,0.8,18,0,3,-1,1,0,0,2.69,0
tx_07493,13531,9.512812529900598,4900,0.1,21,0,6,1,1,0,0,7.85,0
tx_07494,4479,8.40737832540903,6011,0.85,0,1,0,-1,-1,0,0,1.04,0
tx_07495,3372,8.12355783506165,6011,0.85,11,0,0,1,-1,0,0,1.93,0
tx_07496,19275,9.866616077760224,5814,0.3,16,1,2,1,1,0,0,13.78,0
tx_07497,20040,9.905535454153428,5311,0.4,10,1,2,1,1,0,0,2.4,0
tx_07498,16174,9.691222119369101,5712,0.25,2,1,2,1,-1,0,0,10.56,0
tx_07499,18241,9.811481906740104,4829,0.8,15,0,10,0,1,0,0,4.54,0
tx_07500,6537,8.785386587284156,6011,0.85,9,1,2,0,1,0,1,3.6,0
tx_07501,6706,8.810907036099737,4814,0.55,14,0,1,1,0,0,1,2.12,1
tx_07502,4401,8.389814262086407,5814,0.3,0,0,4,0,1,0,0,5.37,0
tx_07503,9552,9.164610520270008,5691,0.35,0,1,0,1,1,0,1,3.86,0
tx_07504,4933,8.503905297089302,5814,0.3,14,0,1,1,0,0,0,0.28,0
tx_07505,5398,8.593969030218288,5412,0.2,23,1,1,1,1,0,0,18.92,0
tx_07506,14401,9.575122364808813,4829,0.8,15,1,6,0,1,0,0,7.32,0
tx_07507,25096,10.130503596064212,5814,0.3,22,0,3,1,0,0,0,0.89,0
tx_07508,11891,9.383621184117988,5712,0.25,20,0,1,1,1,0,0,3.95,0
tx_07509,44791,10.70978483102873,5412,0.2,6,0,3,1,0,0,0,3.28,0
tx_07510,4167,8.335191583433202,5411,0.1,2,0,5,0,1,0,0,1.57,0
tx_07511,1421,7.259819610363186,5311,0.4,13,0,4,1,-1,0,0,10.75,0
tx_07512,16060,9.684149252062896,5412,0.2,14,1,1,1,1,0,1,26.91,0
tx_07513,3912,8.272059622210412,4900,0.1,18,0,0,1,1,0,0,2.87,0
tx_07514,6280,8.74528448245438,4900,0.1,12,1,2,1,1,0,0,2.98,0
tx_07515,1516,7.324489979348532,4900,0.1,22,0,2,1,-1,0,0,1.59,0
tx_07516,3467,8.151333337900432,4121,0.2,20,0,2,0,1,0,0,0.34,0
tx_07517,1955,7.578656850594762,6011,0.85,14,1,4,1,1,0,0,8.21,0
tx_07518,5392,8.592857095337227,4900,0.1,13,1,4,0,-1,0,0,48.44,0
tx_07519,5599,8.630521876723241,4829,0.8,0,0,1,-1,1,0,0,4.1,0
tx_07520,8872,9.090768236835338,4829,0.8,18,1,3,1,0,0,0,3.98,0
tx_07521,26447,10.182935820060806,7995,0.3,16,1,3,1,1,0,0,4.56,0
tx_07522,15494,9.648272670221848,5412,0.2,21,0,0,1,1,1,0,3132.68,0
tx_07523,1744,7.4645098346365275,5311,0.4,2,1,1,1,1,0,0,1.25,0
tx_07524,14513,9.582868979838082,5411,0.1,3,0,2,1,-1,0,0,106.72,0
tx_07525,9057,9.111403624116159,4814,0.55,16,0,1,1,1,0,0,8.66,0
tx_07526,7422,8.912338567117548,5311,0.4,11,1,3,0,1,0,0,10.06,0
tx_07527,7971,8.983690681332686,4900,0.1,14,1,6,0,1,0,0,74.43,1
tx_07528,9892,9.199582715323222,5968,0.7,10,1,7,1,1,0,0,6.3,0
tx_07529,4221,8.348064228408266,4121,0.2,15,0,4,0,1,0,0,1.79,0
tx_07530,6850,8.832149906002899,5411,0.1,15,0,2,-1,1,0,0,1.34,0
tx_07531,25082,10.129945604818168,5968,0.7,4,1,1,1,0,0,0,49.63,0
tx_07532,4173,8.336630087637147,5968,0.7,18,0,1,1,0,0,0,12.89,0
tx_07533,3062,8.027150106832774,5691,0.35,11,1,6,0,1,0,1,4.39,0
tx_07534,7681,8.94663520890585,4900,0.1,13,1,7,0,1,0,0,2.57,0
tx_07535,2783,7.931644021454311,5311,0.4,14,1,3,1,0,0,0,3.51,0
tx_07536,1585,7.368970402194793,4900,0.1,17,1,2,1,1,0,0,7.96,0
tx_07537,5872,8.67812085552252,5812,0.45,7,0,2,1,1,1,0,2856.59,0
tx_07538,32253,10.381397345540462,5311,0.4,0,1,1,1,1,0,0,4.57,0
tx_07539,7852,8.968650903374874,5712,0.25,4,0,4,0,1,0,0,1.77,0
tx_07540,9651,9.174920426744922,5812,0.45,23,0,6,0,1,0,0,1.06,0
tx_07541,1077,6.982862751468942,7995,0.3,5,0,1,1,1,0,0,10.55,0
tx_07542,12350,9.421492310438014,5411,0.1,5,1,0,1,0,0,0,18.14,0
tx_07543,8901,9.0940312495758,7995,0.3,20,1,3,1,1,0,0,44.98,0
tx_07544,4331,8.37378460812088,5411,0.1,5,1,1,1,1,0,0,125.06,0
tx_07545,9665,9.17636985240503,5812,0.45,11,0,6,0,1,0,0,0.81,0
tx_07546,9574,9.166910814048848,5812,0.45,8,1,2,1,1,0,0,5.14,0
tx_07547,2977,7.999007213243955,5968,0.7,15,1,4,0,1,0,0,3.1,0
tx_07548,11164,9.320539164274258,5412,0.2,14,1,1,1,1,0,1,3.94,0
tx_07549,25399,10.142504453006628,5968,0.7,12,0,6,1,1,0,0,1.83,0
tx_07550,6559,8.788745881938135,5311,0.4,12,0,0,1,1,0,0,7.46,0
tx_07551,3572,8.181160858023409,5412,0.2,20,0,2,0,1,0,0,1.09,0
tx_07552,6881,8.836664586357426,5412,0.2,13,1,0,1,1,0,0,8.88,0
tx_07553,18344,9.817112336789382,5812,0.45,12,0,2,1,1,0,0,20.11,0
tx_07554,2541,7.8407064517494,5712,0.25,21,0,0,1,1,0,0,2.68,0
tx_07555,14112,9.554851637414007,4814,0.55,2,0,2,1,0,0,0,19.36,0
tx_07556,4277,8.361240889642351,5968,0.7,20,0,0,1,1,1,1,4469.83,1
tx_07557,10251,9.235228087483963,5814,0.3,4,1,1,-1,1,0,0,15.42,0
tx_07558,4765,8.469262657658687,4814,0.55,7,1,11,0,0,0,0,7.23,0
tx_07559,4753,8.46674164792014,7995,0.3,0,0,1,1,1,0,0,1.63,0
tx_07560,34617,10.452129056986344,5812,0.45,13,0,7,0,-1,0,0,4.81,0
tx_07561,2136,7.667158255319148,4814,0.55,19,0,1,1,1,0,0,2.92,0
tx_07562,12917,9.466376966592419,5412,0.2,9,0,1,1,1,0,0,13.62,0
tx_07563,42190,10.649962207136612,5968,0.7,15,1,2,1,1,0,0,3.73,0
tx_07564,15622,9.656499466411903,4900,0.1,9,0,0,1,-1,0,0,17.58,0
tx_07565,2300,7.741099090035366,7995,0.3,18,0,1,1,0,0,0,9.21,0
tx_07566,2411,7.788211557847076,5411,0.1,23,1,5,1,1,0,0,6.31,0
tx_07567,3988,8.291295851905407,4900,0.1,17,1,0,1,0,0,0,6.67,0
tx_07568,9463,9.155250405658222,5311,0.4,8,0,1,1,1,0,0,16.15,0
tx_07569,10095,9.219894584780995,5691,0.35,19,1,2,1,1,0,0,11.03,0
tx_07570,2433,7.797291273547472,5812,0.45,0,1,1,1,1,0,0,15.59,0
tx_07571,3555,8.176391596633795,6011,0.85,23,1,2,1,1,0,0,1.43,0
tx_07572,3768,8.234564993267135,4829,0.8,20,0,1,1,1,0,0,2.58,0
tx_07573,6860,8.833608482690892,7995,0.3,15,0,3,1,1,0,0,4.99,0
tx_07574,53671,10.890646729242723,5691,0.35,14,0,4,1,1,0,0,3.6,0
tx_07575,3356,8.118802996980035,4814,0.55,6,0,2,1,1,0,0,1.61,0
tx_07576,3220,8.0774471493312,6011,0.85,10,0,3,0,1,0,1,22.28,0
tx_07577,2776,7.9291264873067995,5311,0.4,2,1,2,1,1,0,0,1.26,0
tx_07578,14897,9.608982254736222,5712,0.25,8,0,3,1,1,0,0,16.03,0
tx_07579,7831,8.965973184210347,5812,0.45,14,1,1,1,1,0,0,41.99,0
tx_07580,3476,8.153925132007862,4121,0.2,8,1,3,1,1,0,0,2.7,0
tx_07581,5771,8.660773919893762,4900,0.1,18,0,0,1,1,1,0,2604.35,0
tx_07582,3840,8.253488028345904,5812,0.45,20,0,3,-1,1,0,0,2.79,0
tx_07583,10789,9.28637505825218,5311,0.4,13,0,1,1,-1,0,0,1.97,0
tx_07584,104331,11.555333401219805,4121,0.2,8,0,1,1,1,0,0,0.92,0
tx_07585,13746,9.52857589747142,4121,0.2,7,0,1,1,1,0,0,8.19,0
tx_07586,7456,8.916908467543795,5968,0.7,13,0,1,-1,1,0,0,8.4,0
tx_07587,4331,8.37378460812088,4829,0.8,17,1,1,1,1,0,0,8.64,0
tx_07588,2273,7.729295674310482,4814,0.55,3,0,2,1,1,0,0,1.63,0
tx_07589,16353,9.702227794721923,5691,0.35,10,0,1,1,1,0,0,18.13,0
tx_07590,15530,9.65059330557001,4814,0.55,10,0,4,0,1,0,0,2.25,0
tx_07591,5231,8.562548893137034,5812,0.45,6,1,5,0,-1,0,0,1.4,0
tx_07592,25792,10.15785841626691,5691,0.35,5,1,8,0,0,0,0,1.34,0
tx_07593,8310,9.025335217553026,5812,0.45,20,0,9,0,1,0,0,2.03,0
tx_07594,17004,9.741262697441297,5412,0.2,10,1,1,1,1,0,0,5.66,0
tx_07595,10792,9.286653054825347,5814,0.3,13,1,0,1,1,1,0,4981.4,1
tx_07596,6884,8.837100411162755,5812,0.45,0,0,6,0,1,0,0,1.86,0
tx_07597,3288,8.098338846189057,5411,0.1,6,0,0,1,0,0,0,33.27,0
tx_07598,7093,8.867004635333567,4121,0.2,5,0,0,1,1,0,0,2.29,0
tx_07599,18126,9.805157818462918,4900,0.1,7,0,0,1,1,0,0,14.25,0
tx_07600,5026,8.522578663692576,4814,0.55,20,1,3,1,1,0,0,5.47,0
tx_07601,12369,9.423029465386534,4121,0.2,13,0,2,1,1,0,0,15.57,0
tx_07602,2912,7.976938756959434,4900,0.1,21,0,1,1,1,0,0,6.38,0
tx_07603,17090,9.746307288148506,4829,0.8,10,0,0,1,1,0,0,5.02,0
tx_07604,10965,9.302554855963994,4814,0.55,18,0,1,1,1,0,1,3.34,0
tx_07605,2600,7.8636512654486515,5311,0.4,3,1,0,1,-1,0,0,1.91,0
tx_07606,6584,8.792549614177382,5691,0.35,19,0,3,0,1,0,0,6.73,0
tx_07607,19733,9.890098315417111,4829,0.8,14,0,9,0,1,0,0,2.57,0
tx_07608,2463,7.80954132465341,4900,0.1,0,1,6,0,1,1,0,3446.48,1
tx_07609,2945,7.988203597022576,4121,0.2,16,0,1,1,1,0,0,7.5,0
tx_07610,7625,8.939318740417509,4121,0.2,11,0,1,-1,1,0,0,4.36,0
tx_07611,61811,11.031852799353585,4829,0.8,0,1,6,0,1,0,0,7.8,0
tx_07612,4299,8.366370301681654,5412,0.2,20,0,0,1,1,0,0,4.95,0
tx_07613,13039,9.475776835480644,5812,0.45,12,0,4,1,1,0,0,12.69,0
tx_07614,10429,9.252441547994819,5968,0.7,14,0,1,1,1,0,0,8.51,0
tx_07615,4652,8.445267451844648,5712,0.25,13,0,3,1,1,0,0,4.25,0
tx_07616,9492,9.158309963881798,5712,0.25,2,0,9,0,0,0,0,8.0,0
tx_07617,5323,8.579980179515003,7995,0.3,7,0,0,1,-1,0,0,24.19,0
tx_07618,5798,8.66544076787644,4900,0.1,16,1,1,1,0,0,0,1.78,0
tx_07619,1681,7.427738840532894,5968,0.7,8,0,2,1,1,0,0,0.45,0
tx_07620,7958,8.98205864280585,7995,0.3,21,0,6,0,1,0,0,15.51,0
tx_07621,19136,9.859378912910065,5691,0.35,7,1,1,1,1,0,0,10.36,0
tx_07622,8602,9.059866258621348,5968,0.7,11,0,1,1,0,0,0,139.72,0
tx_07623,22952,10.041203925899962,4814,0.55,10,0,3,-1,1,0,0,5.65,0
tx_07624,14136,9.556550752867032,6011,0.85,0,0,2,1,0,0,0,3.63,0
tx_07625,7697,8.948715833843691,5691,0.35,19,1,5,1,1,0,0,8.52,0
tx_07626,4486,8.408939605975984,4900,0.1,3,1,0,1,-1,0,0,14.01,0
tx_07627,5132,8.543445562560303,4121,0.2,11,0,7,0,0,0,0,10.35,0
tx_07628,2015,7.60887062919126,5814,0.3,21,0,3,0,1,0,0,3.77,0
tx_07629,6320,8.751632702472298,5412,0.2,23,0,5,0,1,0,0,23.12,0
tx_07630,9357,9.143986871426161,5311,0.4,5,0,10,0,1,0,0,1.54,0
tx_07631,41557,10.634845320859826,5411,0.1,9,1,1,1,1,0,0,2.23,0
tx_07632,13455,9.507180382212729,7995,0.3,13,1,1,1,1,0,0,33.14,0
tx_07633,3582,8.183955717304954,5411,0.1,16,1,2,1,1,0,0,11.46,0
tx_07634,2075,7.638198244285779,4814,0.55,6,0,2,1,1,0,0,3.0,0
tx_07635,6694,8.809116258125274,4900,0.1,13,1,3,1,0,0,0,5.85,0
tx_07636,17612,9.776392544732296,4829,0.8,20,1,1,1,1,0,1,59.46,0
tx_07637,6605,8.795733605950735,5812,0.45,18,0,2,1,-1,0,0,3.83,0
tx_07638,13630,9.520101889570842,5968,0.7,19,1,2,1,1,0,0,2.16,0
tx_07639,6858,8.83331693749932,5968,0.7,21,0,3,1,-1,0,0,5.42,0
tx_07640,16096,9.68638819820623,5712,0.25,20,1,2,-1,1,0,0,14.55,0
tx_07641,1786,7.488293515159428,5814,0.3,12,1,0,1,1,0,1,7.86,0
tx_07642,37389,10.529158567971159,5411,0.1,23,1,1,-1,-1,0,0,17.72,0
tx_07643,2831,7.94873845481361,5712,0.25,11,1,3,1,1,1,0,3395.82,0
tx_07644,17313,9.75927070177572,4814,0.55,17,1,8,0,0,0,0,1.21,0
tx_07645,6289,8.746716349694486,5691,0.35,22,0,0,1,1,0,0,18.76,0
tx_07646,7296,8.89521858376562,5691,0.35,1,1,4,1,1,0,0,1.27,0
tx_07647,6478,8.776321456449958,4121,0.2,22,0,0,1,1,0,1,1.25,0
tx_07648,10384,9.248117736310213,5691,0.35,19,1,0,1,1,0,0,2.07,0
tx_07649,12579,9.439863530254431,5814,0.3,23,1,2,0,1,0,0,1.65,0
tx_07650,22261,10.010636468053171,5411,0.1,18,1,2,1,1,0,0,2.32,0
tx_07651,31030,10.342741983800368,5691,0.35,3,0,1,1,1,0,0,0.63,0
tx_07652,11163,9.320449594656212,5311,0.4,7,0,3,1,1,0,0,26.66,0
tx_07653,41488,10.633183610843151,4900,0.1,0,1,1,1,1,0,0,0.79,0
tx_07654,8897,9.093581811365986,4814,0.55,14,1,1,1,1,0,0,76.71,0
tx_07655,22669,10.028797743501574,5311,0.4,10,1,0,1,1,0,1,13.46,0
tx_07656,12240,9.412546252075513,5968,0.7,11,1,2,1,1,0,0,133.64,0
tx_07657,4834,8.483636407887394,7995,0.3,17,0,3,1,1,0,0,2.12,0
tx_07658,9675,9.177403871729918,5712,0.25,19,1,1,1,-1,0,0,3.08,0
tx_07659,13137,9.483264073452418,5712,0.25,1,0,0,1,1,0,0,26.3,0
tx_07660,7900,8.974744612722734,5712,0.25,22,1,2,-1,1,0,0,1.54,0
tx_07661,12057,9.397483619049352,5412,0.2,8,1,1,1,-1,0,0,13.73,0
tx_07662,18532,9.82730820579731,5411,0.1,18,1,3,1,-1,0,0,4.58,0
tx_07663,7966,8.983063289380366,5712,0.25,13,1,7,0,1,0,0,16.17,0
tx_07664,497,6.210600077024653,5814,0.3,10,1,2,-1,0,0,0,26.98,0
tx_07665,40116,10.59955546360705,5411,0.1,5,1,7,0,1,1,0,4139.74,1
tx_07666,6139,8.722580021141189,5691,0.35,4,1,1,1,1,0,0,2.02,0
tx_07667,3726,8.223358899479258,5412,0.2,17,1,9,0,1,0,0,1.09,0
tx_07668,2800,7.937731775260109,4900,0.1,7,0,2,1,1,0,0,0.88,0
tx_07669,5917,8.685753832960154,5311,0.4,5,0,8,0,1,0,0,2.68,0
tx_07670,4772,8.470730317005897,4814,0.55,0,1,7,1,1,0,0,5.14,0
tx_07671,4044,8.305236829492593,5412,0.2,20,0,2,1,1,0,0,2.62,0
tx_07672,4261,8.357493812658563,5812,0.45,9,0,7,0,1,0,0,7.13,1
tx_07673,13473,9.508517181520606,5812,0.45,8,1,3,1,-1,0,1,12.44,0
tx_07674,56051,10.93403511029011,7995,0.3,8,0,1,1,1,0,0,2.66,0
tx_07675,17760,9.784760321267326,4121,0.2,14,0,2,-1,1,0,0,3.02,0
tx_07676,23662,10.071667925775051,5814,0.3,11,0,2,1,1,0,0,21.96,0
tx_07677,5691,8.646816959209742,5968,0.7,13,1,3,1,-1,0,0,8.09,0
tx_07678,8997,9.104757609401117,5412,0.2,6,1,4,1,1,0,0,4.16,0
tx_07679,12214,9.41041998369184,4900,0.1,7,0,1,1,1,0,0,2.33,0
tx_07680,4353,8.378850241794492,5311,0.4,20,1,3,1,1,0,0,14.88,0
tx_07681,5436,8.600982717145921,5812,0.45,10,0,1,1,1,0,0,3.73,0
tx_07682,18343,9.81705782453774,6011,0.85,23,1,3,0,1,0,0,0.51,0
tx_07683,22947,10.040986065721762,5712,0.25,20,0,2,1,1,0,0,0.44,0
tx_07684,8684,9.069352678675205,5691,0.35,17,0,3,-1,1,0,0,1.96,0
tx_07685,2617,7.870165946469845,5812,0.45,13,1,1,0,1,0,0,1.51,0
tx_07686,6151,8.72453251118548,4121,0.2,20,1,1,-1,1,0,0,5.4,0
tx_07687,2071,7.6362696033793735,5712,0.25,1,1,0,1,1,0,0,0.54,0
tx_07688,8748,9.076694687106265,4121,0.2,11,1,1,1,1,0,0,5.35,0
tx_07689,10382,9.247925132303454,7995,0.3,17,1,2,1,1,0,0,1.56,0
tx_07690,6298,8.74814616962193,6011,0.85,2,0,10,0,1,1,0,772.42,1
tx_07691,10248,9.234935418831563,5691,0.35,4,0,0,-1,1,0,0,2.02,0
tx_07692,12103,9.401291255468191,5411,0.1,1,1,4,0,1,0,0,14.47,0
tx_07693,10396,9.249272581977971,5814,0.3,11,1,1,1,1,0,1,4.56,0
tx_07694,2601,7.86403565907245,5712,0.25,12,1,2,1,-1,1,0,2977.78,0
tx_07695,6403,8.764678074116606,5812,0.45,11,1,5,1,1,0,0,1.07,0
tx_07696,12022,9.394576760974909,5691,0.35,1,1,0,1,1,0,0,1.88,0
tx_07697,36496,10.504985344411832,4900,0.1,11,0,6,-1,1,0,0,25.68,0
tx_07698,6291,8.747034264178168,4814,0.55,21,1,9,0,1,0,0,4.4,0
tx_07699,13746,9.52857589747142,4900,0.1,0,1,9,0,1,0,0,1.76,0
tx_07700,18759,9.839482222560216,5691,0.35,18,0,2,-1,0,0,0,7.17,0
tx_07701,6757,8.818482267274236,5411,0.1,6,1,2,1,1,0,0,2.77,0
tx_07702,24250,10.096213132628804,5691,0.35,1,0,0,1,1,0,0,2.1,0
tx_07703,25520,10.147256921643994,4900,0.1,1,0,1,1,1,0,0,2.96,0
tx_07704,30228,10.316557007504228,7995,0.3,0,0,3,0,0,0,0,15.56,0
tx_07705,12590,9.4407375520017,5411,0.1,9,0,5,0,1,0,1,4.71,0
tx_07706,76673,11.247317946836759,5968,0.7,11,0,4,1,-1,0,0,11.37,0
tx_07707,4540,8.420902531097951,5411,0.1,14,1,1,1,1,0,0,2.92,0
tx_07708,61270,11.02306192678775,5412,0.2,1,1,1,1,1,0,1,2.34,0
tx_07709,16900,9.735128070758227,5712,0.25,15,0,4,1,1,0,0,28.49,0
tx_07710,29101,10.278562179320224,4900,0.1,17,0,3,-1,1,0,0,1.37,0
tx_07711,6010,8.701346403039162,4900,0.1,1,1,0,1,0,0,0,3.36,0
tx_07712,18168,9.807472124102441,5411,0.1,16,0,1,1,1,0,0,18.81,0
tx_07713,31596,10.360817458359367,5968,0.7,2,1,6,1,1,0,0,2.83,0
tx_07714,2899,7.9724660159745655,4829,0.8,10,0,4,0,1,0,0,45.63,0
tx_07715,6974,8.850087606689566,5412,0.2,15,0,0,1,-1,0,0,1.69,0
tx_07716,1065,6.97166860472579,5812,0.45,20,0,0,1,1,0,0,10.58,0
tx_07717,6876,8.835937789319836,5812,0.45,12,0,3,1,1,0,0,38.35,0
tx_07718,3752,8.23031079913502,5412,0.2,10,1,5,1,1,0,0,6.21,0
tx_07719,6623,8.798454696065095,4814,0.55,20,1,0,1,1,0,1,8.06,0
tx_07720,130958,11.782639576096498,4121,0.2,5,1,4,0,1,0,0,13.34,0
tx_07721,41651,10.637104665649787,5412,0.2,4,0,3,0,1,0,0,0.23,0
tx_07722,2075,7.638198244285779,5968,0.7,11,0,3,1,1,0,0,27.48,0
tx_07723,13810,9.533220655077928,4121,0.2,2,0,2,1,0,0,0,7.46,0
tx_07724,17399,9.764225485202621,6011,0.85,0,1,2,1,1,0,0,5.33,0
tx_07725,5909,8.684401110400144,5812,0.45,8,0,4,1,1,1,0,2854.98,0
tx_07726,9649,9.174713194333032,4121,0.2,3,1,0,1,0,0,1,0.42,0
tx_07727,10587,9.267476563346992,5311,0.4,15,1,12,0,1,0,0,14.67,0
tx_07728,2266,7.726212650507529,4900,0.1,13,0,3,1,1,0,0,7.77,0
tx_07729,3058,8.025843344150903,7995,0.3,11,0,0,1,1,0,0,1.57,0
tx_07730,9594,9.1689974084418,5691,0.35,11,0,1,1,1,0,0,8.11,0
tx_07731,8952,9.099743950634156,5311,0.4,2,0,3,1,1,0,0,9.54,0
tx_07732,4155,8.332308352219117,4900,0.1,9,1,2,1,0,0,0,2.55,0
tx_07733,3830,8.25088114470065,5691,0.35,1,1,3,1,1,1,0,4024.91,1
tx_07734,7479,8.919988070968524,4121,0.2,8,1,4,0,1,0,1,4.27,1
tx_07735,18902,9.847075918610166,4900,0.1,16,0,2,1,1,0,0,3.55,0
tx_07736,7574,8.93260863037757,4829,0.8,23,1,0,1,1,0,0,11.07,0
tx_07737,38054,10.546787760701491,5712,0.25,7,1,3,-1,1,0,0,1.74,0
tx_07738,4205,8.344267356262645,5812,0.45,6,1,2,1,-1,0,0,2.83,0
tx_07739,9785,9.188708071849069,5412,0.2,16,0,6,0,1,0,0,1.25,0
tx_07740,5817,8.668711839055147,4814,0.55,22,0,3,1,1,0,0,4.02,0
tx_07741,14239,9.563810184965966,5411,0.1,7,1,2,1,1,0,0,3.33,0
tx_07742,3876,8.262816937670928,5968,0.7,20,0,2,1,1,0,0,5.79,0
tx_07743,50828,10.836222336826216,4829,0.8,7,0,3,0,1,1,1,1327.83,0
tx_07744,1634,7.399398083331354,4829,0.8,15,0,6,0,1,0,0,11.2,0
tx_07745,41559,10.634893445213164,4814,0.55,5,0,0,1,-1,0,1,5.78,0
tx_07746,8872,9.090768236835338,5968,0.7,6,1,1,1,-1,0,0,23.23,0
tx_07747,13766,9.530029703062944,4814,0.55,23,0,1,1,1,0,0,2.35,0
tx_07748,28940,10.273014553838664,5712,0.25,9,1,1,1,0,1,0,3266.97,0
tx_07749,18397,9.819997242037102,7995,0.3,0,1,2,1,1,0,0,14.85,0
tx_07750,4071,8.311889558230359,5712,0.25,18,0,0,-1,1,0,0,48.0,0
tx_07751,14404,9.575330647518628,5411,0.1,3,1,2,1,1,1,0,3102.9,0
tx_07752,48015,10.779289567680149,4829,0.8,2,0,2,1,-1,0,0,3.11,0
tx_07753,3506,8.162516250140179,4121,0.2,20,0,3,1,-1,0,1,5.05,0
tx_07754,60942,11.017694280077595,4829,0.8,8,1,0,1,1,0,0,5.36,0
tx_07755,11750,9.371693622333941,7995,0.3,3,0,0,-1,1,0,0,2.21,0
tx_07756,5397,8.59378379357795,4829,0.8,23,0,2,1,1,0,0,5.07,0
tx_07757,3486,8.156797046675651,4121,0.2,6,0,6,0,1,0,1,41.58,0
tx_07758,6588,8.793156870913819,5968,0.7,15,1,1,1,0,0,0,0.66,0
tx_07759,1271,7.148345743900068,5411,0.1,6,0,1,1,1,0,0,0.27,0
tx_07760,5490,8.610865667278873,5311,0.4,13,0,0,1,1,0,0,0.8,0
tx_07761,6345,8.75557997214314,5814,0.3,16,0,4,0,1,0,0,1.62,0
tx_07762,2935,7.984803389734406,5691,0.35,18,1,4,1,1,1,0,1681.18,0
tx_07763,16575,9.71571114505921,6011,0.85,9,1,3,1,1,0,0,1.88,0
tx_07764,6617,8.797548488481558,5412,0.2,14,1,3,1,0,0,0,1.43,0
tx_07765,4452,8.401333305321703,5812,0.45,20,0,1,1,1,0,0,8.51,0
tx_07766,5980,8.696343057044556,6011,0.85,20,0,3,0,1,0,0,1.59,0
tx_07767,11413,9.342595951096653,5412,0.2,17,1,3,-1,1,1,0,4191.24,1
tx_07768,8732,9.074864232413733,4900,0.1,9,1,2,1,0,0,0,0.47,0
tx_07769,4185,8.339500903005945,7995,0.3,12,0,3,1,0,0,0,16.35,0
tx_07770,9178,9.12467354521909,4900,0.1,23,0,2,1,1,0,0,24.72,0
tx_07771,7762,8.95712413640568,4121,0.2,5,1,4,1,1,0,0,6.72,0
tx_07772,2759,7.9229859587111955,5712,0.25,16,1,3,1,1,0,0,5.77,0
tx_07773,6192,8.731174900938061,7995,0.3,19,0,1,1,1,1,0,1804.91,0
tx_07774,14123,9.555630757048277,4814,0.55,11,0,0,1,1,0,0,13.15,0
tx_07775,14026,9.54873932271967,5968,0.7,20,0,7,0,1,0,0,1.24,0
tx_07776,6547,8.786914938491025,5968,0.7,10,0,2,1,-1,0,0,3.68,0
tx_07777,15492,9.648143587996293,7995,0.3,20,1,9,0,1,0,0,16.04,0
tx_07778,3211,8.074649075066652,5411,0.1,15,1,2,0,1,0,0,2.58,0
tx_07779,3306,8.103796712981794,4900,0.1,1,0,0,-1,1,0,0,5.99,0
tx_07780,6416,8.766705997750515,5691,0.35,19,1,1,-1,1,0,0,21.21,0
tx_07781,33788,10.427890584715806,4814,0.55,16,1,3,1,1,0,0,87.44,0
tx_07782,9512,9.160414563206457,5968,0.7,5,1,3,1,1,0,1,16.16,0
tx_07783,6270,8.74369111054302,5812,0.45,16,1,6,0,-1,0,0,1.08,0
tx_07784,35316,10.47211971339814,5412,0.2,12,1,8,0,1,0,0,2.15,0
tx_07785,6202,8.732788324973118,5691,0.35,22,1,0,1,-1,0,0,21.22,0
tx_07786,68061,11.12817433345917,5812,0.45,7,1,2,1,1,0,0,2.02,0
tx_07787,5011,8.51959031601596,5691,0.35,6,1,10,0,1,0,0,14.09,0
tx_07788,3115,8.044305406990638,5968,0.7,1,0,1,1,1,0,0,39.1,0
tx_07789,6954,8.847216104357543,6011,0.85,18,0,0,1,1,0,0,17.84,0
tx_07790,6429,8.768729817231666,7995,0.3,23,1,2,1,0,0,0,42.6,0
tx_07791,3781,8.238008249218403,5712,0.25,16,0,4,1,1,0,0,1.26,0
tx_07792,96476,11.477059916950205,5814,0.3,8,0,0,1,1,0,0,0.48,0
tx_07793,11024,9.307920700315046,5311,0.4,21,1,0,1,1,0,0,1.93,0
tx_07794,12660,9.446281681520253,4121,0.2,6,1,10,0,1,0,0,4.98,0
tx_07795,5252,8.566554620953962,5411,0.1,16,0,1,1,1,0,0,1.66,0
tx_07796,4705,8.456593569287309,6011,0.85,14,0,6,0,1,0,0,1.94,0
tx_07797,21578,9.979475898535465,4814,0.55,20,1,0,1,1,0,0,4.17,0
tx_07798,1658,7.413970290190444,5691,0.35,23,0,6,0,0,1,0,3338.84,1
tx_07799,2750,7.919719760924575,4829,0.8,8,0,0,1,1,0,0,13.47,0
tx_07800,6440,8.77043908654689,5412,0.2,2,0,5,1,1,0,0,5.04,0
tx_07801,29398,10.288715939142856,4829,0.8,3,1,1,1,1,0,0,2.43,0
tx_07802,5707,8.649623978596727,5814,0.3,17,0,0,1,1,0,0,15.56,0
tx_07803,12095,9.400630098419315,5968,0.7,8,0,4,1,1,0,0,152.75,0
tx_07804,8362,9.031572493381526,5814,0.3,3,0,3,1,1,0,0,8.6,0
tx_07805,27907,10.236668665059128,5812,0.45,19,0,9,0,1,0,1,2.6,0
tx_07806,1807,7.4999765409521215,4900,0.1,15,1,3,1,1,0,0,0.67,0
tx_07807,16389,9.704426671737876,5691,0.35,3,1,3,-1,1,0,0,3.56,0
tx_07808,6743,8.81640849968169,4814,0.55,17,0,0,1,1,0,0,1.18,0
tx_07809,19610,9.883845912280838,5411,0.1,15,1,3,1,1,0,0,9.02,0
tx_07810,3740,8.227108234348146,5691,0.35,23,1,1,-1,1,0,0,36.87,0
tx_07811,8336,9.028458718410613,5812,0.45,23,0,2,1,1,0,1,1.75,0
tx_07812,7389,8.907883013942248,4814,0.55,23,1,11,0,0,0,0,2.44,0
tx_07813,3143,8.053251153549096,5968,0.7,21,0,1,1,1,0,0,11.63,0
tx_07814,2413,7.789040401657477,5412,0.2,19,0,2,1,1,0,0,2.05,0
tx_07815,4693,8.454040376410969,6011,0.85,16,1,3,0,1,0,0,0.6,0
tx_07816,9215,9.128696382935672,5691,0.35,13,1,1,1,1,0,0,20.5,0
tx_07817,3968,8.286269452783065,5691,0.35,19,0,1,1,1,0,0,0.92,0
tx_07818,5953,8.691818541575723,5812,0.45,23,1,2,1,0,0,0,4.38,0
tx_07819,1358,7.214504414151143,5968,0.7,2,1,1,1,1,0,0,4.13,0
tx_07820,5728,8.653296274408579,4829,0.8,3,0,4,1,1,0,0,2.91,0
tx_07821,21538,9.977620524377356,5691,0.35,11,1,0,1,1,0,0,10.04,0
tx_07822,15916,9.675142999429854,4121,0.2,7,1,3,1,1,0,0,0.78,0
tx_07823,7500,8.922791623969637,5412,0.2,12,0,1,1,1,0,0,7.42,0
tx_07824,10266,9.236690147298965,5968,0.7,7,0,1,-1,1,1,0,972.73,0
tx_07825,3708,8.21851757748959,6011,0.85,18,0,2,-1,1,0,1,5.13,0
tx_07826,38116,10.54841565582547,4900,0.1,21,1,4,0,-1,0,0,1.79,1
tx_07827,58078,10.969559431719599,5411,0.1,6,0,10,0,1,0,0,5.54,0
tx_07828,9526,9.161885151706779,5691,0.35,18,0,5,0,1,0,0,13.07,0
tx_07829,95447,11.466336875555637,5411,0.1,2,0,3,1,1,0,0,3.96,0
tx_07830,4268,8.359134886757962,4829,0.8,19,0,2,1,1,0,0,3.28,0
tx_07831,2482,7.817222785508166,5311,0.4,16,1,1,1,1,0,0,1.85,0
tx_07832,4151,8.331345424845724,5411,0.1,17,1,3,1,1,1,0,2940.43,0
tx_07833,6612,8.796792687674662,5691,0.35,11,0,3,0,1,0,0,15.86,0
tx_07834,73250,11.201647178663261,6011,0.85,2,1,2,1,-1,0,0,4.39,0
tx_07835,6236,8.738254576526122,5691,0.35,20,1,1,1,1,0,0,25.71,0
tx_07836,3599,8.1886891244442,5411,0.1,2,1,5,0,1,0,0,3.54,0
tx_07837,3469,8.151909872940905,5812,0.45,11,1,3,1,1,0,0,48.19,0
tx_07838,24057,10.088222860554017,5814,0.3,4,0,3,-1,0,0,0,0.46,0
tx_07839,21007,9.952658596542577,5412,0.2,20,0,0,-1,1,0,0,2.51,0
tx_07840,5136,8.544224530467268,5412,0.2,13,1,1,1,-1,0,0,1.8,0
tx_07841,1371,7.22402480828583,4900,0.1,12,1,2,1,1,0,0,4.3,0
tx_07842,2788,7.933438387627489,6011,0.85,7,0,3,1,0,0,0,9.88,0
tx_07843,41787,10.640364495957398,6011,0.85,18,0,2,1,0,0,0,107.29,0
tx_07844,15671,9.659630959624376,4829,0.8,5,0,9,0,1,0,0,5.55,1
tx_07845,8668,9.06750872286864,5311,0.4,17,0,3,1,1,0,0,13.7,0
tx_07846,48077,10.780579971006125,4900,0.1,23,1,1,1,1,0,0,1.86,0
tx_07847,52343,10.865592596549575,6011,0.85,6,1,0,1,1,1,0,4661.41,1
tx_07848,7872,8.971194463184467,4121,0.2,16,0,1,1,1,0,0,11.18,0
tx_07849,8010,8.988570876215118,4829,0.8,7,0,2,1,-1,0,0,0.8,0
tx_07850,4685,8.452334619067742,5311,0.4,22,0,0,1,1,0,0,1.25,0
tx_07851,6215,8.734881892047483,5691,0.35,21,0,6,1,1,0,0,5.45,0
tx_07852,1985,7.593877844605118,4900,0.1,7,0,3,0,1,0,0,4.07,0
tx_07853,1977,7.589841512182657,5691,0.35,5,0,1,1,1,0,0,6.43,0
tx_07854,1585,7.368970402194793,5814,0.3,1,1,1,1,1,0,0,0.66,0
tx_07855,22818,10.035348801246425,5968,0.7,16,0,3,1,-1,0,0,3.29,0
tx_07856,1848,7.522400231387125,4814,0.55,22,0,5,0,1,0,0,3.64,0
tx_07857,51929,10.857651936838364,4814,0.55,3,1,0,1,1,0,0,6.24,0
tx_07858,4070,8.31164394850298,4814,0.55,19,0,0,1,1,0,0,13.69,0
tx_07859,42432,10.65568164038699,6011,0.85,18,1,0,1,1,0,0,5.23,0
tx_07860,5758,8.658519127506672,5812,0.45,11,0,2,1,1,0,0,1.33,0
tx_07861,1840,7.518064181233078,5691,0.35,5,1,2,-1,1,0,0,7.31,0
tx_07862,27578,10.224809892531864,5968,0.7,15,1,7,0,1,0,0,0.61,0
tx_07863,30852,10.336989269338149,5712,0.25,14,1,1,1,1,0,0,5.57,0
tx_07864,3444,8.144679183447758,4900,0.1,19,1,1,1,1,0,0,8.84,0
tx_07865,5944,8.690305809124883,5691,0.35,13,1,0,1,0,0,0,4.59,0
tx_07866,3445,8.144969417087875,5812,0.45,1,1,3,1,1,0,0,10.86,0
tx_07867,7264,8.890823576004383,4121,0.2,4,0,2,1,1,0,0,1.01,0
tx_07868,9024,9.107753783201082,5712,0.25,9,1,3,1,1,0,1,75.2,0
tx_07869,5833,8.671458150427666,5412,0.2,11,1,0,1,1,0,0,1.64,0
tx_07870,1447,7.277938572945661,4121,0.2,8,0,0,1,1,0,0,0.22,0
tx_07871,4691,8.453614209773367,4900,0.1,21,0,1,1,1,0,0,1.07,0
tx_07872,15891,9.67357111693449,5412,0.2,6,1,1,1,1,0,1,167.29,0
tx_07873,6679,8.806873266530692,5311,0.4,16,0,0,1,1,0,0,18.32,0
tx_07874,5968,8.69433468816865,5311,0.4,8,0,1,1,1,0,0,1.08,0
tx_07875,3364,8.121183242078828,5812,0.45,23,1,5,1,1,0,0,20.27,0
tx_07876,4562,8.425735580927402,5411,0.1,21,1,3,1,1,0,0,22.97,0
tx_07877,31060,10.343708291934567,5412,0.2,18,1,3,-1,1,0,0,0.87,0
tx_07878,2758,7.922623574217286,5968,0.7,18,1,6,1,1,0,1,21.42,0
tx_07879,16154,9.689984878258599,4814,0.55,15,1,3,1,1,0,0,3.02,0
tx_07880,8517,9.049936850483158,5411,0.1,14,1,0,1,1,0,1,11.44,0
tx_07881,10278,9.237858258012922,4814,0.55,13,0,1,1,-1,0,0,15.68,0
tx_07882,4062,8.309676895987726,6011,0.85,0,0,7,0,1,0,0,15.26,0
tx_07883,5831,8.671115273688494,4829,0.8,22,1,3,1,1,0,0,3.89,0
tx_07884,8101,8.999866223762636,5968,0.7,23,0,4,0,1,0,0,1.85,0
tx_07885,4967,8.510772623613315,4829,0.8,12,0,1,1,1,0,0,9.3,0
tx_07886,11159,9.320091235935301,5311,0.4,20,1,1,1,0,0,0,13.26,0
tx_07887,12578,9.439784035838873,5712,0.25,9,0,2,1,0,0,0,8.67,0
tx_07888,64167,11.06925992304676,5968,0.7,2,0,0,1,1,0,0,4.59,0
tx_07889,10609,9.26955223160803,4829,0.8,20,1,0,1,1,0,0,11.1,0
tx_07890,1324,7.1891677384203225,4829,0.8,12,0,2,1,1,0,0,0.7,0
tx_07891,24589,10.110095135210239,6011,0.85,22,0,1,1,1,0,1,11.91,0
tx_07892,6711,8.811652248147043,5311,0.4,5,1,1,1,0,0,0,3.87,0
tx_07893,55078,10.916523797267468,4829,0.8,11,1,1,1,1,0,0,18.79,0
tx_07894,32943,10.40256442926757,5814,0.3,16,0,1,1,1,0,0,6.0,0
tx_07895,5040,8.525359754082631,4814,0.55,3,1,1,0,1,0,0,10.2,0
tx_07896,16171,9.691036630760662,6011,0.85,23,0,3,1,0,0,0,9.97,0
tx_07897,4633,8.441175704992322,6011,0.85,14,1,3,1,1,0,0,3.17,0
tx_07898,8166,9.007856923358275,5968,0.7,4,1,4,1,1,0,0,2.01,0
tx_07899,15481,9.647433337764658,5311,0.4,17,0,1,1,1,0,0,15.22,0
tx_07900,23448,10.062583129041906,4814,0.55,21,1,1,1,0,0,0,7.31,0
tx_07901,19065,9.855661923053523,5411,0.1,8,0,2,1,0,0,0,6.9,0
tx_07902,8747,9.076580381796658,5311,0.4,14,0,7,0,1,0,0,14.98,0
tx_07903,86200,11.364437057512568,7995,0.3,17,1,2,1,1,0,0,10.41,0
tx_07904,5758,8.658519127506672,5712,0.25,3,0,1,1,0,0,1,25.33,1
tx_07905,1769,7.478734825567875,7995,0.3,12,1,3,1,1,0,0,3.25,0
tx_07906,2124,7.661527081358517,5814,0.3,13,1,2,1,1,0,0,9.41,0
tx_07907,33040,10.405504493520723,5814,0.3,7,0,1,1,1,0,0,24.61,0
tx_07908,7573,8.93247660846174,4814,0.55,7,0,0,1,1,0,0,2.36,0
tx_07909,9474,9.156412029950626,4121,0.2,15,0,0,1,1,0,0,1.55,0
tx_07910,4865,8.490027523343468,4121,0.2,18,1,0,1,1,0,0,4.41,0
tx_07911,5298,8.575273402492762,5712,0.25,9,0,2,1,1,0,0,5.18,0
tx_07912,3856,8.257644958208228,4829,0.8,3,0,3,1,1,0,0,6.51,0
tx_07913,12743,9.452815851589884,7995,0.3,18,1,2,1,1,1,0,2589.79,1
tx_07914,7425,8.912742634737025,4814,0.55,4,1,1,1,1,0,0,9.38,0
tx_07915,12313,9.418492105471156,7995,0.3,0,0,2,1,1,0,0,113.98,0
tx_07916,11245,9.327767788852148,5812,0.45,7,0,5,1,1,0,1,22.96,0
tx_07917,5435,8.600798775271034,4814,0.55,19,1,0,1,1,0,0,2.39,0
tx_07918,2037,7.61972421378267,4121,0.2,18,1,5,1,1,0,0,14.52,0
tx_07919,1876,7.537430036586509,5411,0.1,7,0,0,1,1,0,0,4.74,0
tx_07920,144421,11.880494848406721,5311,0.4,12,1,2,-1,1,0,0,10.74,0
tx_07921,33171,10.409461425571095,5311,0.4,23,0,4,0,1,0,0,7.3,0
tx_07922,29096,10.278390355061653,5691,0.35,17,1,2,1,1,0,0,0.6,0
tx_07923,4291,8.36450810375059,4814,0.55,18,1,1,1,1,0,1,2.11,0
tx_07924,8219,9.014325488050225,4814,0.55,2,0,6,0,1,0,0,5.95,0
tx_07925,3754,8.230843564198235,5812,0.45,5,1,0,1,1,0,0,12.26,0
tx_07926,2342,7.759187438507795,7995,0.3,2,1,1,1,1,0,0,1.32,0
tx_07927,4656,8.446126742982377,4900,0.1,23,0,5,1,1,0,0,26.22,0
tx_07928,28711,10.265070432827443,7995,0.3,8,0,0,1,1,0,0,14.59,0
tx_07929,18104,9.803943422199742,5311,0.4,11,0,1,1,-1,0,0,1.53,0
tx_07930,3241,8.08394570229562,5311,0.4,13,0,1,1,1,0,0,4.92,0
tx_07931,6040,8.706324840138741,4814,0.55,12,1,2,1,1,0,0,14.67,0
tx_07932,16595,9.716916981452759,5411,0.1,1,0,2,1,1,0,0,20.66,0
tx_07933,4735,8.462948176563842,5412,0.2,21,0,3,1,1,0,0,0.98,0
tx_07934,8785,9.080914824535725,5812,0.45,9,1,1,1,1,0,0,2.27,0
tx_07935,11931,9.386979145634639,4829,0.8,22,0,2,1,1,0,0,17.19,0
tx_07936,11808,9.376617231601282,4829,0.8,18,0,0,1,1,0,0,1.27,0
tx_07937,10369,9.246672301223573,5412,0.2,16,1,3,1,1,0,0,10.2,0
tx_07938,4377,8.384347278082808,4121,0.2,16,1,0,-1,0,0,0,4.91,0
tx_07939,4826,8.481980435660493,4829,0.8,23,0,2,1,1,0,0,3.87,0
tx_07940,2774,7.928406026180535,5712,0.25,7,1,1,1,1,0,0,0.3,0
tx_07941,1848,7.522400231387125,7995,0.3,7,1,2,1,1,0,0,17.81,0
tx_07942,7304,8.8963143241848,5712,0.25,16,1,1,1,1,0,0,2.04,0
tx_07943,17688,9.780698256443507,4829,0.8,5,0,2,1,1,0,0,2.42,0
tx_07944,2195,7.694392802629421,7995,0.3,19,1,4,1,1,0,0,8.84,0
tx_07945,10556,9.264544425989694,5691,0.35,0,1,0,-1,1,0,0,4.99,0
tx_07946,17164,9.750627705891793,5814,0.3,21,1,0,1,1,0,0,4.96,0
tx_07947,1423,7.261225091971921,4829,0.8,8,1,1,1,1,0,0,4.15,0
tx_07948,6299,8.748304912379623,5712,0.25,0,1,8,0,1,0,0,2.54,0
tx_07949,38912,10.569083664008783,4814,0.55,14,1,0,1,1,0,0,2.35,0
tx_07950,13760,9.529593783265282,5712,0.25,6,0,2,1,0,0,0,10.1,0
tx_07951,1378,7.229113877793302,4829,0.8,7,1,3,1,1,0,0,1.59,0
tx_07952,15223,9.630628408975985,6011,0.85,11,0,8,1,1,0,1,2.26,0
tx_07953,4003,8.295049140435111,4121,0.2,13,1,2,1,1,0,0,5.26,0
tx_07954,15708,9.661989075499939,5812,0.45,3,0,7,0,1,0,0,10.45,0
tx_07955,4228,8.34972083747249,4814,0.55,1,0,1,1,1,0,0,2.0,0
tx_07956,7745,8.954931860074698,5812,0.45,11,1,3,1,-1,0,0,1.85,0
tx_07957,4888,8.494743062578646,5412,0.2,8,0,1,1,1,0,0,3.49,0
tx_07958,8170,9.008346579384707,7995,0.3,13,1,1,1,1,0,1,1.69,0
tx_07959,4752,8.46653127661401,5812,0.45,17,0,2,-1,1,0,0,4.26,0
tx_07960,6587,8.79300509129753,5411,0.1,14,1,0,1,1,0,0,0.33,0
tx_07961,2666,7.888709524182015,4814,0.55,2,1,1,1,1,0,1,29.96,0
tx_07962,12982,9.471396088360253,5712,0.25,23,0,3,1,-1,0,0,4.54,0
tx_07963,9621,9.171807422259398,5412,0.2,17,0,5,0,1,0,0,0.58,0
tx_07964,1754,7.470224135899966,4121,0.2,1,0,2,1,0,0,0,2.46,0
tx_07965,20920,9.948508718183648,5712,0.25,18,0,2,1,1,0,0,5.27,0
tx_07966,6889,8.837826364007704,4829,0.8,21,1,0,1,1,0,0,4.23,0
tx_07967,9498,9.158941808890182,4900,0.1,13,1,2,1,1,0,0,0.99,0
tx_07968,16840,9.731571668456054,4121,0.2,19,0,1,1,1,0,0,21.6,0
tx_07969,11126,9.3171298661577,5411,0.1,21,1,1,1,1,0,1,13.67,0
tx_07970,24640,10.112167001239515,4900,0.1,23,1,6,0,0,0,0,1.02,0
tx_07971,6164,8.726643415598444,4814,0.55,22,0,7,0,1,0,0,7.21,0
tx_07972,21761,9.987920608510958,5412,0.2,4,0,4,-1,-1,0,0,1.61,0
tx_07973,9154,9.122055457108612,4900,0.1,0,0,0,1,1,0,0,0.95,0
tx_07974,13193,9.487517459782817,4814,0.55,15,1,4,0,1,0,0,1.61,0
tx_07975,11952,9.38873757187798,5412,0.2,16,1,2,1,1,0,0,11.69,0
tx_07976,26473,10.183918398273716,4121,0.2,13,0,1,1,1,0,0,1.43,0
tx_07977,16164,9.690603690159534,7995,0.3,5,1,3,-1,1,0,0,6.61,0
tx_07978,5347,8.584477938221834,5412,0.2,22,0,12,0,1,0,0,0.86,0
tx_07979,4429,8.39615486303918,7995,0.3,9,1,3,0,1,0,0,10.86,1
tx_07980,7769,8.958025443361693,6011,0.85,17,0,0,1,1,0,0,3.36,0
tx_07981,3956,8.283241441385425,7995,0.3,14,0,4,1,1,0,0,7.88,0
tx_07982,2998,8.00603417874901,5691,0.35,21,1,3,-1,-1,0,0,1.08,0
tx_07983,1079,6.984716320118266,5411,0.1,17,1,3,-1,1,0,0,62.23,0
tx_07984,1869,7.533693709848633,5814,0.3,15,1,3,1,1,0,0,48.13,0
tx_07985,53707,10.8913172451926,4814,0.55,20,0,2,1,-1,0,0,0.22,0
tx_07986,4366,8.381831553485561,5968,0.7,1,1,4,1,1,0,0,22.12,0
tx_07987,49685,10.813478482261756,5311,0.4,16,0,1,1,-1,0,0,5.78,0
tx_07988,11946,9.388235479817224,4121,0.2,14,0,1,1,-1,0,0,8.58,0
tx_07989,7769,8.958025443361693,4900,0.1,18,0,2,-1,1,0,1,8.0,0
tx_07990,1958,7.580189417944541,4900,0.1,5,1,1,1,1,1,0,4886.48,1
tx_07991,8181,9.009691898489343,4121,0.2,14,0,6,0,0,1,0,4893.37,1
tx_07992,49156,10.802774536594097,5812,0.45,6,0,1,1,1,0,0,0.8,0
tx_07993,35772,10.484948697900347,4814,0.55,2,1,3,1,1,0,0,2.19,0
tx_07994,10569,9.265775078864284,5968,0.7,13,0,2,1,1,0,0,1.88,0
tx_07995,2735,7.914252278742441,5412,0.2,0,1,1,1,1,0,0,4.98,0
tx_07996,3281,8.096208271650037,5814,0.3,2,1,7,0,1,0,0,4.8,0
tx_07997,3624,8.195609567288775,5311,0.4,12,1,2,1,0,0,0,2.64,0
tx_07998,27431,10.219465494142757,4814,0.55,21,1,1,-1,1,0,0,2.13,0
tx_07999,38380,10.555317824459362,4829,0.8,17,1,1,1,1,0,0,10.98,0
tx_08000,9811,9.19136140537838,5812,0.45,0,0,3,-1,1,0,0,1.37,0
tx_08001,6107,8.717354666338522,5814,0.3,2,0,2,1,1,0,0,12.2,0
tx_08002,35470,10.476470740209276,4900,0.1,10,1,1,1,0,0,0,4.62,0
tx_08003,3215,8.075893630298857,5311,0.4,10,1,4,1,0,0,0,2.51,0
tx_08004,8556,9.054504940418054,7995,0.3,0,1,0,1,1,0,0,1.48,0
tx_08005,12645,9.445096238618559,5968,0.7,6,1,1,1,1,0,0,26.23,0
tx_08006,3589,8.185907481482324,5411,0.1,3,1,2,-1,0,0,0,0.61,0
tx_08007,4452,8.401333305321703,4900,0.1,13,1,12,0,1,0,0,8.31,0
tx_08008,4134,8.327242607457793,5311,0.4,15,0,0,1,1,0,0,4.2,0
tx_08009,31290,10.35108579524461,5691,0.35,9,0,1,1,1,0,0,3.6,0
tx_08010,50202,10.82383006485038,5691,0.35,13,0,1,1,1,0,0,1.05,0
tx_08011,9084,9.114379980830272,4829,0.8,4,1,6,0,-1,1,0,2928.96,1
tx_08012,6313,8.750524669117937,4121,0.2,20,1,1,0,1,0,0,80.29,0
tx_08013,4607,8.435549202375727,5412,0.2,0,1,3,1,1,0,0,18.34,0
tx_08014,8159,9.006999447958153,5968,0.7,12,1,0,1,1,0,0,16.54,0
tx_08015,4829,8.482601746646619,4829,0.8,7,0,1,1,1,0,0,11.61,0
tx_08016,7428,8.913146539151807,5411,0.1,10,0,2,1,-1,0,0,6.79,0
tx_08017,12061,9.397815294010933,4829,0.8,12,1,1,1,-1,0,1,28.2,0
tx_08018,5542,8.620291149419804,4900,0.1,15,0,0,1,1,0,0,6.48,0
tx_08019,6803,8.825265953515752,5712,0.25,22,0,4,0,1,0,0,84.97,0
tx_08020,6829,8.829079952564836,5311,0.4,13,1,1,1,1,0,0,23.17,0
tx_08021,6024,8.703672758358856,4900,0.1,5,0,5,-1,1,0,0,7.71,0
tx_08022,5355,8.585972706811063,7995,0.3,12,0,6,0,1,0,0,11.0,0
tx_08023,16802,9.729312720877942,4829,0.8,12,1,2,1,1,0,0,4.7,0
tx_08024,1515,7.323830566202317,4829,0.8,20,0,5,1,-1,0,0,40.86,0
tx_08025,36342,10.500756892202675,7995,0.3,13,1,3,1,0,0,0,2.51,0
tx_08026,9264,9.13399913871946,5691,0.35,20,0,0,1,1,0,0,11.17,0
tx_08027,14540,9.584727524513486,4121,0.2,15,1,0,1,1,0,0,5.88,0
tx_08028,16220,9.694061978050115,5411,0.1,13,0,1,-1,1,0,0,1.96,0
tx_08029,4157,8.332789468417959,5691,0.35,7,0,5,0,1,0,0,8.41,0
tx_08030,3417,8.136810863675537,4900,0.1,6,0,1,1,0,0,0,0.19,0
tx_08031,3055,8.024862150286411,5691,0.35,2,1,1,1,0,0,0,14.79,0
tx_08032,6441,8.770594329891145,5812,0.45,13,1,2,1,0,1,0,600.62,1
tx_08033,15826,9.669472621333282,4900,0.1,22,0,2,1,1,0,1,2.69,0
tx_08034,4678,8.450839690866216,5968,0.7,0,0,4,1,1,0,0,3.29,0
tx_08035,14512,9.582800078470363,5412,0.2,22,0,12,0,-1,0,0,4.03,0
tx_08036,859,6.756932389247553,7995,0.3,20,1,0,1,1,0,0,17.32,0
tx_08037,5647,8.639056779173078,4814,0.55,10,1,2,1,1,0,0,31.79,0
tx_08038,24685,10.113991560303875,5311,0.4,7,1,5,0,1,0,0,24.39,0
tx_08039,6924,8.842893331055539,5814,0.3,13,0,2,1,1,0,1,20.82,0
tx_08040,3705,8.217708406845306,6011,0.85,20,0,0,1,1,0,0,7.97,0
tx_08041,4364,8.381373468273702,4900,0.1,0,1,0,1,1,0,0,0.45,0
tx_08042,459,6.131226489483141,7995,0.3,10,1,1,1,1,0,0,3.96,0
tx_08043,3115,8.044305406990638,4829,0.8,1,1,1,1,1,0,0,15.33,0
tx_08044,22238,10.00960278332483,5411,0.1,15,0,0,1,1,0,0,15.04,0
tx_08045,4683,8.451907724717607,5311,0.4,1,0,1,1,1,0,0,3.98,0
tx_08046,5239,8.564076777315087,5411,0.1,7,1,1,1,0,0,0,0.53,0
tx_08047,889,6.7912214627261855,6011,0.85,17,0,2,1,1,0,0,14.57,0
tx_08048,1730,7.456454555176209,5814,0.3,18,1,3,1,1,0,0,1.76,0
tx_08049,25228,10.135749405494865,5968,0.7,5,0,6,1,1,0,0,1.76,0
tx_08050,14641,9.591649390206587,4900,0.1,12,0,0,1,1,0,0,17.33,0
tx_08051,2375,7.773173680482536,7995,0.3,4,1,3,-1,1,0,0,6.12,0
tx_08052,4474,8.406261630708956,5412,0.2,14,1,1,1,1,0,0,14.86,0
tx_08053,7922,8.977525200965243,5812,0.45,0,1,7,0,1,0,0,0.96,0
tx_08054,2615,7.86940171257709,5812,0.45,19,1,2,-1,1,0,0,4.52,0
tx_08055,1213,7.101675971619444,5812,0.45,0,1,2,1,1,0,0,0.69,0
tx_08056,7002,8.854093907655518,5712,0.25,14,0,1,1,1,0,0,17.15,0
tx_08057,14033,9.549238235812235,5412,0.2,9,1,2,1,1,0,0,13.34,0
tx_08058,14292,9.567525185909115,5812,0.45,5,1,2,1,1,0,0,1.57,0
tx_08059,18707,9.836706518845777,6011,0.85,13,1,3,-1,1,0,0,3.75,0
tx_08060,1862,7.529943370601589,5411,0.1,3,1,1,-1,1,0,0,10.4,0
tx_08061,8606,9.060331104649475,5691,0.35,13,0,0,1,1,0,0,1.52,0
tx_08062,6312,8.750366278367625,4829,0.8,15,0,5,0,1,0,0,0.63,1
tx_08063,7497,8.922391597295857,5311,0.4,10,0,2,0,0,0,0,4.73,0
tx_08064,6661,8.804175018753625,5814,0.3,8,0,4,1,1,0,0,12.55,0
tx_08065,4349,8.37793112408273,5712,0.25,11,0,5,0,-1,0,0,1.51,0
tx_08066,463,6.139884552226255,4829,0.8,22,0,3,1,1,0,0,24.86,0
tx_08067,24561,10.10895581217033,5691,0.35,18,1,3,-1,1,0,0,8.04,0
tx_08068,11144,9.31874624581997,5968,0.7,0,0,6,0,1,0,0,23.52,0
tx_08069,1988,7.5953872788539725,4814,0.55,6,0,0,1,1,0,0,1.41,0
tx_08070,12767,9.45469731968959,4121,0.2,0,0,0,1,1,0,0,1.48,0
tx_08071,5325,8.580355766373877,5411,0.1,5,0,1,-1,1,0,0,2.24,0
tx_08072,5471,8.607399459302387,5812,0.45,18,0,1,1,1,0,0,28.68,0
tx_08073,3925,8.275376374836407,5311,0.4,20,0,4,1,1,0,0,5.4,0
tx_08074,13565,9.515321941506025,5968,0.7,10,0,2,1,1,0,0,3.93,0
tx_08075,3810,8.24564690087386,5968,0.7,16,0,0,1,1,0,0,25.64,0
tx_08076,2873,7.96346006663897,5691,0.35,8,0,2,1,1,0,1,1.15,0
tx_08077,23869,10.080377719332876,5411,0.1,11,1,1,1,0,0,0,6.8,0
tx_08078,6872,8.835355971121606,4121,0.2,19,0,1,-1,0,0,0,4.41,0
tx_08079,7080,8.865170419651774,5968,0.7,6,1,2,0,1,0,0,34.25,0
tx_08080,15725,9.663070672551461,6011,0.85,7,0,2,0,1,1,0,2608.46,1
tx_08081,4320,8.371242135931933,5412,0.2,3,0,2,1,-1,0,0,2.75,0
tx_08082,5221,8.560635749259074,5691,0.35,5,0,2,1,0,0,0,38.51,0
tx_08083,10890,9.295692039075686,5814,0.3,0,1,1,1,-1,0,0,6.18,0
tx_08084,1883,7.5411524551363085,5812,0.45,19,1,1,1,1,0,0,9.97,0
tx_08085,10049,9.215327913487222,4814,0.55,20,0,8,0,1,0,0,8.0,1
tx_08086,3973,8.287528423111763,5812,0.45,10,0,0,1,1,0,0,38.51,0
tx_08087,18359,9.817929664174482,6011,0.85,14,0,2,-1,1,0,0,0.27,0
tx_08088,13691,9.524566999650077,5814,0.3,5,1,2,-1,1,0,0,9.45,0
tx_08089,12076,9.399058096275375,5412,0.2,1,0,1,1,1,0,0,75.37,0
tx_08090,1770,7.479299637782834,5691,0.35,12,1,1,-1,1,0,0,1.09,0
tx_08091,7383,8.907070776182689,4900,0.1,3,1,1,0,0,0,1,1.54,0
tx_08092,2662,7.887208585813932,5812,0.45,20,1,1,1,1,0,0,6.59,0
tx_08093,7865,8.970304952991755,4900,0.1,6,1,0,1,-1,0,0,22.49,0
tx_08094,903,6.806829360392176,5311,0.4,17,0,2,1,1,0,0,7.44,0
tx_08095,1884,7.541683099882111,4900,0.1,6,1,6,0,-1,0,0,3.83,0
tx_08096,25204,10.13479766651673,5311,0.4,3,0,3,1,1,0,0,4.9,0
tx_08097,11565,9.355825038718164,5411,0.1,13,1,1,1,1,0,0,3.2,0
tx_08098,5820,8.669227347271736,4814,0.55,4,0,4,1,0,0,0,2.84,0
tx_08099,3435,8.142063283104147,5814,0.3,9,0,1,1,1,0,0,0.97,0
tx_08100,2908,7.975564658495202,5412,0.2,7,0,0,1,1,0,0,63.47,0
tx_08101,9851,9.195429759240428,7995,0.3,21,1,2,1,1,0,0,6.13,0
tx_08102,5877,8.678971846978863,4829,0.8,12,0,3,0,-1,0,0,1.47,0
tx_08103,35401,10.474523594701102,5812,0.45,17,1,0,1,-1,0,0,19.11,0
tx_08104,6834,8.82981174915805,4829,0.8,14,0,1,1,1,0,0,0.3,0
tx_08105,8612,9.061027968789174,5691,0.35,21,0,1,1,1,0,0,1.05,0
tx_08106,2178,7.68662133494462,5412,0.2,10,1,2,-1,1,0,1,7.11,0
tx_08107,5782,8.662677858158219,5412,0.2,20,0,2,-1,1,0,0,4.68,0
tx_08108,9636,9.173365135851288,5812,0.45,21,1,1,-1,1,0,0,9.79,0
tx_08109,5716,8.651199471263972,5968,0.7,22,0,3,1,1,0,0,1.66,0
tx_08110,5135,8.544029845369797,5311,0.4,16,0,3,1,1,0,0,2.95,0
tx_08111,11111,9.31578088443418,5968,0.7,23,0,2,1,0,0,0,3.91,0
tx_08112,34346,10.444269957591922,4829,0.8,17,0,2,1,-1,0,0,1.85,0
tx_08113,9348,9.143024664691316,5311,0.4,7,0,1,1,1,0,0,1.29,0
tx_08114,24153,10.09220527683532,5311,0.4,3,0,0,1,1,0,0,32.2,0
tx_08115,14701,9.595738817934032,7995,0.3,5,0,1,1,1,0,0,1.4,0
tx_08116,22818,10.035348801246425,4814,0.55,13,0,0,1,1,0,0,3.63,0
tx_08117,4564,8.426173793029069,5411,0.1,3,1,1,1,1,0,0,1.55,0
tx_08118,6691,8.808668062106715,5411,0.1,5,0,1,-1,1,0,0,2.37,0
tx_08119,6718,8.81269461292015,5968,0.7,15,1,0,1,1,0,0,0.87,0
tx_08120,13686,9.524201756211266,5412,0.2,7,0,1,1,0,0,0,1.05,0
tx_08121,17291,9.757999245787522,7995,0.3,16,1,2,1,1,0,0,3.19,0
tx_08122,9173,9.124128675157117,5814,0.3,23,1,4,1,1,0,1,3.31,1
tx_08123,18733,9.838095333769076,5812,0.45,2,1,3,-1,1,0,0,6.8,0
tx_08124,4770,8.470311205516108,5814,0.3,15,1,1,1,1,0,0,61.19,0
tx_08125,18888,9.84633502103182,4829,0.8,19,1,0,1,1,0,0,6.44,0
tx_08126,21380,9.97025795616998,5412,0.2,3,0,6,0,0,0,0,2.68,0
tx_08127,15503,9.648853334130548,5712,0.25,18,0,0,1,1,0,0,0.29,0
tx_08128,9252,9.13270310224903,4829,0.8,12,1,2,1,1,0,0,1.03,0
tx_08129,16040,9.682903223616842,4814,0.55,15,1,1,1,0,0,0,40.82,0
tx_08130,3484,8.156223323194624,4814,0.55,1,1,3,1,1,0,0,11.72,0
tx_08131,9834,9.19370273082316,5968,0.7,10,1,1,1,1,0,0,7.2,0
tx_08132,10836,9.290721483922995,5812,0.45,8,0,1,0,1,0,0,9.54,0
tx_08133,2303,7.742402021815782,4900,0.1,3,1,1,1,-1,0,0,1.21,0
tx_08134,12785,9.456106101326672,5814,0.3,18,1,2,1,1,0,0,7.48,0
tx_08135,2487,7.81923445385907,5812,0.45,12,1,1,1,1,0,0,3.71,0
tx_08136,5424,8.59877317840866,5968,0.7,21,1,1,1,-1,0,0,18.74,0
tx_08137,8459,9.04310445260027,6011,0.85,3,0,1,1,1,1,0,1219.1,1
tx_08138,4068,8.31115254800169,6011,0.85,17,1,2,-1,1,0,0,1.86,0
tx_08139,8810,9.08375621986673,4829,0.8,14,1,3,1,1,0,0,7.12,0
tx_08140,8677,9.068546366358296,5814,0.3,15,0,0,-1,1,0,0,2.88,0
tx_08141,3737,8.226305988015508,5411,0.1,7,0,2,1,1,0,0,9.95,0
tx_08142,13971,9.544810605926722,5411,0.1,16,0,3,1,1,0,0,5.06,0
tx_08143,3941,8.279443487712665,5812,0.45,5,0,3,1,1,0,0,15.98,0
tx_08144,71593,11.178766550554732,5712,0.25,18,1,1,1,1,0,0,1.59,0
tx_08145,7341,8.90136656405678,5411,0.1,10,1,6,1,1,0,0,32.03,0
tx_08146,2677,7.8928255262511176,7995,0.3,11,0,0,1,1,0,0,7.93,0
tx_08147,3197,8.0702808933939,4829,0.8,13,1,3,0,-1,0,0,5.11,0
tx_08148,24231,10.095429352707074,4814,0.55,2,0,6,0,1,0,0,16.34,0
tx_08149,5522,8.616676469901188,4121,0.2,8,0,6,1,-1,0,0,11.41,0
tx_08150,2230,7.7102051944325325,5968,0.7,4,1,2,1,-1,0,0,10.78,0
tx_08151,18328,9.816239783971849,5411,0.1,23,0,2,1,1,0,0,8.5,0
tx_08152,5488,8.610501368549889,5412,0.2,10,0,1,1,1,0,0,11.66,0
tx_08153,15152,9.625953811136162,5812,0.45,0,1,2,1,0,0,1,3.69,0
tx_08154,19810,9.893992617974327,5412,0.2,0,1,3,0,1,0,0,10.04,0
tx_08155,10571,9.26596427572418,5712,0.25,21,0,9,1,1,0,0,2.6,0
tx_08156,79323,11.28129601000572,4121,0.2,3,0,1,1,1,0,0,1.92,0
tx_08157,1582,7.367077059881012,4829,0.8,0,1,3,0,-1,0,0,2.69,1
tx_08158,3745,8.228443883004033,7995,0.3,5,1,2,1,1,0,0,0.62,0
tx_08159,6387,8.762176509334903,5412,0.2,5,0,5,0,1,0,0,1.13,0
tx_08160,69793,11.153303325170315,4829,0.8,1,0,0,-1,0,0,0,3.34,1
tx_08161,44948,10.713283792711254,5411,0.1,23,1,1,1,1,0,0,0.72,0
tx_08162,27707,10.229476459142496,5311,0.4,1,1,0,1,1,0,0,3.08,0
tx_08163,3831,8.251142139090751,4900,0.1,17,0,4,1,1,0,0,13.45,0
tx_08164,4279,8.361708288575842,5311,0.4,20,0,4,1,-1,0,0,3.34,0
tx_08165,3707,8.218247926685745,5814,0.3,15,1,2,-1,1,0,0,3.09,0
tx_08166,3870,8.261268150577648,4814,0.55,3,0,5,1,1,0,0,4.04,0
tx_08167,33632,10.423263006821703,5311,0.4,17,1,7,0,1,0,0,0.21,0
tx_08168,6461,8.773694146384443,5412,0.2,7,0,1,1,1,0,0,5.6,0
tx_08169,7326,8.899321434159964,5691,0.35,9,0,1,1,1,0,0,11.4,0
tx_08170,16998,9.74090979777877,6011,0.85,6,1,2,1,1,0,0,15.21,0
tx_08171,1677,7.425357887027151,6011,0.85,18,1,6,0,1,0,0,2.74,0
tx_08172,8563,9.055322649709574,5311,0.4,13,0,2,1,1,0,1,28.67,0
tx_08173,2873,7.96346006663897,5691,0.35,3,1,0,1,1,0,0,6.6,0
tx_08174,6158,8.725669705687043,4121,0.2,9,0,0,-1,1,0,0,16.01,0
tx_08175,4666,8.448271745949816,5712,0.25,19,0,2,1,0,0,0,3.32,0
tx_08176,4443,8.39931015075952,4829,0.8,22,1,2,0,1,0,0,27.95,0
tx_08177,10092,9.219597393238859,4814,0.55,22,1,0,1,1,0,0,2.71,0
tx_08178,10050,9.21542741102474,5812,0.45,3,1,5,0,0,0,0,7.58,0
tx_08179,6610,8.796490207333578,4829,0.8,20,1,0,1,0,0,0,5.07,0
tx_08180,11583,9.357380114625498,5412,0.2,13,1,0,1,1,0,0,1.1,0
tx_08181,3569,8.180320874773685,4814,0.55,17,1,2,1,1,0,0,31.54,0
tx_08182,15563,9.652715834104445,5814,0.3,9,1,2,1,1,0,0,3.28,0
tx_08183,6696,8.80941494391005,5814,0.3,15,1,2,1,1,0,0,1.15,0
tx_08184,5145,8.545974992841689,5712,0.25,6,1,2,1,1,0,0,1.81,0
tx_08185,3828,8.250358951477294,5968,0.7,12,0,2,1,1,0,0,12.85,0
tx_08186,6476,8.776012719182917,5412,0.2,5,1,1,1,1,0,0,34.55,0
tx_08187,48160,10.782304843886733,4829,0.8,9,1,2,-1,1,0,0,1.69,0
tx_08188,7670,8.945202263959297,4829,0.8,9,0,1,1,1,0,0,8.45,0
tx_08189,2746,7.918264686095274,4900,0.1,20,1,3,1,1,0,0,2.72,0
tx_08190,19498,9.878118461185586,4829,0.8,15,1,1,-1,1,0,0,0.3,0
tx_08191,5202,8.556990661290303,5311,0.4,15,0,4,1,1,0,0,11.57,0
tx_08192,10665,9.274816391160547,4900,0.1,6,1,0,-1,1,0,0,1.42,0
tx_08193,4582,8.430109084509125,5712,0.25,10,0,3,1,1,0,0,11.35,0
tx_08194,27499,10.221941283654663,4829,0.8,11,0,1,1,1,0,0,9.6,0
tx_08195,4647,8.444192298531748,5712,0.25,18,1,8,0,1,0,0,2.91,0
tx_08196,30734,10.33315734934111,5311,0.4,4,1,1,1,1,0,1,7.72,0
tx_08197,3006,8.008698182988528,5812,0.45,1,1,5,1,1,0,0,13.75,0
tx_08198,6167,8.727129915243166,5691,0.35,12,0,1,1,1,0,0,0.64,0
tx_08199,30797,10.335205031788359,6011,0.85,19,0,1,1,1,0,0,7.21,0
tx_08200,9556,9.16502914926618,5412,0.2,17,1,1,1,1,0,0,8.84,0
tx_08201,70478,11.163070072087157,5311,0.4,19,0,7,0,1,0,0,3.82,0
tx_08202,6307,8.74957394808293,5712,0.25,9,1,3,1,-1,0,0,33.06,0
tx_08203,10398,9.249464926660233,5812,0.45,5,1,3,1,1,0,0,6.43,0
tx_08204,49765,10.81508729892216,5412,0.2,15,0,2,1,1,0,0,71.65,0
tx_08205,1933,7.56734567601324,5691,0.35,0,0,2,1,1,0,0,28.92,0
tx_08206,1719,7.450079569807499,5412,0.2,21,0,3,1,1,0,1,45.08,0
tx_08207,3825,8.249575150000199,5311,0.4,17,1,3,1,1,1,0,3238.35,1
tx_08208,17639,9.777924329560783,5311,0.4,12,1,4,1,1,0,0,20.21,0
tx_08209,1765,7.476472381163905,6011,0.85,4,1,4,1,1,0,0,3.71,0
tx_08210,14362,9.572410734431823,5812,0.45,6,0,5,-1,1,0,0,63.09,0
tx_08211,13434,9.505618521049591,4814,0.55,23,1,5,0,1,0,0,1.35,0
tx_08212,55207,10.918863149300437,7995,0.3,0,0,1,1,1,0,1,44.57,0
tx_08213,21991,9.998434029845082,5812,0.45,0,0,1,1,1,0,1,4.21,0
tx_08214,11511,9.351145248567203,4121,0.2,8,0,3,1,0,0,0,0.99,0
tx_08215,29624,10.296373878437432,5814,0.3,5,1,3,1,-1,0,0,10.58,0
tx_08216,13591,9.517236663351769,5712,0.25,16,1,8,0,1,0,1,4.59,0
tx_08217,5261,8.568266461600238,6011,0.85,1,1,0,1,1,0,0,10.92,0
tx_08218,2746,7.918264686095274,5412,0.2,18,1,1,1,1,0,0,53.3,0
tx_08219,4742,8.464425125877582,5691,0.35,18,1,4,0,1,0,1,1.26,0
tx_08220,7841,8.967249182852276,5311,0.4,5,1,9,0,1,0,0,32.74,0
tx_08221,9618,9.171495588152615,5311,0.4,13,0,0,1,1,0,0,12.59,0
tx_08222,1071,6.977281341630747,5712,0.25,16,1,0,1,1,0,0,14.24,0
tx_08223,6612,8.796792687674662,5968,0.7,20,1,2,1,1,0,0,0.59,0
tx_08224,8369,9.032409163483521,6011,0.85,17,0,2,1,1,0,0,9.44,0
tx_08225,13702,9.5253700659462,5814,0.3,23,1,2,1,1,0,0,19.42,0
tx_08226,38202,10.550669325542444,5712,0.25,2,0,1,1,1,0,0,58.07,0
tx_08227,9716,9.181632207839439,5691,0.35,14,1,5,1,1,0,0,0.79,0
tx_08228,3433,8.141481041457421,5311,0.4,18,0,3,1,1,0,0,3.51,0
tx_08229,1448,7.278628942320682,5814,0.3,5,0,0,1,1,0,0,142.82,0
tx_08230,15644,9.657906656102982,5311,0.4,5,0,5,0,1,0,0,0.42,0
tx_08231,3567,8.1797604936999,4900,0.1,2,0,2,1,0,0,0,20.91,0
tx_08232,18558,9.828710125578304,6011,0.85,23,1,2,-1,1,0,0,7.33,0
tx_08233,30722,10.332766838743547,5712,0.25,20,0,0,1,0,0,0,2.36,0
tx_08234,1879,7.539027055823995,5311,0.4,2,1,2,-1,1,0,0,3.26,0
tx_08235,13785,9.531408863445597,6011,0.85,5,0,1,1,1,0,0,111.89,0
tx_08236,27810,10.233186904869912,7995,0.3,10,1,2,1,-1,1,0,3550.13,0
tx_08237,21445,9.97329342678009,5311,0.4,21,1,1,1,1,1,0,3812.43,1
tx_08238,1112,7.014814351275545,5691,0.35,19,0,2,1,1,0,0,2.07,0
tx_08239,3620,8.19450550976564,5412,0.2,21,1,2,1,-1,0,0,15.7,0
tx_08240,2414,7.789454566086673,5812,0.45,19,0,2,1,1,0,0,3.65,0
tx_08241,13393,9.502562124469996,7995,0.3,15,1,1,1,1,0,0,1.81,0
tx_08242,12062,9.397898195565384,5691,0.35,6,0,2,1,1,0,1,4.07,0
tx_08243,628,6.444131256700441,5968,0.7,14,0,2,1,0,0,0,8.95,0
tx_08244,6120,8.71948076085107,5712,0.25,11,0,0,1,-1,0,0,4.25,0
tx_08245,17428,9.765890764521682,6011,0.85,22,0,2,1,1,0,0,45.43,0
tx_08246,9374,9.14580185083861,5411,0.1,10,0,0,1,1,0,0,14.01,0
tx_08247,9359,9.144200569471638,5411,0.1,18,0,0,1,1,0,1,3.67,0
tx_08248,5758,8.658519127506672,5411,0.1,4,1,2,0,1,0,0,13.71,0
tx_08249,2979,7.9996785794994505,7995,0.3,16,0,1,1,1,0,0,3.63,0
tx_08250,8014,8.989070065043654,5712,0.25,10,1,0,1,1,0,0,4.23,0
tx_08251,8558,9.05473863988161,4829,0.8,10,1,1,1,1,0,0,5.23,0
tx_08252,14613,9.589735252351163,4121,0.2,18,1,4,1,-1,0,0,2.93,0
tx_08253,15785,9.666878750268348,5691,0.35,11,0,3,1,1,0,0,20.11,0
tx_08254,8837,9.086815885690685,5968,0.7,1,1,6,0,1,0,0,18.68,0
tx_08255,23048,10.045377663535744,5412,0.2,9,0,3,0,1,0,1,1.61,0
tx_08256,5704,8.649098262296176,5691,0.35,23,0,1,1,0,0,0,39.81,0
tx_08257,2066,7.633853559681768,5968,0.7,22,1,2,1,1,0,0,9.43,0
tx_08258,12815,9.458449669308141,5691,0.35,14,1,4,1,-1,0,0,0.4,0
tx_08259,9184,9.125326997649227,6011,0.85,15,0,2,0,1,0,0,6.62,0
tx_08260,13059,9.477309402830421,5712,0.25,6,0,5,1,1,0,0,10.77,0
tx_08261,2450,7.804251383528112,5814,0.3,18,0,5,0,1,0,0,2.19,0
tx_08262,44642,10.70645279909816,5814,0.3,14,1,0,1,1,0,0,89.98,0
tx_08263,15997,9.680218993408767,5712,0.25,0,1,0,1,1,0,0,1.72,0
tx_08264,6195,8.73165920153676,4121,0.2,22,1,3,1,1,0,1,9.81,0
tx_08265,3349,8.116715624819111,5411,0.1,20,0,1,1,1,0,1,2.19,0
tx_08266,22662,10.028488917698931,4814,0.55,1,1,2,1,1,0,0,2.32,0
tx_08267,2860,7.95892649305011,5691,0.35,10,1,0,1,1,0,0,5.72,0
tx_08268,69805,11.15347524494151,4829,0.8,17,1,2,1,1,0,0,1.87,0
tx_08269,4549,8.422882511944996,5691,0.35,17,0,2,1,1,0,0,3.28,0
tx_08270,41758,10.639670275909648,5311,0.4,4,0,1,1,1,0,0,2.23,0
tx_08271,6836,8.830104317913793,4121,0.2,0,1,1,1,-1,0,0,0.73,0
tx_08272,36566,10.506901473323946,4814,0.55,23,0,2,1,1,0,0,3.38,0
tx_08273,4052,8.307212626628308,5691,0.35,21,0,4,1,1,0,0,60.84,0
tx_08274,8292,9.023167064451204,4814,0.55,17,1,5,0,-1,0,0,2.49,0
tx_08275,17495,9.769727562356604,5968,0.7,15,0,1,1,1,0,1,4.61,0
tx_08276,15278,9.634234615552714,5814,0.3,16,1,2,1,1,0,0,5.57,0
tx_08277,23176,10.05091568660256,5812,0.45,10,1,1,1,0,0,0,40.42,0
tx_08278,5126,8.5422759717837,4829,0.8,16,0,2,1,0,1,0,2234.44,1
tx_08279,8828,9.085797036901582,5968,0.7,7,0,2,-1,1,1,0,1736.68,1
tx_08280,26666,10.191182124909785,5712,0.25,2,0,2,0,1,0,0,0.64,0
tx_08281,4168,8.335431477880796,5411,0.1,7,0,2,1,1,1,0,4645.61,1
tx_08282,14032,9.549166977751137,4121,0.2,7,0,2,1,-1,0,0,5.74,0
tx_08283,6614,8.797095076549056,5691,0.35,7,0,2,1,1,0,0,1.2,0
tx_08284,9905,9.200895913148184,5968,0.7,11,1,7,0,0,0,0,24.37,0
tx_08285,8826,9.085570485020233,4121,0.2,3,0,4,1,1,0,0,3.28,0
tx_08286,3852,8.256607344626158,4121,0.2,9,0,1,1,1,0,0,24.95,0
tx_08287,6358,8.757626411267408,5411,0.1,11,0,5,1,-1,0,0,3.1,0
tx_08288,9347,9.142917695658749,5691,0.35,4,1,1,1,1,0,0,1.81,0
tx_08289,7388,8.907747686788648,5412,0.2,10,1,1,-1,1,0,0,1.54,0
tx_08290,36289,10.499297500207115,5411,0.1,16,0,4,1,0,0,0,9.04,0
tx_08291,21261,9.964676720848551,4900,0.1,9,0,2,-1,1,0,0,22.86,0
tx_08292,10728,9.280705634636746,4121,0.2,0,0,5,1,1,0,1,8.48,0
tx_08293,3945,8.28045768658256,4121,0.2,16,1,1,1,-1,0,0,1.17,0
tx_08294,3723,8.222553638396958,4814,0.55,13,1,5,0,1,0,1,5.47,0
tx_08295,53119,10.880308784150316,5812,0.45,10,0,3,1,1,0,0,4.0,0
tx_08296,3121,8.046229101075378,5968,0.7,0,1,8,0,1,0,0,0.37,0
tx_08297,9076,9.113499020526627,5412,0.2,2,0,2,1,1,0,0,5.19,0
tx_08298,11477,9.348187438668308,4814,0.55,1,1,2,1,1,0,0,14.33,0
tx_08299,6060,8.709630081951286,5411,0.1,20,1,1,1,1,0,0,35.03,0
tx_08300,3143,8.053251153549096,7995,0.3,7,0,2,-1,1,0,0,13.23,0
tx_08301,3864,8.259716961021523,4900,0.1,10,1,3,1,1,0,0,0.73,0
tx_08302,4846,8.486115235845377,5412,0.2,16,1,1,1,1,0,0,1.74,0
tx_08303,4151,8.331345424845724,5691,0.35,15,1,4,0,1,1,0,4326.35,1
tx_08304,28753,10.266532166982538,5311,0.4,1,1,1,1,1,0,0,1.26,0
tx_08305,8075,8.996651979432729,5412,0.2,22,0,7,0,1,0,0,10.23,0
tx_08306,4952,8.507748732588238,5412,0.2,6,0,2,1,1,0,0,2.76,0
tx_08307,9016,9.106866963499908,5412,0.2,18,0,14,0,1,0,0,4.59,0
tx_08308,15363,9.639782389465795,5814,0.3,19,1,1,1,0,0,1,1.29,0
tx_08309,5871,8.677950570294351,5712,0.25,12,1,5,1,1,0,0,7.54,0
tx_08310,19188,9.862092477169742,4121,0.2,3,1,7,0,1,0,0,2.97,0
tx_08311,2435,7.798112628829788,4121,0.2,13,0,2,0,-1,0,0,41.51,0
tx_08312,24783,10.11795356265665,5411,0.1,5,0,2,1,1,0,0,2.87,0
tx_08313,8076,8.996775795442296,6011,0.85,20,0,1,1,1,0,0,83.51,0
tx_08314,7782,8.959697146959389,4121,0.2,18,0,0,1,-1,0,0,9.1,0
tx_08315,4217,8.34711636103872,4121,0.2,19,0,6,0,1,0,0,3.91,0
tx_08316,2537,7.839131648274333,5812,0.45,19,0,5,0,1,0,0,2.16,0
tx_08317,1672,7.422373700986824,5412,0.2,4,0,2,1,1,0,0,3.96,0
tx_08318,3946,8.280711075662847,4900,0.1,0,0,2,1,1,0,0,2.93,1
tx_08319,14235,9.563529246630083,4829,0.8,15,1,1,1,0,0,0,4.98,0
tx_08320,3268,8.092239406724211,5812,0.45,14,0,4,0,1,0,0,3.7,0
tx_08321,1871,7.534762657037537,5691,0.35,20,1,6,0,1,1,0,3899.65,1
tx_08322,3434,8.14177220465645,5712,0.25,15,0,2,1,1,0,0,11.91,0
tx_08323,5651,8.639764743804419,4900,0.1,19,1,3,0,0,0,0,16.35,0
tx_08324,5866,8.67709870892586,5691,0.35,8,0,1,1,1,0,0,20.51,0
tx_08325,7206,8.88280805492444,6011,0.85,2,0,1,1,1,0,0,2.97,0
tx_08326,21723,9.986172919154736,5311,0.4,0,1,1,-1,1,0,0,1.12,0
tx_08327,26688,10.19200677448047,5411,0.1,10,1,1,1,1,0,0,7.98,0
tx_08328,54741,10.910386518280905,4829,0.8,0,1,0,1,1,0,0,5.06,0
tx_08329,1740,7.462214939768189,5712,0.25,12,1,1,1,1,0,0,4.18,0
tx_08330,3612,8.19229373114764,4121,0.2,9,1,3,1,1,0,0,85.13,0
tx_08331,15815,9.668777364850452,4900,0.1,6,1,2,1,1,0,0,10.19,0
tx_08332,5291,8.573951525234847,5812,0.45,14,1,1,1,1,0,0,1.44,0
tx_08333,18452,9.822982237876477,4121,0.2,16,1,1,1,1,0,0,6.97,0
tx_08334,9916,9.202005735186125,7995,0.3,0,0,1,1,1,0,0,8.7,0
tx_08335,36513,10.505451027673455,5411,0.1,11,1,2,1,1,0,0,2.13,0
tx_08336,21933,9.995793223320154,5411,0.1,22,1,0,1,1,0,0,12.81,0
tx_08337,22318,10.013193612624185,5691,0.35,7,0,7,0,1,0,0,1.27,0
tx_08338,5508,8.614138397472717,5712,0.25,18,0,0,1,-1,0,0,1.89,0
tx_08339,7425,8.912742634737025,5412,0.2,8,1,6,0,1,0,0,3.45,0
tx_08340,6095,8.715388097366482,6011,0.85,6,1,0,1,-1,0,0,3.02,0
tx_08341,1948,7.575071699507561,7995,0.3,20,1,6,1,1,0,0,5.71,0
tx_08342,32970,10.403383666209391,4829,0.8,8,1,1,1,0,0,0,2.02,0
tx_08343,16536,9.713355573650196,5812,0.45,20,1,0,1,1,0,0,8.01,0
tx_08344,5869,8.677609912822142,5311,0.4,15,1,3,1,1,0,1,7.4,0
tx_08345,28128,10.244556351616321,7995,0.3,19,1,1,1,1,0,0,0.1,0
tx_08346,4475,8.406485069431817,4900,0.1,19,0,6,0,1,0,0,24.62,0
tx_08347,1421,7.259819610363186,5311,0.4,21,0,2,0,0,0,0,9.01,0
tx_08348,21209,9.962228047558728,5812,0.45,13,0,3,1,1,0,0,4.01,0
tx_08349,2418,7.791109510610028,5968,0.7,22,1,2,1,1,0,0,1.83,0
tx_08350,6763,8.81936971001847,4814,0.55,1,0,5,1,1,0,0,11.41,0
tx_08351,9907,9.20109779060925,5691,0.35,11,0,4,0,1,0,1,2.32,0
tx_08352,11747,9.37143829231851,5311,0.4,9,1,1,-1,1,0,0,2.95,0
tx_08353,18236,9.811207776416833,5712,0.25,2,1,0,1,1,0,0,3.45,0
tx_08354,14143,9.557045784877424,5691,0.35,20,1,5,1,1,0,0,3.12,0
tx_08355,13733,9.527629789180622,7995,0.3,19,0,9,0,1,0,0,3.63,0
tx_08356,3843,8.254268770090183,7995,0.3,17,1,1,1,1,0,0,0.68,0
tx_08357,10772,9.284798282894192,5812,0.45,15,0,2,0,0,0,0,8.21,0
tx_08358,1949,7.575584651557793,5812,0.45,14,1,5,1,-1,0,0,1.84,0
tx_08359,35925,10.48921654632878,6011,0.85,9,1,1,-1,1,0,0,4.13,0
tx_08360,2149,7.673223121121708,4829,0.8,16,0,3,1,-1,0,0,2.74,0
tx_08361,5861,8.676246121270838,5814,0.3,23,1,5,0,0,0,0,4.83,1
tx_08362,2327,7.752764808851328,5814,0.3,6,1,1,1,1,0,1,4.0,0
tx_08363,4070,8.31164394850298,4814,0.55,8,0,0,1,1,0,0,2.99,0
tx_08364,8250,9.018089684104343,6011,0.85,2,1,4,-1,-1,0,0,5.85,0
tx_08365,4929,8.503094267036737,5812,0.45,21,0,0,1,1,0,0,14.23,0
tx_08366,24154,10.092246676988507,5311,0.4,12,1,2,0,1,0,0,7.15,0
tx_08367,10104,9.22078562983772,5412,0.2,14,0,3,1,1,0,0,17.69,0
tx_08368,5247,8.565602330623925,5412,0.2,6,1,2,1,1,0,1,21.65,0
tx_08369,7174,8.878358040627822,6011,0.85,0,0,0,1,1,0,0,2.88,0
tx_08370,25949,10.163926888594034,7995,0.3,19,1,1,1,1,0,0,34.69,0
tx_08371,19314,9.868637275100381,5968,0.7,20,0,2,1,1,0,0,3.07,0
tx_08372,2761,7.923710333969238,5812,0.45,8,0,3,0,1,0,0,1.05,0
tx_08373,4267,8.358900612421644,4814,0.55,18,1,2,1,1,0,0,6.44,0
tx_08374,12787,9.456262510179732,6011,0.85,13,1,1,1,0,0,0,9.74,0
tx_08375,11394,9.340929941679784,4814,0.55,15,0,1,1,1,0,0,52.46,0
tx_08376,3003,8.007700012884026,4829,0.8,4,0,2,1,1,0,0,13.85,0
tx_08377,16595,9.716916981452759,4121,0.2,14,0,2,1,1,0,0,23.1,0
tx_08378,3494,8.15908865466791,7995,0.3,3,0,2,0,-1,0,0,22.44,0
tx_08379,28108,10.243845088739151,5412,0.2,5,1,1,1,1,0,0,2.48,0
tx_08380,13469,9.50822026940441,4900,0.1,8,0,0,1,1,0,1,9.38,0
tx_08381,2779,7.930206206684683,4814,0.55,5,0,6,0,1,0,0,2.36,0
tx_08382,4927,8.502688505213357,5411,0.1,21,0,3,1,1,0,0,5.64,0
tx_08383,4847,8.48632152774915,5814,0.3,0,0,0,1,0,0,0,5.38,0
tx_08384,9481,9.157150543462064,7995,0.3,21,1,1,1,1,0,0,7.46,0
tx_08385,6710,8.811503250158239,5691,0.35,3,0,2,-1,1,0,0,35.29,0
tx_08386,2743,7.917171988845776,5712,0.25,20,0,0,1,1,0,1,24.93,0
tx_08387,2166,7.681099001536359,5968,0.7,8,0,1,1,1,0,0,5.02,0
tx_08388,13722,9.526828536269633,6011,0.85,22,0,3,1,1,0,0,3.23,0
tx_08389,10690,9.2771575450135,4900,0.1,12,1,1,1,1,0,0,21.37,0
tx_08390,9004,9.105535257610056,7995,0.3,11,0,0,1,1,0,0,6.61,0
tx_08391,10534,9.26245832623829,5691,0.35,3,1,3,1,1,0,0,24.41,0
tx_08392,4524,8.417372856134026,7995,0.3,10,1,0,1,1,0,0,0.3,0
tx_08393,9701,9.180087328805161,4814,0.55,13,0,5,0,1,0,0,5.18,0
tx_08394,90831,11.416766925410508,4814,0.55,23,0,1,1,0,0,0,23.3,0
tx_08395,24860,10.121055589517152,6011,0.85,6,1,1,1,1,0,0,1.16,0
tx_08396,6193,8.731336360533149,5812,0.45,1,1,6,0,1,0,0,0.84,0
tx_08397,4954,8.508152446764088,4829,0.8,6,1,1,1,1,0,0,0.89,0
tx_08398,538,6.289715570908998,6011,0.85,5,1,0,1,-1,0,0,5.79,0
tx_08399,22481,10.020470268021743,4814,0.55,22,1,12,0,1,0,1,2.19,0
tx_08400,17196,9.752490228984199,5812,0.45,3,1,2,1,1,0,0,8.02,0
tx_08401,4859,8.48879371689454,4829,0.8,23,1,1,1,0,0,0,15.91,0
tx_08402,2090,7.645397699428633,4121,0.2,2,0,3,-1,1,0,0,2.28,0
tx_08403,2718,7.908019444632471,5968,0.7,19,1,2,1,-1,0,0,9.36,0
tx_08404,12424,9.427465850964829,5968,0.7,9,0,1,1,1,0,0,5.51,0
tx_08405,7482,8.920389060080359,4814,0.55,1,1,1,1,1,0,0,0.44,0
tx_08406,15712,9.662243674190131,4814,0.55,14,0,2,1,1,0,1,1.56,0
tx_08407,8842,9.087381464575735,5712,0.25,17,0,0,1,1,0,0,9.27,0
tx_08408,20406,9.923633258229085,4121,0.2,20,1,2,1,0,0,0,10.25,1
tx_08409,11571,9.356343666096025,5814,0.3,4,0,1,1,1,0,0,0.92,0
tx_08410,17899,9.792555991828847,6011,0.85,14,1,2,1,1,0,0,4.23,0
tx_08411,1119,7.02108396428914,5814,0.3,13,1,8,0,1,0,0,0.37,0
tx_08412,2521,7.8328075165248645,4900,0.1,10,0,3,1,1,0,0,4.81,0
tx_08413,5762,8.659213451436667,4829,0.8,21,1,1,1,1,0,0,10.18,0
tx_08414,22715,10.030824800997323,5812,0.45,10,0,2,1,1,0,0,0.75,0
tx_08415,48614,10.791687404243758,4121,0.2,9,1,4,1,1,0,0,1.47,0
tx_08416,6968,8.84922702143852,5691,0.35,12,1,1,1,0,0,0,0.98,0
tx_08417,4556,8.424419791263883,5412,0.2,22,1,2,1,1,0,0,6.14,0
tx_08418,1271,7.148345743900068,5814,0.3,20,1,2,1,1,0,0,12.47,0
tx_08419,18501,9.825634113331263,4829,0.8,17,1,1,1,1,0,0,36.22,0
tx_08420,4829,8.482601746646619,5814,0.3,1,1,3,1,1,0,0,0.8,0
tx_08421,135346,11.815597130038771,5812,0.45,7,1,0,1,1,0,0,4.72,0
tx_08422,4035,8.3030093814735,4900,0.1,0,0,9,0,1,0,0,16.45,0
tx_08423,60185,11.00519504611154,5311,0.4,2,1,1,1,-1,0,0,7.04,0
tx_08424,16583,9.716193654115616,4121,0.2,19,0,2,-1,1,0,0,0.95,0
tx_08425,3067,8.028781162487148,5412,0.2,19,0,2,1,1,0,0,3.97,0
tx_08426,10155,9.225819942824568,4900,0.1,2,0,1,1,1,0,0,16.63,0
tx_08427,16949,9.738023112808596,4814,0.55,10,0,4,-1,-1,0,0,5.06,0
tx_08428,6576,8.79133399330135,5691,0.35,6,1,4,1,0,0,1,11.19,0
tx_08429,18056,9.801288700215881,5691,0.35,1,0,4,0,1,0,1,15.36,0
tx_08430,17682,9.780359005054978,4814,0.55,9,0,3,1,1,0,0,0.92,0
tx_08431,14353,9.571783927990017,4829,0.8,2,0,6,0,1,0,0,1.84,1
tx_08432,8019,8.98969370086056,4814,0.55,17,0,2,1,1,0,0,2.12,0
tx_08433,2668,7.889459149404524,5812,0.45,23,1,4,1,1,0,0,4.35,0
tx_08434,7572,8.932344569113823,5311,0.4,10,1,4,1,0,0,0,4.51,0
tx_08435,9628,9.172534657240284,4121,0.2,5,0,1,1,1,0,0,14.47,0
tx_08436,1370,7.223295679562314,4829,0.8,11,1,3,1,1,0,0,1.96,0
tx_08437,9566,9.166074955678168,7995,0.3,23,1,7,0,-1,0,0,29.27,0
tx_08438,7429,8.913281137711804,4900,0.1,3,0,11,0,1,0,0,27.16,0
tx_08439,2376,7.773594467360194,5812,0.45,16,0,9,0,1,0,0,14.51,0
tx_08440,5936,8.688959234270676,5412,0.2,2,1,5,0,1,1,1,2005.36,1
tx_08441,6057,8.709134991587183,4829,0.8,7,1,2,1,-1,0,0,3.98,0
tx_08442,50958,10.838776666819598,5311,0.4,10,0,2,1,1,0,0,0.83,0
tx_08443,10040,9.214431989879436,4121,0.2,9,0,5,0,1,0,0,1.06,0
tx_08444,21795,9.989481745702989,5814,0.3,4,0,2,1,1,0,0,6.24,0
tx_08445,7283,8.8934354408475,5311,0.4,18,1,1,1,-1,0,0,3.11,0
tx_08446,1373,7.2254814727822945,5412,0.2,16,1,0,1,1,0,0,2.06,0
tx_08447,15427,9.643939319328119,4829,0.8,10,0,3,1,1,0,0,13.08,0
tx_08448,4359,8.38022733634308,5968,0.7,10,1,8,0,0,0,0,4.22,0
tx_08449,5922,8.686598356276965,4900,0.1,1,1,0,1,1,0,0,1.02,0
tx_08450,2995,8.005033344637111,5691,0.35,15,0,1,1,1,0,0,1.19,0
tx_08451,8728,9.07440609473535,6011,0.85,5,1,1,0,1,0,0,16.43,0
tx_08452,22406,10.017128689025176,5812,0.45,7,0,2,-1,1,0,0,0.88,0
tx_08453,19757,9.89131375160442,5712,0.25,20,1,1,1,0,0,0,1.01,0
tx_08454,36756,10.512083962693172,6011,0.85,15,1,5,0,0,0,0,19.85,0
tx_08455,42055,10.646757342499283,4829,0.8,16,1,1,1,1,0,0,12.28,0
tx_08456,1166,7.062191632286556,7995,0.3,6,1,0,1,1,0,0,28.82,0
tx_08457,2621,7.871692664323645,5691,0.35,12,1,2,1,1,0,0,13.41,0
tx_08458,1462,7.288244401020124,5411,0.1,0,1,2,1,1,0,0,10.21,0
tx_08459,14846,9.605553103619997,4900,0.1,5,1,0,1,1,0,0,6.69,0
tx_08460,4216,8.34687925374656,5814,0.3,19,1,2,1,-1,0,0,6.82,0
tx_08461,5118,8.540714386457584,7995,0.3,11,0,3,1,1,0,0,18.18,0
tx_08462,6630,8.799510901368867,5812,0.45,15,1,7,0,1,0,0,1.75,0
tx_08463,11715,9.368710707947624,4121,0.2,18,1,3,1,1,0,0,3.59,0
tx_08464,1986,7.594381242551817,5412,0.2,22,1,1,1,0,0,0,1.36,0
tx_08465,2463,7.80954132465341,5814,0.3,1,0,2,1,1,0,0,6.44,0
tx_08466,8155,9.006509131694346,5411,0.1,13,0,3,0,0,0,0,11.26,0
tx_08467,25437,10.14399939801143,5814,0.3,23,0,1,-1,1,0,0,8.84,0
tx_08468,7951,8.98117874833641,5812,0.45,4,0,7,0,1,0,0,1.48,0
tx_08469,3839,8.253227645581772,4121,0.2,20,0,4,0,1,0,0,19.09,0
tx_08470,1058,6.9650803456014065,5691,0.35,13,0,2,1,0,0,0,2.33,0
tx_08471,20135,9.910264536815152,4829,0.8,7,0,0,1,1,0,0,3.61,0
tx_08472,4048,8.30622521603216,5412,0.2,18,0,1,1,1,0,0,15.95,0
tx_08473,2738,7.915348169263078,5411,0.1,20,0,0,-1,1,0,0,5.35,0
tx_08474,1597,7.37650812632622,5968,0.7,3,1,3,1,1,0,0,3.77,0
tx_08475,2076,7.638679823876112,6011,0.85,16,1,1,1,1,0,0,101.42,0
tx_08476,3268,8.092239406724211,5412,0.2,22,1,3,1,1,0,0,7.3,0
tx_08477,6492,8.778479952508487,5691,0.35,15,1,7,0,1,0,0,5.19,0
tx_08478,2583,7.857093864902493,5712,0.25,13,1,2,1,0,0,0,3.67,0
tx_08479,9717,9.181735114965848,5812,0.45,3,1,2,0,1,0,0,3.14,0
tx_08480,6445,8.771215062375383,5712,0.25,10,1,3,-1,1,0,0,5.36,0
tx_08481,67243,11.11608307415295,5814,0.3,21,0,1,1,1,0,0,1.96,0
tx_08482,1613,7.3864708488298945,7995,0.3,19,1,7,0,-1,0,0,1.87,0
tx_08483,9496,9.158731238242952,5968,0.7,10,1,0,1,1,0,0,3.06,0
tx_08484,9609,9.170559501964338,4814,0.55,7,1,1,1,1,0,0,11.47,0
tx_08485,3060,8.026496938945412,5412,0.2,19,0,0,1,0,0,0,16.83,0
tx_08486,8917,9.095826985187422,5412,0.2,23,0,3,1,0,0,0,0.59,0
tx_08487,16921,9.736369829484445,5691,0.35,7,0,2,1,1,0,0,7.04,0
tx_08488,8927,9.096947684621092,5691,0.35,19,1,6,0,1,0,0,4.04,0
tx_08489,30346,10.3204529448145,5814,0.3,7,0,4,0,0,0,0,106.02,0
tx_08490,1029,6.937314081223682,5411,0.1,19,0,1,1,1,0,1,3.68,0
tx_08491,3659,8.205218426395412,4900,0.1,23,1,3,1,-1,0,0,1.27,0
tx_08492,33073,10.406502754210141,5412,0.2,15,0,0,1,1,0,0,12.5,0
tx_08493,19372,9.871635623086945,5968,0.7,11,1,3,1,1,0,0,12.02,0
tx_08494,13611,9.518707035620796,5311,0.4,7,0,2,-1,1,0,0,3.79,0
tx_08495,26284,10.176753713253548,4121,0.2,1,0,1,1,1,0,0,8.48,0
tx_08496,1319,7.1853870155804165,7995,0.3,1,0,6,0,1,0,0,19.28,0
tx_08497,17344,9.76105955940385,4829,0.8,20,0,1,-1,1,0,0,23.43,0
tx_08498,22389,10.0163697095928,5712,0.25,15,0,2,1,-1,0,0,9.64,0
tx_08499,4356,8.379539026117442,5968,0.7,5,0,1,1,1,0,0,2.28,0
tx_08500,99007,11.502955933932737,4900,0.1,13,1,8,0,1,0,0,1.06,0
tx_08501,9815,9.191768986390747,5311,0.4,21,0,3,1,1,0,0,2.26,0
tx_08502,1014,6.922643891475888,4900,0.1,15,0,4,1,1,0,0,15.97,0
tx_08503,11700,9.367429587218957,4829,0.8,21,1,4,0,1,0,0,9.66,0
tx_08504,4111,8.321664807135,4829,0.8,2,1,5,-1,1,0,0,0.56,0
tx_08505,24635,10.111964066806934,4829,0.8,1,1,5,0,1,0,0,0.47,0
tx_08506,13708,9.5258078304359,5412,0.2,15,1,7,0,1,0,0,0.23,0
tx_08507,4615,8.437283808187935,5691,0.35,13,1,5,0,1,0,0,8.65,0
tx_08508,33945,10.432526305721476,4121,0.2,16,0,0,1,0,0,0,3.24,0
tx_08509,19884,9.897720957641791,5968,0.7,23,1,2,1,1,0,0,3.2,0
tx_08510,3709,8.21878715560148,5812,0.45,2,0,1,-1,1,0,0,4.66,0
tx_08511,7050,8.860924729719041,4121,0.2,22,0,1,1,1,1,0,3632.96,1
tx_08512,13310,9.496346040047019,5968,0.7,1,1,7,0,1,0,0,2.56,1
tx_08513,5762,8.659213451436667,4121,0.2,12,1,0,1,-1,0,0,27.48,0
tx_08514,5928,8.687610843707368,5691,0.35,19,1,1,1,0,0,0,13.17,0
tx_08515,8434,9.040144994980068,5412,0.2,16,1,4,0,-1,0,0,15.31,0
tx_08516,2959,7.992944547318106,5691,0.35,5,0,7,0,1,1,0,2871.76,1
tx_08517,977,6.885509670034818,7995,0.3,14,0,2,1,-1,0,0,18.82,0
tx_08518,10223,9.232493176617316,6011,0.85,21,0,0,1,1,0,0,1.49,0
tx_08519,1231,7.116394144093465,4900,0.1,4,1,0,1,1,0,0,10.02,0
tx_08520,3171,8.06211758275474,5712,0.25,22,0,1,1,1,0,1,0.55,0
tx_08521,1513,7.322510433997394,7995,0.3,15,0,2,1,0,0,0,1.96,0
tx_08522,1701,7.43955930913332,5814,0.3,2,0,1,-1,-1,0,0,15.99,0
tx_08523,12212,9.410256237171089,6011,0.85,7,1,1,-1,1,0,0,2.35,0
tx_08524,6594,8.794067065151415,5412,0.2,20,0,2,1,0,0,0,8.46,0
tx_08525,6372,8.759825595314295,4900,0.1,8,1,8,0,0,0,1,35.32,0
tx_08526,2333,7.755338812846501,5691,0.35,22,1,0,1,1,0,1,4.58,0
tx_08527,4368,8.382289428951436,5968,0.7,10,1,0,1,1,0,0,3.6,0
tx_08528,11647,9.362889770436468,7995,0.3,8,0,1,1,1,0,0,3.53,0
tx_08529,7752,8.955835144218959,5812,0.45,20,1,9,0,1,0,0,3.12,0
tx_08530,17796,9.786785182749986,5812,0.45,18,1,5,0,1,0,0,2.85,0
tx_08531,20374,9.922063938109064,5691,0.35,5,1,1,1,1,0,0,4.3,0
tx_08532,6410,8.765770543987257,5311,0.4,18,0,1,1,1,1,0,540.57,0
tx_08533,1402,7.246368080102461,5411,0.1,6,0,0,1,-1,0,0,3.61,0
tx_08534,3969,8.286521373681236,5412,0.2,21,1,3,0,1,0,0,3.58,0
tx_08535,7423,8.912473274466036,5968,0.7,0,1,0,1,1,0,0,5.42,0
tx_08536,3895,8.267705664762426,5691,0.35,15,0,1,1,1,0,0,1.27,0
tx_08537,2991,8.003697339094368,5968,0.7,3,1,1,1,1,0,0,3.9,0
tx_08538,8703,9.071537969095724,4121,0.2,16,0,1,1,1,0,0,11.08,0
tx_08539,81958,11.313974401204709,5814,0.3,23,1,2,1,1,0,0,1.22,0
tx_08540,5122,8.541495483939203,5691,0.35,16,0,7,0,1,0,0,9.04,1
tx_08541,8123,9.002577922700276,7995,0.3,10,1,2,1,1,0,0,11.58,0
tx_08542,2342,7.759187438507795,5412,0.2,19,0,4,1,1,0,0,43.46,0
tx_08543,26540,10.186445986151496,5412,0.2,4,0,1,-1,1,0,0,7.4,0
tx_08544,18698,9.83622532547696,4814,0.55,13,1,7,1,1,0,0,2.04,0
tx_08545,17512,9.770698741272664,5968,0.7,23,0,0,1,1,0,0,4.65,0
tx_08546,29643,10.29701502307125,5812,0.45,8,0,0,1,1,0,0,2.65,0
tx_08547,5427,8.59932602095476,6011,0.85,0,1,2,1,-1,0,0,3.96,0
tx_08548,6111,8.718009330846357,4814,0.55,10,0,2,-1,1,0,1,1.03,0
tx_08549,41339,10.62958583323576,4829,0.8,11,1,1,1,0,0,1,4.56,0
tx_08550,14858,9.606361021256347,6011,0.85,19,0,8,0,1,0,0,22.85,0
tx_08551,989,6.897704943128636,4121,0.2,19,1,3,1,1,0,0,24.24,0
tx_08552,12547,9.43731656931057,5691,0.35,8,1,3,1,1,0,0,11.14,0
tx_08553,4687,8.452761331256848,5411,0.1,18,0,0,1,-1,0,0,1.93,0
tx_08554,19119,9.858490186605392,7995,0.3,3,0,2,1,0,0,0,9.32,0
tx_08555,12003,9.392995206560258,5968,0.7,4,0,9,1,1,0,0,4.0,0
tx_08556,1559,7.352441100243583,6011,0.85,14,1,4,1,0,0,0,3.48,1
tx_08557,10515,9.260653185849772,5311,0.4,16,1,2,1,1,0,0,20.83,0
tx_08558,9949,9.205327830152639,5712,0.25,19,0,2,1,1,0,0,3.42,0
tx_08559,11504,9.350537002469466,5812,0.45,14,0,0,1,1,0,0,3.27,0
tx_08560,14072,9.552013346996567,7995,0.3,3,0,1,1,1,0,0,8.83,0
tx_08561,33737,10.426380077520257,4121,0.2,16,1,2,1,1,0,0,0.99,0
tx_08562,12069,9.398478314091577,7995,0.3,10,0,0,1,1,0,0,4.05,0
tx_08563,8324,9.027018314848645,5311,0.4,6,1,0,-1,1,0,0,23.16,0
tx_08564,24240,10.095800693457734,4814,0.55,8,0,1,1,1,0,0,29.9,0
tx_08565,68581,11.135785388612968,5712,0.25,19,0,2,-1,1,0,0,1.74,0
tx_08566,19428,9.874522074243114,5814,0.3,4,0,3,1,1,0,0,1.55,0
tx_08567,9908,9.201198714058899,4814,0.55,13,0,0,-1,1,0,0,2.5,0
tx_08568,12284,9.41613428495528,4121,0.2,1,1,5,1,1,0,0,0.1,0
tx_08569,10388,9.248502833070532,6011,0.85,17,1,9,1,1,0,0,39.1,0
tx_08570,8290,9.022925868116218,7995,0.3,3,0,6,0,1,0,0,11.77,0
tx_08571,63709,11.062096815110534,4829,0.8,22,1,5,1,1,0,0,1.33,0
tx_08572,3998,8.293799608846818,6011,0.85,21,1,9,0,1,0,0,0.97,0
tx_08573,24400,10.102379394048045,6011,0.85,20,0,3,0,1,0,0,5.09,0
tx_08574,7227,8.885717651712119,7995,0.3,8,0,0,1,1,0,0,7.75,0
tx_08575,1996,7.599401333415815,4900,0.1,18,1,1,1,1,0,0,59.5,0
tx_08576,6811,8.826441041782578,5712,0.25,3,0,3,1,1,0,0,2.79,0
tx_08577,4845,8.48590890137647,7995,0.3,6,0,1,1,1,0,0,6.59,0
tx_08578,14099,9.55393007636626,6011,0.85,3,0,2,1,0,1,0,2639.84,0
tx_08579,8883,9.092007185014317,5712,0.25,1,0,3,1,1,0,0,4.07,0
tx_08580,3085,8.034631032923107,4829,0.8,8,0,0,1,1,0,0,48.07,0
tx_08581,32946,10.40265548874465,4814,0.55,13,1,3,-1,0,0,1,134.75,0
tx_08582,22944,10.040855326828934,4900,0.1,20,1,2,1,1,0,0,11.63,0
tx_08583,36751,10.51194792492888,4121,0.2,0,0,2,1,1,0,0,1.03,0
tx_08584,10201,9.230339058482873,4829,0.8,9,0,1,1,1,1,0,3709.39,1
tx_08585,7873,8.971321471503682,4814,0.55,17,0,0,1,-1,0,0,5.25,0
tx_08586,15892,9.67363403969682,5814,0.3,4,0,0,1,1,0,0,6.99,0
tx_08587,4706,8.456806041401142,5712,0.25,17,0,0,1,1,0,1,4.23,0
tx_08588,9216,9.128804883993665,5691,0.35,13,1,0,1,1,0,1,2.54,0
tx_08589,6893,8.83840674707681,5968,0.7,13,0,3,1,1,0,0,9.41,0
tx_08590,2033,7.617759576608505,5411,0.1,2,1,3,1,1,0,0,2.56,0
tx_08591,9194,9.126415137038421,5411,0.1,4,1,3,-1,-1,0,0,3.63,0
tx_08592,5357,8.586346050104554,4829,0.8,21,0,1,1,1,0,0,5.27,0
tx_08593,6469,8.774931387494947,5412,0.2,21,1,2,1,1,0,0,7.22,0
tx_08594,11508,9.350884616968491,4829,0.8,10,1,0,1,0,0,0,0.86,0
tx_08595,27285,10.21412902912282,5712,0.25,14,0,2,1,1,0,0,7.85,0
tx_08596,3637,8.199189359078067,7995,0.3,13,0,3,1,1,0,0,2.9,0
tx_08597,5916,8.685584842676693,5691,0.35,12,0,8,1,1,0,0,9.55,0
tx_08598,3938,8.278682162970906,5311,0.4,17,0,3,1,1,0,0,71.16,0
tx_08599,3702,8.216898580913613,5812,0.45,13,1,1,1,1,0,0,1.81,0
tx_08600,4630,8.440528106480752,5968,0.7,3,1,0,1,1,0,0,4.63,0
tx_08601,6758,8.818630229100354,5412,0.2,1,1,2,-1,1,0,0,3.22,0
tx_08602,14211,9.561841957140917,4900,0.1,20,1,1,1,1,0,0,2.63,0
tx_08603,11043,9.309642573050045,5812,0.45,17,0,0,1,1,0,0,1.24,0
tx_08604,2984,8.001355025826703,4829,0.8,4,1,3,1,1,0,0,5.91,0
tx_08605,27851,10.234660056062438,7995,0.3,1,0,3,0,0,0,0,1.66,0
tx_08606,19977,9.902386947092095,5311,0.4,5,0,1,1,-1,0,0,36.59,0
tx_08607,3460,8.149312843635345,5311,0.4,13,1,1,1,-1,0,0,7.33,0
tx_08608,26058,10.168118476957156,5814,0.3,14,1,0,1,1,0,0,1.11,0
tx_08609,11112,9.315870873185647,4121,0.2,4,0,2,1,1,0,0,7.76,0
tx_08610,7020,8.85666093701725,4829,0.8,4,1,2,1,1,0,0,5.65,0
tx_08611,11445,9.345395602969047,4814,0.55,4,1,2,1,1,0,1,1.29,0
tx_08612,7948,8.980801413573113,5411,0.1,10,1,2,1,-1,0,0,4.77,0
tx_08613,13670,9.523032079931992,5691,0.35,5,1,1,1,1,0,0,6.47,0
tx_08614,9731,9.183174703903413,4829,0.8,10,0,1,-1,1,0,0,66.02,0
tx_08615,5911,8.684739462628038,5311,0.4,0,0,5,1,1,0,0,1.34,0
tx_08616,1189,7.081708586105575,5814,0.3,22,1,9,1,1,1,0,4884.71,1
tx_08617,13440,9.506065016071148,7995,0.3,21,0,1,1,1,0,0,1.23,0
tx_08618,5711,8.65032450401942,4121,0.2,8,0,3,0,1,0,0,3.3,0
tx_08619,17055,9.74425732696557,5712,0.25,19,1,8,0,0,0,0,1.5,0
tx_08620,12871,9.46280968867222,4121,0.2,12,1,0,1,-1,0,0,28.5,0
tx_08621,5854,8.675051276031818,5691,0.35,0,0,4,1,1,0,0,23.34,0
tx_08622,21526,9.977063240194447,6011,0.85,6,1,4,1,1,0,0,19.11,0
tx_08623,9895,9.199885914072324,5968,0.7,1,1,1,1,1,0,0,2.35,0
tx_08624,9515,9.160729871422848,4900,0.1,16,0,0,1,0,0,0,1.83,0
tx_08625,7144,8.874168090363968,4900,0.1,18,0,1,1,1,0,0,5.09,0
tx_08626,40318,10.604578100850384,5814,0.3,14,0,5,0,-1,0,0,46.8,0
tx_08627,4136,8.327726166461412,5968,0.7,0,1,2,1,0,0,0,16.71,0
tx_08628,5995,8.698847859222488,4900,0.1,5,1,0,1,1,0,0,95.37,0
tx_08629,2514,7.83002808253384,4121,0.2,11,1,0,1,1,0,0,3.42,0
tx_08630,16245,9.6956020036109,5412,0.2,3,0,4,1,1,0,0,4.93,0
tx_08631,4685,8.452334619067742,5712,0.25,2,1,3,1,1,0,0,11.83,0
tx_08632,5212,8.558910784768106,5412,0.2,7,1,0,1,1,0,0,4.63,0
tx_08633,4984,8.514188682395938,7995,0.3,14,0,3,1,1,0,0,4.64,0
tx_08634,8645,9.064852065227576,5968,0.7,2,1,0,1,1,0,0,1.46,0
tx_08635,2482,7.817222785508166,5968,0.7,23,1,2,1,1,0,0,1.76,0
tx_08636,967,6.875232087276577,4121,0.2,11,1,1,-1,1,0,0,79.32,0
tx_08637,12582,9.440101975591968,5968,0.7,4,1,5,0,1,0,0,2.59,0
tx_08638,1094,6.9985096422506015,5814,0.3,0,0,0,1,1,0,0,18.84,0
tx_08639,18336,9.816676155549164,5411,0.1,22,0,5,1,1,0,0,0.68,0
tx_08640,35802,10.485786967760543,5712,0.25,14,0,0,1,1,0,0,5.3,0
tx_08641,6969,8.84937050375457,5968,0.7,20,1,3,1,1,0,0,1.42,0
tx_08642,27992,10.239709757902132,6011,0.85,18,1,3,1,-1,1,0,4906.84,1
tx_08643,7960,8.982309899088579,5691,0.35,23,1,10,0,-1,0,0,15.13,1
tx_08644,37214,10.52446718479401,4121,0.2,21,0,2,-1,1,0,0,3.51,0
tx_08645,5280,8.571870752706934,5712,0.25,18,0,2,1,0,0,0,49.72,0
tx_08646,861,6.759255270663693,5812,0.45,20,1,4,1,1,0,0,7.39,0
tx_08647,7550,8.929435283803425,4121,0.2,20,1,0,1,1,0,0,6.31,0
tx_08648,41264,10.627769962026784,5968,0.7,6,0,4,-1,1,0,0,3.23,0
tx_08649,13540,9.513477398982824,4829,0.8,14,0,1,1,1,0,0,1.74,0
tx_08650,4992,8.51579221050061,6011,0.85,23,1,1,-1,-1,0,0,2.08,0
tx_08651,11133,9.317758768743452,5691,0.35,20,0,1,1,1,0,0,8.91,0
tx_08652,20491,9.927789845059094,5311,0.4,2,1,2,1,1,0,0,2.0,0
tx_08653,7509,8.92399074475818,4121,0.2,2,0,1,1,0,0,0,3.59,0
tx_08654,98740,11.500255539369428,4121,0.2,4,0,1,1,1,0,0,3.33,0
tx_08655,4982,8.513787398281405,5814,0.3,17,0,1,1,1,0,0,37.51,0
tx_08656,21111,9.95759687818316,5411,0.1,9,1,3,1,1,0,0,6.02,0
tx_08657,16798,9.729074639810214,5968,0.7,15,0,5,0,1,0,0,6.91,0
tx_08658,4189,8.340456012916183,4900,0.1,3,0,1,1,1,0,0,1.77,0
tx_08659,5442,8.6020856584342,6011,0.85,1,0,2,1,1,0,0,1.79,0
tx_08660,21426,9.972407088000725,7995,0.3,18,0,2,1,1,0,0,1.43,0
tx_08661,9346,9.142810715182584,4814,0.55,6,1,1,1,1,0,1,4.34,0
tx_08662,11230,9.326433090963036,5812,0.45,1,1,2,1,1,0,0,0.67,0
tx_08663,1722,7.45182223652793,7995,0.3,5,1,0,1,1,0,0,12.21,0
tx_08664,15190,9.628458426207663,5311,0.4,7,1,3,0,1,0,0,8.58,0
tx_08665,10701,9.27818591887125,4121,0.2,9,0,2,1,1,0,0,1.15,0
tx_08666,7665,8.9445502459405,6011,0.85,21,1,1,1,0,0,0,3.72,0
tx_08667,11476,9.348100311680668,5412,0.2,4,1,1,1,1,0,0,19.84,0
tx_08668,5522,8.616676469901188,4121,0.2,14,0,4,1,1,0,0,4.73,0
tx_08669,4642,8.443115988019922,5968,0.7,6,1,7,0,1,0,1,1.11,1
tx_08670,6473,8.775549434486189,5812,0.45,11,0,0,1,1,0,1,20.97,0
tx_08671,5241,8.564458383883352,4121,0.2,7,1,0,1,1,0,0,16.64,0
tx_08672,64645,11.07668151066948,4900,0.1,8,0,5,0,1,0,0,21.4,0
tx_08673,19369,9.871480756401041,4121,0.2,14,1,0,1,1,0,0,1.52,0
tx_08674,3246,8.085486772102845,7995,0.3,14,0,1,1,1,0,0,208.92,0
tx_08675,56368,10.939674640985677,4121,0.2,3,0,5,1,-1,0,0,7.56,0
tx_08676,5399,8.594154232552366,5968,0.7,3,1,0,1,1,0,0,4.54,0
tx_08677,8376,9.033245134153809,5691,0.35,5,0,1,1,1,0,0,7.13,0
tx_08678,19105,9.857757700829954,5712,0.25,21,1,2,1,1,0,0,13.79,0
tx_08679,1253,7.134093721192866,5968,0.7,7,0,2,1,1,0,0,32.16,0
tx_08680,6503,8.780172651227646,6011,0.85,13,1,2,1,1,0,0,1.79,0
tx_08681,4724,8.460622839927844,4814,0.55,10,0,5,0,1,0,0,3.33,0
tx_08682,9897,9.200087995511831,4121,0.2,8,0,1,1,1,1,0,3592.95,1
tx_08683,11576,9.356775650205728,4814,0.55,0,0,0,1,1,0,0,0.69,0
tx_08684,7569,8.931948346431495,5812,0.45,10,0,2,1,1,0,0,6.72,0
tx_08685,7242,8.887790764195326,5691,0.35,23,0,0,1,1,0,1,15.33,0
tx_08686,22405,10.017084059118668,4814,0.55,22,1,0,1,1,1,0,3939.92,1
tx_08687,10846,9.291643823040218,4900,0.1,7,1,5,0,1,0,0,2.25,0
tx_08688,8472,9.044639916198465,5691,0.35,12,1,2,1,1,0,0,2.26,0
tx_08689,9374,9.14580185083861,5814,0.3,6,1,1,1,-1,0,0,16.18,0
tx_08690,46596,10.749291440359002,5311,0.4,22,1,1,-1,1,0,0,2.64,0
tx_08691,9597,9.169310022418191,7995,0.3,13,1,1,1,1,0,0,0.35,0
tx_08692,4996,8.516593011344206,7995,0.3,22,1,0,1,-1,0,0,5.45,0
tx_08693,1328,7.192182058713246,5814,0.3,20,1,2,0,1,0,0,2.93,0
tx_08694,2086,7.643482907077201,5412,0.2,7,1,0,1,1,0,0,1.38,0
tx_08695,5226,8.561592778712923,6011,0.85,10,1,1,1,1,0,0,5.02,0
tx_08696,7348,8.90231952852887,5814,0.3,13,1,0,-1,1,0,0,6.14,0
tx_08697,4805,8.477620416296414,5691,0.35,5,1,3,1,0,0,0,3.43,0
tx_08698,11370,9.338821533624722,5412,0.2,19,1,3,1,1,0,1,4.03,0
tx_08699,4746,8.465268118551318,5968,0.7,13,0,2,1,-1,0,0,0.64,0
tx_08700,3417,8.136810863675537,5691,0.35,4,0,10,0,1,0,0,1.53,0
tx_08701,14577,9.587268821942159,4829,0.8,11,0,2,1,0,0,0,6.99,0
tx_08702,29914,10.306115305824132,7995,0.3,19,0,1,1,1,0,0,11.66,0
tx_08703,2845,7.953669778649798,4121,0.2,10,0,3,-1,1,0,0,1.94,0
tx_08704,10267,9.236787541991031,5812,0.45,17,1,8,0,1,0,0,45.09,0
tx_08705,1333,7.195937226475569,5812,0.45,23,0,3,1,1,0,0,3.78,0
tx_08706,2007,7.60489448081162,5712,0.25,8,1,2,0,1,0,0,2.07,0
tx_08707,4656,8.446126742982377,4121,0.2,23,1,3,1,1,0,1,5.98,1
tx_08708,23941,10.083389517811316,5412,0.2,9,0,0,-1,1,0,0,7.45,0
tx_08709,3887,8.265650165580329,6011,0.85,13,0,2,1,1,0,0,5.19,0
tx_08710,3751,8.230044310126114,4900,0.1,18,1,1,1,1,0,1,4.69,0
tx_08711,8429,9.039552050995901,5812,0.45,1,0,2,1,1,0,0,9.52,0
tx_08712,8437,9.040500592684284,6011,0.85,16,1,2,1,0,0,0,24.64,0
tx_08713,3863,8.259458195332408,7995,0.3,13,0,2,1,1,0,0,1.53,0
tx_08714,53749,10.89209894598991,5691,0.35,15,1,5,0,1,0,1,1.83,0
tx_08715,6330,8.753213480544126,5311,0.4,22,1,1,1,0,0,1,5.46,0
tx_08716,9073,9.113168460223909,5812,0.45,11,1,9,0,0,0,0,13.68,0
tx_08717,5561,8.62371303479391,5412,0.2,22,0,0,1,1,0,1,0.54,0
tx_08718,12371,9.423191133804961,5712,0.25,13,1,0,1,1,0,0,5.83,0
tx_08719,26328,10.178426272278042,5814,0.3,5,0,3,1,1,0,0,36.07,0
tx_08720,39563,10.585674892859732,5812,0.45,15,1,3,1,1,0,0,6.69,0
tx_08721,3948,8.28121766128665,4900,0.1,4,0,0,1,-1,0,0,9.77,0
tx_08722,23177,10.050958831894336,5814,0.3,21,1,2,1,1,0,0,5.61,0
tx_08723,13730,9.527411329321751,5691,0.35,3,0,12,1,1,0,0,7.0,0
tx_08724,20557,9.931005438572868,7995,0.3,11,0,5,1,1,0,0,11.28,0
tx_08725,7464,8.91798070997329,5812,0.45,19,1,5,-1,1,0,0,1.92,0
tx_08726,6819,8.827614750837508,6011,0.85,0,0,8,0,0,0,0,1.0,0
tx_08727,19813,9.894144037532975,7995,0.3,11,0,1,1,0,0,0,9.92,0
tx_08728,20174,9.91219949313815,7995,0.3,12,1,4,1,-1,0,0,5.21,0
tx_08729,36048,10.492634403077314,5814,0.3,8,0,9,0,1,0,1,46.92,1
tx_08730,9836,9.193906065512758,5712,0.25,16,1,4,0,1,0,0,0.92,0
tx_08731,7358,8.903679332926599,4814,0.55,7,1,1,1,0,0,0,14.98,0
tx_08732,787,6.669498089857879,5411,0.1,8,1,0,1,1,0,0,1.52,0
tx_08733,1762,7.47477218239787,5412,0.2,6,0,9,0,-1,0,0,6.36,0
tx_08734,5601,8.630878955820053,5814,0.3,14,0,8,0,1,0,0,10.96,0
tx_08735,2862,7.959625305098115,5712,0.25,21,1,0,1,1,0,0,4.95,0
tx_08736,17652,9.778661019589283,5412,0.2,4,1,3,1,1,0,0,5.59,0
tx_08737,2346,7.760893195851024,4829,0.8,9,1,8,0,0,0,0,4.22,1
tx_08738,5059,8.52912176228151,5814,0.3,5,0,3,1,1,0,0,5.19,0
tx_08739,5251,8.566364235422688,5412,0.2,5,0,1,1,0,0,1,1.14,0
tx_08740,25583,10.149722435073736,4121,0.2,23,1,0,1,1,0,0,1.63,0
tx_08741,4570,8.427487278331744,4900,0.1,17,0,2,1,1,0,1,4.75,0
tx_08742,12518,9.435002769259663,6011,0.85,22,0,2,1,1,0,0,5.3,0
tx_08743,9809,9.191157552559408,4814,0.55,15,0,2,1,1,0,0,4.38,0
tx_08744,19212,9.8633424122317,5411,0.1,15,1,4,1,1,0,0,1.36,0
tx_08745,18267,9.81290617430489,5691,0.35,17,0,1,1,1,0,0,15.9,0
tx_08746,7890,8.973478148521036,4814,0.55,15,0,1,1,-1,0,0,7.17,0
tx_08747,1626,7.394493107219038,4829,0.8,19,0,0,1,1,0,1,6.87,0
tx_08748,6536,8.78523362361273,7995,0.3,7,1,3,-1,1,0,0,5.16,0
tx_08749,7992,8.98632143762602,5712,0.25,2,1,4,0,0,0,0,1.42,1
tx_08750,10688,9.276970454273945,4829,0.8,11,1,1,1,1,0,0,0.69,0
tx_08751,4042,8.304742269640771,4829,0.8,0,0,0,1,1,0,1,5.33,0
tx_08752,24077,10.089053839494971,5411,0.1,1,0,4,0,0,0,0,2.25,0
tx_08753,8251,9.018210874191142,5814,0.3,1,0,1,1,1,0,0,2.45,0
tx_08754,3397,8.130942302231878,5814,0.3,1,1,8,1,1,0,0,11.24,0
tx_08755,5270,8.569975376855206,4829,0.8,16,1,1,1,-1,0,0,3.95,0
tx_08756,50883,10.8373038112761,5814,0.3,14,0,1,1,1,0,1,10.8,0
tx_08757,15311,9.636392113692736,6011,0.85,22,0,2,1,1,0,0,2.25,0
tx_08758,22053,10.001249270318624,4900,0.1,6,0,1,1,1,0,1,3.32,0
tx_08759,3028,8.015987811027237,4121,0.2,7,1,2,1,0,0,1,4.2,0
tx_08760,4233,8.350902451694811,7995,0.3,11,1,3,1,1,0,0,0.57,0
tx_08761,4263,8.357962965845681,5691,0.35,18,0,1,1,1,0,0,1.93,0
tx_08762,9704,9.18039649560311,5814,0.3,22,0,2,1,1,0,0,25.11,0
tx_08763,6904,8.840001065843392,5311,0.4,17,1,0,1,1,0,0,2.21,0
tx_08764,5116,8.540323608805092,5311,0.4,12,1,1,1,1,0,0,5.97,0
tx_08765,5764,8.65956043270316,4900,0.1,23,1,1,1,1,0,0,2.03,0
tx_08766,3831,8.251142139090751,4900,0.1,4,1,0,1,0,0,0,2.06,0
tx_08767,6866,8.834482608620677,5412,0.2,11,1,1,-1,1,0,0,6.41,0
tx_08768,23452,10.062753697461577,4814,0.55,5,1,3,1,1,0,0,1.18,0
tx_08769,1935,7.568379267836522,5968,0.7,3,1,0,1,1,0,1,12.69,0
tx_08770,11320,9.334414687078109,5691,0.35,9,1,1,1,0,0,0,11.72,0
tx_08771,30220,10.316292325947678,6011,0.85,18,0,2,1,1,0,0,10.01,0
tx_08772,6844,8.83127373772255,5691,0.35,7,0,6,0,1,0,0,0.39,0
tx_08773,4928,8.502891406705377,5311,0.4,19,0,2,1,1,0,0,5.08,0
tx_08774,19598,9.88323382350886,5691,0.35,14,0,0,1,1,0,1,46.93,0
tx_08775,3198,8.070593539949519,4829,0.8,16,0,1,1,0,0,0,0.53,0
tx_08776,7971,8.983690681332686,5968,0.7,5,1,1,1,1,0,0,33.81,0
tx_08777,3033,8.017637159908478,5814,0.3,20,0,1,1,1,0,0,0.24,0
tx_08778,1378,7.229113877793302,4829,0.8,4,1,1,1,0,0,0,9.74,0
tx_08779,7050,8.860924729719041,5712,0.25,8,1,2,-1,1,0,0,0.68,0
tx_08780,2453,7.805474625270857,5691,0.35,18,0,1,1,1,0,0,6.18,0
tx_08781,8055,8.994172434398399,4829,0.8,16,0,1,1,1,0,0,18.82,0
tx_08782,23493,10.064500348383831,4814,0.55,7,1,3,1,0,0,1,1.05,0
tx_08783,47416,10.766736093172735,5814,0.3,6,0,2,1,-1,0,0,63.2,0
tx_08784,8902,9.094143577573671,4900,0.1,10,0,0,1,1,0,0,1.27,0
tx_08785,21449,9.973479924356162,5691,0.35,10,1,1,1,1,0,0,7.52,0
tx_08786,11899,9.38429367909962,4900,0.1,1,0,4,-1,1,0,0,1.4,0
tx_08787,5660,8.64135583403666,5812,0.45,5,0,2,1,1,0,0,21.78,0
tx_08788,1308,7.1770187659099,4121,0.2,3,1,1,1,1,0,0,38.99,0
tx_08789,38190,10.550355164741893,5411,0.1,3,1,0,1,1,0,0,3.09,0
tx_08790,3006,8.008698182988528,5691,0.35,8,1,2,1,1,0,0,31.86,0
tx_08791,30297,10.318836982718269,5412,0.2,0,0,0,1,1,0,0,6.81,0
tx_08792,13563,9.515174503245529,5712,0.25,16,1,5,0,1,0,0,3.47,0
tx_08793,3223,8.07837810362652,4829,0.8,16,1,3,1,-1,0,0,1.33,0
tx_08794,10955,9.301642530382969,5412,0.2,5,0,0,1,1,0,1,1.96,0
tx_08795,61786,11.031448265330804,5814,0.3,21,0,3,1,-1,0,0,14.75,0
tx_08796,35033,10.464074297511592,5311,0.4,14,1,2,1,1,1,0,2359.96,0
tx_08797,5004,8.518192691749322,4829,0.8,7,1,0,1,1,0,0,11.15,0
tx_08798,4141,8.328934041955529,5968,0.7,4,0,1,1,1,0,0,3.35,0
tx_08799,8959,9.100525505968976,5814,0.3,10,1,2,1,-1,0,0,32.69,0
tx_08800,6960,8.848078421168667,5812,0.45,23,0,1,1,0,0,0,2.21,0
tx_08801,25461,10.144942423621591,5968,0.7,0,1,2,-1,1,0,0,0.69,0
tx_08802,16445,9.707837565530841,5814,0.3,0,1,3,0,1,0,0,1.07,0
tx_08803,1632,7.398174092970465,5814,0.3,9,1,0,1,1,0,1,8.76,0
tx_08804,12593,9.440975789048688,5691,0.35,22,0,6,0,1,0,0,4.65,0
tx_08805,6871,8.835210463664092,4121,0.2,6,1,3,1,1,0,0,5.04,0
tx_08806,8437,9.040500592684284,5712,0.25,17,0,11,0,-1,0,0,11.03,0
tx_08807,10318,9.241742135115715,4900,0.1,13,0,0,1,1,0,0,1.17,0
tx_08808,25437,10.14399939801143,5814,0.3,4,0,2,1,0,0,0,2.22,0
tx_08809,20621,9.93411374607789,5412,0.2,21,0,2,1,1,0,0,2.93,0
tx_08810,3995,8.293049139768444,6011,0.85,3,1,0,1,1,0,0,5.92,0
tx_08811,7704,8.949624747754216,5712,0.25,12,1,1,-1,1,0,0,1.74,0
tx_08812,5319,8.57922858233569,5691,0.35,15,0,4,1,1,0,1,2.82,0
tx_08813,1648,7.407924322559599,6011,0.85,16,1,1,-1,1,0,0,2.6,0
tx_08814,7341,8.90136656405678,5412,0.2,20,0,0,1,1,0,0,0.76,0
tx_08815,46990,10.757711372994065,5411,0.1,16,1,0,1,1,1,0,925.66,1
tx_08816,1602,7.3796321526095525,5411,0.1,15,0,5,1,1,0,0,8.07,0
tx_08817,7961,8.982435503560263,6011,0.85,3,1,2,1,1,0,0,1.23,0
tx_08818,7722,8.951958168569265,5814,0.3,7,0,1,1,1,0,0,0.85,0
tx_08819,10706,9.27865301215827,4829,0.8,8,0,1,1,0,0,0,3.21,0
tx_08820,3264,8.09101504171053,5412,0.2,8,1,2,0,1,0,0,2.13,0
tx_08821,2103,7.651595573857601,5411,0.1,2,0,0,1,0,0,1,0.5,0
tx_08822,2198,7.695757990554761,5812,0.45,2,1,4,1,0,0,0,0.49,0
tx_08823,28841,10.269587937122015,4121,0.2,10,0,1,1,1,0,0,15.29,0
tx_08824,3202,8.071843149609158,5812,0.45,17,0,4,1,1,0,0,1.93,0
tx_08825,5067,8.53070154144103,5814,0.3,21,1,0,-1,1,0,0,13.65,0
tx_08826,60148,11.00458009616072,4900,0.1,22,1,3,1,1,0,0,10.08,0
tx_08827,4055,8.30795254527102,4829,0.8,11,0,1,1,0,0,1,35.13,0
tx_08828,11276,9.330520532232288,5712,0.25,21,1,1,1,0,0,0,6.62,0
tx_08829,22377,10.015833612367667,4900,0.1,10,0,2,1,1,0,0,2.25,0
tx_08830,21378,9.970164410800407,7995,0.3,11,0,2,1,1,0,0,10.6,0
tx_08831,2299,7.7406644019172415,5814,0.3,5,1,0,1,1,0,0,0.36,0
tx_08832,4136,8.327726166461412,7995,0.3,15,1,11,0,1,0,0,14.87,0
tx_08833,10855,9.292473201514705,5691,0.35,7,0,3,1,1,0,0,43.4,0
tx_08834,50906,10.837755717640936,7995,0.3,11,1,2,1,-1,0,1,1.17,0
tx_08835,3951,8.281977058867758,4121,0.2,22,0,0,1,1,0,0,3.61,0
tx_08836,5096,8.536407410340042,5311,0.4,13,0,3,1,-1,0,0,5.5,0
tx_08837,12134,9.403849118160702,4121,0.2,7,0,3,0,1,0,0,3.1,0
tx_08838,14674,9.593900644696298,5812,0.45,16,0,0,-1,1,0,0,4.24,0
tx_08839,15544,9.651494322492853,5691,0.35,17,1,3,1,1,0,0,1.86,0
tx_08840,3645,8.201385955238608,5311,0.4,14,0,1,1,1,0,0,2.31,0
tx_08841,4913,8.499843553081124,5311,0.4,1,0,5,0,1,0,0,161.82,0
tx_08842,9996,9.210040326967182,5812,0.45,5,1,4,1,1,0,0,5.68,0
tx_08843,27021,10.204406628019905,4829,0.8,3,1,5,1,1,0,0,0.22,0
tx_08844,6494,8.7787879291047,5691,0.35,22,0,1,1,1,0,0,2.45,0
tx_08845,7974,8.984066927653044,5712,0.25,7,1,1,1,1,0,1,2.91,0
tx_08846,3073,8.03073492409854,4900,0.1,11,1,0,1,1,0,0,34.63,0
tx_08847,47822,10.775261974301756,4900,0.1,21,1,5,1,1,1,0,2362.46,1
tx_08848,9431,9.151863442217207,5311,0.4,23,1,1,-1,1,0,0,5.56,0
tx_08849,22675,10.029062375444195,5712,0.25,5,1,1,1,1,1,0,731.24,0
tx_08850,8380,9.033722518098907,4900,0.1,20,1,7,1,0,0,0,6.42,0
tx_08851,8832,9.086249986745132,5411,0.1,17,0,1,1,1,0,0,1.69,0
tx_08852,1958,7.580189417944541,5691,0.35,14,1,0,1,0,0,0,7.05,0
tx_08853,1056,6.963189985870238,4829,0.8,4,0,1,-1,1,0,0,16.02,0
tx_08854,26755,10.194514026238298,5691,0.35,16,1,0,1,1,0,0,2.41,0
tx_08855,8772,9.079434102128383,4814,0.55,14,0,0,1,1,0,1,6.19,0
tx_08856,9910,9.201400530406708,4814,0.55,10,0,6,0,1,0,0,12.17,0
tx_08857,2486,7.818832443803404,4900,0.1,14,1,1,1,1,0,0,9.01,0
tx_08858,3454,8.14757773620177,5311,0.4,5,0,1,1,1,0,0,0.67,0
tx_08859,22345,10.014402613107283,4121,0.2,14,0,2,1,1,0,0,4.57,0
tx_08860,42545,10.658341122532052,7995,0.3,3,1,3,1,1,0,0,0.14,0
tx_08861,4514,8.415160465851086,5311,0.4,6,1,1,1,1,0,0,7.13,0
tx_08862,15415,9.643161210094203,5968,0.7,11,0,3,1,1,0,0,13.59,0
tx_08863,9757,9.185842740375783,6011,0.85,3,1,2,1,1,0,0,8.34,0
tx_08864,7264,8.890823576004383,5968,0.7,21,0,3,1,1,0,0,7.28,0
tx_08865,47313,10.764561513772353,5968,0.7,21,1,2,-1,1,0,0,7.05,0
tx_08866,5296,8.574895901544526,4814,0.55,11,1,2,1,1,0,0,9.9,0
tx_08867,26472,10.183880624651032,5411,0.1,13,0,1,1,1,0,0,1.68,0
tx_08868,11702,9.367600498174767,5814,0.3,6,1,2,1,1,0,0,2.27,0
tx_08869,8015,8.989194823324645,5712,0.25,5,1,1,1,0,0,0,5.72,0
tx_08870,29989,10.308619271743055,4121,0.2,23,0,0,1,1,0,0,22.12,0
tx_08871,10730,9.280892027927127,5691,0.35,9,0,1,1,1,0,0,9.29,0
tx_08872,7432,8.913684824725294,5968,0.7,22,1,2,1,1,0,0,11.64,0
tx_08873,30201,10.315663426335734,5968,0.7,1,1,5,1,1,0,0,3.44,0
tx_08874,26688,10.19200677448047,5411,0.1,2,0,1,1,1,0,0,5.57,0
tx_08875,25515,10.147060985361845,4900,0.1,11,1,2,1,1,0,0,4.51,0
tx_08876,203,5.318119993844216,5311,0.4,18,0,0,1,1,0,0,1.1,0
tx_08877,12374,9.423433587436891,5311,0.4,10,0,3,0,0,0,0,7.11,0
tx_08878,9963,9.20673387638207,5311,0.4,20,1,5,1,1,0,0,4.01,0
tx_08879,7880,8.97221007835365,5311,0.4,3,1,3,1,0,1,0,3785.18,1
tx_08880,14537,9.584521190044581,5412,0.2,20,1,1,1,0,0,0,0.81,0
tx_08881,10433,9.252824983582338,4121,0.2,10,1,2,1,1,0,0,2.78,0
tx_08882,15508,9.649175779559453,4900,0.1,6,0,1,1,1,0,0,0.54,0
tx_08883,6315,8.750841375375533,5311,0.4,15,1,0,1,1,0,0,7.93,0
tx_08884,33808,10.42848231821631,4829,0.8,18,1,0,1,1,0,0,13.13,0
tx_08885,17072,9.745253547271233,6011,0.85,22,0,0,1,-1,0,0,7.83,0
tx_08886,13637,9.520615293080597,5812,0.45,2,1,0,1,1,1,0,2136.46,0
tx_08887,13019,9.47424191576256,6011,0.85,16,0,2,1,1,0,0,9.59,0
tx_08888,24455,10.104630863570671,5691,0.35,7,0,2,1,1,0,0,1.73,0
tx_08889,21499,9.975808214115753,4814,0.55,12,0,2,1,0,0,1,21.34,0
tx_08890,7318,8.898228985601227,6011,0.85,11,0,3,1,1,0,0,58.56,0
tx_08891,20868,9.946020083254831,5412,0.2,18,1,1,1,1,0,0,11.25,0
tx_08892,9610,9.170663554823284,5812,0.45,9,1,5,1,0,0,0,2.05,0
tx_08893,50325,10.826277121150113,5411,0.1,6,0,5,1,1,0,0,2.28,0
tx_08894,23110,10.048063973643371,5412,0.2,11,1,2,1,1,0,0,7.58,0
tx_08895,4496,8.411165786770708,5412,0.2,16,1,8,0,1,0,0,3.06,0
tx_08896,74559,11.219359449359473,4900,0.1,20,0,0,1,1,0,0,18.26,0
tx_08897,1106,7.009408932708637,5691,0.35,0,1,8,0,1,0,0,3.76,0
tx_08898,14923,9.610725934341048,5814,0.3,13,1,5,0,1,0,0,13.77,0
tx_08899,4204,8.344029572407049,4121,0.2,1,0,3,1,1,0,0,11.44,0
tx_08900,48691,10.793270024529487,4814,0.55,14,0,7,0,1,0,0,0.94,0
tx_08901,10356,9.24541789858888,5968,0.7,14,1,2,1,-1,0,0,4.47,0
tx_08902,3832,8.251403065380556,5691,0.35,20,0,2,1,1,0,0,17.26,0
tx_08903,6323,8.752107198329362,7995,0.3,4,0,2,-1,1,0,1,4.18,0
tx_08904,4134,8.327242607457793,5712,0.25,19,0,1,1,1,0,0,7.48,0
tx_08905,6092,8.714895850248494,5812,0.45,16,0,0,-1,0,0,0,6.07,0
tx_08906,5961,8.693161274238017,6011,0.85,15,1,2,0,1,0,0,1.82,0
tx_08907,3990,8.291797105048733,5812,0.45,15,0,10,0,-1,0,0,39.38,0
tx_08908,10527,9.261793653565098,5311,0.4,13,0,0,1,-1,0,0,2.01,0
tx_08909,11812,9.37695589894852,5691,0.35,1,1,1,1,-1,0,0,1.63,0
tx_08910,3161,8.058960017769417,4900,0.1,19,1,8,1,1,0,0,17.54,0
tx_08911,1685,7.430114138561801,5311,0.4,9,1,0,1,1,0,0,2.57,0
tx_08912,10944,9.300638009956963,5812,0.45,2,1,2,0,1,0,0,5.42,0
tx_08913,13501,9.510593101601815,4829,0.8,14,0,1,1,1,0,0,8.25,0
tx_08914,16299,9.698920386794853,5812,0.45,22,1,0,1,1,0,0,16.83,0
tx_08915,13750,9.528866827722945,5712,0.25,17,0,5,-1,1,0,0,0.4,0
tx_08916,36288,10.499269944026953,5311,0.4,5,0,1,1,1,0,0,4.16,0
tx_08917,21002,9.952420563645306,4121,0.2,19,0,5,0,1,0,0,3.47,0
tx_08918,103882,11.551020544836,5812,0.45,20,1,2,1,1,0,0,4.71,0
tx_08919,154939,11.950793224185894,5968,0.7,7,1,0,1,1,0,0,12.52,0
tx_08920,1533,7.335633981927201,5814,0.3,12,0,2,1,1,0,0,29.2,0
tx_08921,1010,6.918695219020472,5411,0.1,20,0,0,1,1,0,0,6.31,0
tx_08922,8088,8.998260393017953,5812,0.45,3,1,7,0,0,0,0,1.96,1
tx_08923,13150,9.484253080341965,5411,0.1,8,1,1,1,0,0,0,6.52,0
tx_08924,7579,8.933268478636418,5411,0.1,10,1,2,1,1,0,0,9.92,0
tx_08925,15892,9.67363403969682,5311,0.4,0,1,5,0,1,0,0,6.95,0
tx_08926,6301,8.74862232231722,4829,0.8,4,0,2,1,0,0,0,17.65,0
tx_08927,4213,8.346167594364134,7995,0.3,14,0,3,1,1,0,0,2.2,0
tx_08928,4863,8.489616423646003,5812,0.45,6,1,0,1,0,0,0,2.35,0
tx_08929,6735,8.815221555922163,4829,0.8,5,1,2,-1,1,0,0,6.12,0
tx_08930,18151,9.806536026459678,6011,0.85,7,0,2,-1,1,0,0,19.77,0
tx_08931,5130,8.543055850941965,4829,0.8,2,1,3,1,1,0,0,39.33,0
tx_08932,6190,8.730851903519232,5712,0.25,15,0,2,1,1,0,1,9.48,0
tx_08933,14001,9.546955455537143,4829,0.8,6,1,2,-1,1,0,0,7.33,0
tx_08934,6743,8.81640849968169,5411,0.1,15,1,3,0,1,0,0,1.59,0
tx_08935,23530,10.066073979755881,5812,0.45,19,1,0,1,1,0,1,11.88,0
tx_08936,3400,8.131824785007195,7995,0.3,11,0,0,1,1,0,0,1.28,0
tx_08937,2767,7.92588031673756,7995,0.3,21,0,3,1,1,0,0,18.1,0
tx_08938,10879,9.294681520409934,6011,0.85,4,1,3,1,1,0,0,6.1,1
tx_08939,11959,9.389323027504624,4900,0.1,23,1,0,1,0,0,0,5.88,0
tx_08940,3581,8.183676582620658,4814,0.55,7,0,4,1,1,0,0,23.77,0
tx_08941,29190,10.281615721568997,6011,0.85,7,0,2,1,-1,0,0,5.88,0
tx_08942,50709,10.833878408789065,6011,0.85,23,1,7,0,1,0,0,3.22,0
tx_08943,4486,8.408939605975984,4900,0.1,10,1,2,1,1,0,0,6.96,0
tx_08944,33460,10.418135860525785,4121,0.2,17,1,5,0,1,0,0,1.8,0
tx_08945,847,6.742880635791903,5812,0.45,19,0,0,1,1,0,0,6.68,0
tx_08946,22640,10.027517700952979,4814,0.55,10,0,4,-1,1,0,0,4.1,0
tx_08947,3606,8.19063168090354,4121,0.2,7,0,4,1,1,0,0,2.22,0
tx_08948,20587,9.932463660772646,7995,0.3,11,0,2,1,1,0,0,88.22,0
tx_08949,3268,8.092239406724211,5412,0.2,9,0,1,1,0,0,0,3.98,0
tx_08950,7632,8.94023623179847,4814,0.55,9,0,1,1,0,0,0,2.47,0
tx_08951,3773,8.235890725928495,5812,0.45,5,0,1,1,1,0,0,0.65,0
tx_08952,6647,8.802071336535285,5411,0.1,21,1,3,0,1,0,0,2.05,0
tx_08953,46332,10.743609729174237,5691,0.35,13,0,9,1,1,0,0,12.31,0
tx_08954,7351,8.902727664035522,6011,0.85,19,1,0,0,0,0,0,0.78,0
tx_08955,60473,11.009968799582932,4900,0.1,15,0,0,1,1,0,0,1.25,0
tx_08956,5646,8.638879709672837,5812,0.45,8,1,1,1,1,0,0,16.03,0
tx_08957,33602,10.422370627679848,5968,0.7,7,1,1,1,1,0,1,3.2,0
tx_08958,1738,7.461065514354283,5411,0.1,23,1,2,1,1,0,0,2.8,0
tx_08959,6204,8.733110697638708,7995,0.3,0,1,2,1,1,0,0,5.43,0
tx_08960,4894,8.49596955496461,5412,0.2,7,0,1,1,0,0,0,20.8,0
tx_08961,35101,10.466013387887635,5412,0.2,17,0,3,1,1,0,0,1.58,0
tx_08962,9712,9.18122047340233,6011,0.85,13,0,3,1,1,0,0,51.9,0
tx_08963,1120,7.02197642307216,5712,0.25,14,1,1,1,1,0,0,5.49,0
tx_08964,2346,7.760893195851024,6011,0.85,0,0,0,1,1,0,0,4.68,0
tx_08965,3112,8.043342170441608,5968,0.7,5,1,3,1,1,0,0,10.61,0
tx_08966,19782,9.892578262028092,5812,0.45,14,1,1,1,0,0,0,0.37,0
tx_08967,17499,9.769956159911606,4900,0.1,7,0,6,0,1,0,0,6.97,0
tx_08968,6123,8.719970756777574,5411,0.1,11,1,6,1,0,0,0,6.2,0
tx_08969,4837,8.484256691169973,6011,0.85,22,1,2,-1,0,0,0,44.09,0
tx_08970,16087,9.685828931452487,5712,0.25,15,1,2,1,1,0,0,77.86,0
tx_08971,2785,7.932362154339751,4900,0.1,15,0,1,-1,1,0,1,6.13,0
tx_08972,12581,9.440022500129976,5311,0.4,4,0,2,1,0,0,0,5.7,0
tx_08973,11604,9.359191318708538,5814,0.3,14,1,1,1,1,0,0,4.02,0
tx_08974,6275,8.744488113852924,4829,0.8,23,0,2,1,1,0,0,4.73,0
tx_08975,11884,9.383032379794294,4814,0.55,15,1,2,-1,1,0,0,3.1,0
tx_08976,8975,9.102309627762478,5814,0.3,18,1,1,1,1,0,0,16.43,0
tx_08977,13065,9.477768715400696,5311,0.4,22,0,8,0,1,0,0,25.97,0
tx_08978,2293,7.738052297689316,5814,0.3,21,0,3,1,1,0,0,21.57,0
tx_08979,14602,9.588982266040471,5691,0.35,8,1,2,1,1,0,0,23.66,0
tx_08980,21600,9.980494888896912,7995,0.3,7,1,5,0,1,1,0,2683.98,1
tx_08981,11049,9.3101857069459,5691,0.35,6,0,4,1,-1,0,1,12.54,0
tx_08982,14419,9.57637141083894,6011,0.85,18,1,3,1,1,0,0,11.71,0
tx_08983,7337,8.900821604915228,5968,0.7,9,1,4,0,1,0,1,0.84,0
tx_08984,18995,9.851983709669012,4829,0.8,19,1,1,1,-1,0,0,3.56,0
tx_08985,8666,9.067277989134345,7995,0.3,19,0,2,1,0,0,0,2.46,0
tx_08986,2737,7.914983005848394,5814,0.3,15,1,4,1,1,0,0,4.34,0
tx_08987,17754,9.784422445377189,4814,0.55,2,1,8,0,1,0,0,4.12,0
tx_08988,1725,7.453561871643373,4121,0.2,17,0,2,1,1,0,0,10.39,0
tx_08989,10655,9.273878392780171,4900,0.1,4,1,3,1,1,0,0,2.94,0
tx_08990,5654,8.640295388550221,4121,0.2,13,0,3,1,0,0,0,0.31,0
tx_08991,5321,8.579604451537634,5411,0.1,5,0,4,-1,1,0,0,7.28,0
tx_08992,9591,9.16868469670735,7995,0.3,1,0,2,1,1,0,0,3.61,0
tx_08993,4152,8.331586243630754,5412,0.2,15,1,4,1,0,0,0,8.7,0
tx_08994,13250,9.491828300264636,4121,0.2,10,1,4,0,1,0,0,1.21,0
tx_08995,8597,9.059284897056227,5412,0.2,15,0,9,0,1,0,0,8.44,0
tx_08996,4531,8.418918622147897,4900,0.1,11,1,2,1,1,0,0,1.78,0
tx_08997,29040,10.27646390360756,5968,0.7,8,1,1,1,1,0,0,0.66,0
tx_08998,9894,9.199784858036667,4814,0.55,0,1,2,1,1,0,0,3.28,0
tx_08999,14830,9.604474863741963,5814,0.3,6,1,3,1,1,0,0,0.61,0
tx_09000,31286,10.350957954789322,5412,0.2,21,1,3,1,1,0,0,2.22,0
tx_09001,30802,10.335367366815744,4121,0.2,18,0,1,1,1,0,0,5.62,0
tx_09002,14129,9.556055475678573,5812,0.45,11,0,1,1,1,0,0,0.95,0
tx_09003,6110,8.717845704894916,5412,0.2,0,0,3,1,1,0,0,7.1,0
tx_09004,2094,7.647308832356238,5814,0.3,23,1,1,1,1,0,0,0.94,0
tx_09005,9912,9.201602306032898,5712,0.25,17,0,1,1,1,0,0,1.54,0
tx_09006,23041,10.045073916598,5968,0.7,0,0,3,1,1,0,0,1.36,0
tx_09007,11405,9.341894811716484,5412,0.2,5,1,0,1,0,0,0,10.17,0
tx_09008,309,5.736572297479192,4121,0.2,4,0,0,1,1,0,1,6.18,0
tx_09009,18615,9.831776704982127,4814,0.55,21,1,6,0,1,0,0,2.73,1
tx_09010,19734,9.890148988096948,5412,0.2,22,0,4,1,1,0,0,0.36,0
tx_09011,6118,8.71915396346254,5411,0.1,9,0,11,0,1,0,0,4.44,0
tx_09012,20829,9.944149534255018,5968,0.7,4,1,2,-1,1,1,0,2409.14,1
tx_09013,14790,9.60177416667137,5411,0.1,15,0,0,1,1,0,0,1.05,0
tx_09014,4247,8.354203562921775,6011,0.85,6,0,1,0,1,0,1,10.12,0
tx_09015,27253,10.212955578309765,4829,0.8,2,1,2,1,-1,0,0,1.72,0
tx_09016,2443,7.8013913202914855,5411,0.1,6,0,1,1,0,0,0,5.2,0
tx_09017,7714,8.950921764797261,5814,0.3,6,0,4,1,1,0,0,1.61,0
tx_09018,7016,8.85609105525229,4814,0.55,1,1,2,1,1,0,0,14.01,0
tx_09019,3718,8.22121009392507,5311,0.4,16,0,2,1,1,0,0,9.15,0
tx_09020,10870,9.293853972204001,5814,0.3,8,0,3,-1,1,0,0,16.21,0
tx_09021,28283,10.250051552724132,5712,0.25,13,1,2,1,1,0,1,20.17,0
tx_09022,26649,10.19054442959399,5814,0.3,13,0,5,0,-1,0,0,0.81,0
tx_09023,16198,9.692704790920137,5691,0.35,18,0,1,-1,1,0,0,52.22,0
tx_09024,1626,7.394493107219038,6011,0.85,18,1,8,0,0,0,0,0.25,0
tx_09025,2289,7.736307096548285,6011,0.85,13,1,1,1,1,0,0,2.4,0
tx_09026,9538,9.163143937145207,7995,0.3,20,1,3,1,0,0,0,2.87,0
tx_09027,7884,8.972717499397138,4814,0.55,13,0,2,1,1,0,0,0.6,0
tx_09028,5075,8.532278828834277,5712,0.25,0,1,1,1,1,0,0,2.64,0
tx_09029,49773,10.815248038323752,4814,0.55,20,1,1,1,1,0,0,15.17,0
tx_09030,9007,9.105868350379472,4900,0.1,18,1,1,1,1,0,0,5.67,0
tx_09031,13636,9.520541965857834,5311,0.4,10,0,1,-1,1,0,0,0.71,0
tx_09032,20820,9.943717371755195,5812,0.45,9,0,0,1,1,0,0,3.28,0
tx_09033,8582,9.05753878171822,5412,0.2,21,0,4,1,0,0,0,14.73,0
tx_09034,95481,11.466693027028526,6011,0.85,10,0,5,1,0,0,1,1.86,1
tx_09035,3334,8.112227958349724,5311,0.4,8,0,3,1,1,0,0,3.05,0
tx_09036,4580,8.429672593886743,5712,0.25,17,0,2,-1,1,0,0,8.44,0
tx_09037,3326,8.109826276018477,5814,0.3,7,1,6,0,0,0,0,12.36,0
tx_09038,35943,10.489717450749996,7995,0.3,9,0,1,1,-1,0,0,10.65,0
tx_09039,17451,9.7672095342435,4900,0.1,18,1,0,1,1,0,0,3.19,0
tx_09040,4857,8.488382109562117,5814,0.3,5,1,2,0,1,0,0,0.66,0
tx_09041,3585,8.184792654165078,4814,0.55,0,0,1,1,1,0,0,6.72,0
tx_09042,30358,10.32084829289068,5691,0.35,8,0,2,1,1,0,1,0.8,0
tx_09043,11485,9.348884181424243,5411,0.1,4,1,1,1,0,0,0,4.14,0
tx_09044,31103,10.345091707260165,7995,0.3,8,0,0,1,1,0,0,1.77,0
tx_09045,7693,8.94819608331224,5814,0.3,1,0,1,-1,1,0,0,3.88,0
tx_09046,13242,9.491224389926964,6011,0.85,14,0,0,1,1,0,0,21.6,0
tx_09047,10833,9.290444616217844,5968,0.7,12,0,1,1,1,0,0,6.8,0
tx_09048,4502,8.412499120301572,5411,0.1,6,1,2,-1,1,0,0,17.96,0
tx_09049,7103,8.868413284672005,5814,0.3,15,0,0,1,1,0,0,1.98,0
tx_09050,2644,7.8804263442924,4121,0.2,3,0,1,1,1,0,0,7.06,0
tx_09051,13024,9.474625866621567,5691,0.35,0,1,3,1,1,0,0,1.33,0
tx_09052,16787,9.728419624453482,4121,0.2,11,1,1,-1,1,0,0,3.71,0
tx_09053,20865,9.945876319027915,5814,0.3,3,0,1,-1,-1,0,0,8.94,0
tx_09054,15343,9.63847979712322,7995,0.3,20,0,1,1,0,0,0,0.47,0
tx_09055,7211,8.883501584323207,5812,0.45,7,0,8,0,1,0,0,4.1,0
tx_09056,35580,10.479567066502216,5968,0.7,10,0,14,0,-1,0,0,8.84,0
tx_09057,19013,9.852930828918975,4900,0.1,7,1,3,1,1,0,0,2.79,0
tx_09058,30464,10.324333762682596,7995,0.3,10,0,2,1,1,0,0,12.9,0
tx_09059,32335,10.383936439643403,5691,0.35,2,1,7,0,1,0,0,4.28,0
tx_09060,7229,8.88599431515281,5812,0.45,22,0,2,1,0,0,0,0.89,0
tx_09061,11774,9.373733918884618,5814,0.3,4,0,1,1,1,0,0,7.02,0
tx_09062,17001,9.741086263177305,5712,0.25,9,0,3,1,-1,0,0,5.25,0
tx_09063,2734,7.913886714856082,5311,0.4,20,1,1,1,1,0,0,4.0,0
tx_09064,2792,7.934871565945177,5712,0.25,10,1,0,1,-1,0,0,4.56,0
tx_09065,2370,7.771067086065406,5812,0.45,16,0,5,1,1,0,0,11.73,0
tx_09066,7350,8.902591637374087,6011,0.85,1,1,3,1,0,0,0,4.77,0
tx_09067,5934,8.688622307043769,5412,0.2,7,0,0,-1,-1,0,0,10.0,0
tx_09068,2082,7.641564441260972,5691,0.35,18,1,2,1,1,0,0,28.63,0
tx_09069,9387,9.147187556970914,5691,0.35,6,0,0,1,1,0,0,11.62,0
tx_09070,7438,8.914491710191342,4814,0.55,9,0,1,1,1,0,0,4.9,0
tx_09071,25042,10.128349626344303,4814,0.55,1,1,3,1,0,1,0,4845.6,1
tx_09072,55133,10.91752186472894,4121,0.2,12,0,2,0,1,0,0,3.46,0
tx_09073,12567,9.438909179935457,5812,0.45,8,1,3,1,1,0,0,5.23,0
tx_09074,4202,8.343553835005117,5411,0.1,20,0,1,1,1,0,1,5.63,0
tx_09075,15056,9.619598278323043,6011,0.85,9,0,1,1,1,0,0,2.13,0
tx_09076,8217,9.014082149443356,5812,0.45,19,0,6,0,1,0,0,2.68,0
tx_09077,6484,8.777247096750544,4814,0.55,21,0,4,0,1,0,0,1.69,0
tx_09078,3593,8.187021067343505,4814,0.55,20,0,3,1,-1,0,0,11.84,0
tx_09079,5240,8.564267598802166,5411,0.1,17,0,8,0,1,0,0,6.42,0
tx_09080,6879,8.836373930927389,6011,0.85,14,0,3,0,-1,0,0,4.74,0
tx_09081,17484,9.769098649497476,4121,0.2,11,1,3,-1,1,0,0,2.21,0
tx_09082,13235,9.490695669041504,4829,0.8,1,1,1,-1,1,0,0,10.06,0
tx_09083,46141,10.739478877125554,4121,0.2,3,1,7,0,-1,0,0,2.25,0
tx_09084,15457,9.645881947666817,5411,0.1,9,1,3,1,1,0,0,2.11,0
tx_09085,12189,9.408371222475317,7995,0.3,15,1,0,1,1,0,0,11.74,0
tx_09086,6089,8.714403360703942,5812,0.45,0,0,4,0,0,0,0,3.02,0
tx_09087,3040,8.019941687677365,5412,0.2,22,1,0,-1,1,0,0,6.75,0
tx_09088,4740,8.464003362902119,4829,0.8,23,0,1,1,1,0,0,2.59,0
tx_09089,4189,8.340456012916183,5311,0.4,1,1,0,1,1,0,0,3.67,0
tx_09090,715,6.573680166960646,5691,0.35,2,0,2,1,1,0,0,4.66,0
tx_09091,3124,8.047189562170502,4900,0.1,20,1,2,1,1,0,0,17.01,0
tx_09092,37319,10.52728465496128,5812,0.45,4,0,2,1,1,0,0,7.69,0
tx_09093,11560,9.355392643675321,7995,0.3,4,1,4,1,1,0,0,8.82,0
tx_09094,5696,8.647694999480395,4829,0.8,4,0,1,1,1,0,0,8.8,0
tx_09095,11893,9.38378935026654,4900,0.1,16,0,3,1,1,0,0,16.68,0
tx_09096,1273,7.149916836132109,4814,0.55,3,0,3,1,1,0,0,34.69,0
tx_09097,10648,9.273221270015384,5814,0.3,4,1,0,1,1,0,0,9.42,0
tx_09098,27413,10.218809110791327,5412,0.2,9,0,8,0,0,0,0,1.65,0
tx_09099,7260,8.890272839380247,4900,0.1,14,0,0,1,-1,0,0,6.98,0
tx_09100,1513,7.322510433997394,4900,0.1,23,1,0,1,0,0,0,23.84,0
tx_09101,5497,8.612139668725192,4121,0.2,5,0,1,1,1,0,0,1.07,0
tx_09102,27460,10.220522095264865,5412,0.2,6,1,2,1,1,0,0,36.33,0
tx_09103,10414,9.251002353695073,5812,0.45,13,0,1,1,-1,0,0,11.57,0
tx_09104,2117,7.658227526161352,4900,0.1,10,0,2,1,1,0,1,7.24,0
tx_09105,77220,11.254426719747327,4121,0.2,14,0,1,-1,1,0,0,3.5,0
tx_09106,2475,7.814399633804487,5412,0.2,5,0,2,1,1,0,0,2.62,0
tx_09107,6467,8.774622220696997,5812,0.45,14,1,3,1,1,0,0,16.77,0
tx_09108,3040,8.019941687677365,5311,0.4,22,1,0,-1,-1,0,0,1.04,0
tx_09109,3044,8.021256180143997,4900,0.1,16,0,7,0,1,0,0,69.5,0
tx_09110,5301,8.57583938684897,4829,0.8,17,0,5,1,1,0,0,14.87,0
tx_09111,14906,9.60958618027043,5814,0.3,1,0,12,0,1,0,0,9.46,0
tx_09112,27755,10.23120731201944,6011,0.85,21,1,0,1,0,0,0,7.86,0
tx_09113,5644,8.638525476583762,5814,0.3,16,1,3,0,1,1,0,1889.18,0
tx_09114,3120,8.045908742270779,5691,0.35,15,0,1,1,1,0,0,6.36,0
tx_09115,12834,9.45993109330524,5814,0.3,3,1,1,1,-1,0,0,0.86,0
tx_09116,13197,9.487820581943367,5411,0.1,13,0,1,-1,-1,0,0,1.39,0
tx_09117,10235,9.23366619727968,4121,0.2,16,0,3,0,1,0,1,0.74,0
tx_09118,10584,9.267193183568965,5411,0.1,14,1,3,1,1,0,0,5.44,0
tx_09119,7319,8.898365606955357,5812,0.45,2,0,0,1,-1,0,1,2.91,0
tx_09120,8941,9.098514556793926,5812,0.45,0,0,9,0,-1,0,0,3.93,0
tx_09121,6854,8.832733591996416,7995,0.3,11,0,4,1,1,0,0,6.42,0
tx_09122,22514,10.021937032735671,7995,0.3,17,1,1,1,1,0,0,22.1,0
tx_09123,67657,11.122220882335288,4900,0.1,9,1,1,1,1,0,0,0.81,0
tx_09124,9661,9.175955945114351,4121,0.2,16,1,1,-1,1,0,0,27.36,0
tx_09125,8094,8.999001866111735,4900,0.1,23,0,3,1,1,0,0,5.64,0
tx_09126,10386,9.248310303227811,6011,0.85,21,0,4,1,1,0,1,2.83,0
tx_09127,4360,8.380456667842767,5968,0.7,15,1,1,1,0,1,0,2505.75,1
tx_09128,16847,9.731987234373756,4814,0.55,17,1,0,1,1,0,1,8.04,0
tx_09129,12386,9.4244028145542,4829,0.8,2,0,0,1,-1,0,0,20.03,0
tx_09130,5463,8.605936401250625,5691,0.35,2,0,1,1,1,0,0,3.99,0
tx_09131,19190,9.862196698118247,5812,0.45,16,1,1,1,1,0,1,1.06,0
tx_09132,8293,9.023287640806327,7995,0.3,19,1,3,0,-1,0,0,0.96,0
tx_09133,3241,8.08394570229562,5814,0.3,4,0,0,1,1,0,1,11.64,0
tx_09134,11375,9.339261152043022,4829,0.8,14,0,2,1,1,0,0,9.12,0
tx_09135,10202,9.230437073675304,4121,0.2,6,0,3,1,1,0,0,43.35,0
tx_09136,20284,9.917636975640548,5712,0.25,2,0,1,0,1,0,0,0.9,0
tx_09137,17946,9.795178249029277,5691,0.35,9,0,4,1,1,0,0,8.65,0
tx_09138,7342,8.90150275745161,6011,0.85,10,0,0,1,-1,0,0,14.03,0
tx_09139,5201,8.556798446008598,5712,0.25,18,0,4,1,-1,0,0,7.19,0
tx_09140,8159,9.006999447958153,5691,0.35,20,1,4,1,1,0,0,4.05,0
tx_09141,11502,9.35036314989601,5311,0.4,22,1,4,1,1,0,0,3.43,0
tx_09142,12897,9.464827539570322,4814,0.55,2,0,1,1,1,0,0,3.43,0
tx_09143,10846,9.291643823040218,6011,0.85,22,1,9,0,-1,0,0,6.71,0
tx_09144,7472,8.91905180393029,5968,0.7,12,1,2,1,1,0,0,20.88,0
tx_09145,20997,9.952182474074887,4829,0.8,4,0,4,0,1,0,0,1.1,0
tx_09146,4292,8.36474106822456,5812,0.45,15,0,1,-1,1,0,0,3.17,0
tx_09147,85871,11.36061309441661,5411,0.1,1,1,5,0,-1,0,0,30.23,0
tx_09148,16816,9.73014555852275,5412,0.2,11,0,2,1,1,0,0,1.05,0
tx_09149,2791,7.934513463882263,5968,0.7,19,0,1,1,1,0,0,8.45,0
tx_09150,9712,9.18122047340233,5968,0.7,23,1,1,1,1,0,0,0.19,0
tx_09151,16970,9.739261284011265,4829,0.8,6,1,2,1,1,0,0,2.79,0
tx_09152,5845,8.673512945671192,5311,0.4,4,0,1,1,1,0,0,1.66,0
tx_09153,1968,7.585281078639126,5968,0.7,13,0,2,1,1,1,0,3974.14,0
tx_09154,3035,8.01829613851552,6011,0.85,3,0,2,-1,1,0,0,1.22,0
tx_09155,13632,9.520248603186129,4814,0.55,23,0,8,0,1,0,0,1.31,0
tx_09156,1538,7.338888133838879,5968,0.7,7,0,1,1,1,0,1,1.72,0
tx_09157,2056,7.6290038896529575,5412,0.2,4,0,7,0,0,0,1,2.62,1
tx_09158,13564,9.515248225093032,5712,0.25,5,0,1,1,1,0,0,2.94,0
tx_09159,6593,8.793915423631676,4814,0.55,8,0,4,0,1,0,0,2.43,0
tx_09160,4206,8.344505083590521,5812,0.45,17,0,1,1,1,0,0,6.95,0
tx_09161,5091,8.535425959677298,5812,0.45,20,1,2,1,1,0,0,1.33,0
tx_09162,2014,7.608374474380783,5812,0.45,17,1,2,1,1,0,0,8.41,0
tx_09163,12905,9.465447598495786,5968,0.7,15,0,9,0,0,0,0,1.98,0
tx_09164,3786,8.239329427901795,7995,0.3,6,1,7,0,1,0,0,0.4,0
tx_09165,4896,8.496378051702317,5968,0.7,22,0,1,-1,1,0,0,4.07,0
tx_09166,11323,9.33467964623179,5814,0.3,23,1,7,0,1,0,0,8.5,1
tx_09167,6383,8.761550139129644,7995,0.3,15,1,1,1,-1,0,0,1.56,0
tx_09168,4170,8.335911094196945,5812,0.45,18,0,2,1,1,0,0,5.47,0
tx_09169,1231,7.116394144093465,5812,0.45,7,0,1,1,1,0,0,2.76,0
tx_09170,11548,9.354354132115088,5691,0.35,10,0,1,1,1,0,0,2.45,0
tx_09171,8780,9.080345575359996,5814,0.3,19,0,2,1,1,0,0,10.13,0
tx_09172,4982,8.513787398281405,4121,0.2,10,0,1,1,1,0,0,10.66,0
tx_09173,3040,8.019941687677365,5691,0.35,18,1,1,1,1,0,0,1.23,0
tx_09174,8244,9.0173622349937,5411,0.1,20,1,7,0,-1,0,0,1.51,0
tx_09175,12857,9.461721464701633,6011,0.85,22,0,2,1,1,0,0,11.54,0
tx_09176,8938,9.098179005087852,4814,0.55,6,0,3,1,1,0,0,1.37,0
tx_09177,38613,10.561370183995763,5812,0.45,11,1,2,1,1,0,0,1.65,0
tx_09178,15910,9.674765972907856,4829,0.8,9,1,1,1,1,0,1,3.45,0
tx_09179,7356,8.903407519932264,6011,0.85,12,1,0,1,1,0,0,2.39,0
tx_09180,16425,9.706620724300137,5968,0.7,17,1,1,1,1,0,0,2.63,0
tx_09181,8530,9.051461866908694,4900,0.1,7,0,5,0,1,0,0,3.55,0
tx_09182,8502,9.048174321385792,6011,0.85,5,1,3,1,-1,0,0,3.68,0
tx_09183,27909,10.236740326530368,5412,0.2,6,0,0,1,1,0,0,6.32,0
tx_09184,3470,8.152198015861787,7995,0.3,18,1,4,0,1,0,0,5.46,0
tx_09185,8327,9.027378610294805,5814,0.3,23,0,11,0,1,0,0,39.1,0
tx_09186,25220,10.135432259803407,4121,0.2,2,0,3,1,-1,0,0,10.38,0
tx_09187,10924,9.298809019963791,4829,0.8,23,1,3,1,1,0,0,4.5,0
tx_09188,5736,8.654691704601872,5411,0.1,0,1,4,1,1,0,0,35.38,0
tx_09189,1611,7.385230923066573,4829,0.8,12,1,1,1,0,0,0,1.7,0
tx_09190,942,6.849066282633458,4814,0.55,3,1,1,1,1,0,0,49.64,0
tx_09191,58544,10.977550968282825,7995,0.3,22,1,3,1,1,0,1,106.12,0
tx_09192,10919,9.298351249298896,6011,0.85,18,0,0,-1,1,0,0,13.95,0
tx_09193,4676,8.450412157725886,5412,0.2,8,0,1,1,1,0,0,4.11,0
tx_09194,11352,9.337237305164534,4900,0.1,16,0,8,0,1,0,0,15.82,0
tx_09195,3311,8.10530751550515,4829,0.8,20,1,2,1,1,0,0,21.44,0
tx_09196,5946,8.690642169706594,6011,0.85,5,0,1,1,0,0,0,1.6,0
tx_09197,3332,8.11162807830774,5311,0.4,15,0,4,0,1,0,0,12.89,0
tx_09198,2127,7.662937850461535,4121,0.2,7,1,0,1,1,0,0,3.76,0
tx_09199,1103,7.00669522683704,5411,0.1,17,1,4,1,1,0,0,1.86,0
tx_09200,1785,7.487733761436444,5412,0.2,13,0,3,1,1,0,0,7.31,0
tx_09201,21491,9.975436051848712,5712,0.25,17,0,1,1,0,0,0,5.51,0
tx_09202,3190,8.068089626278244,5311,0.4,15,0,1,1,1,0,0,0.99,0
tx_09203,13539,9.513403546466266,6011,0.85,15,1,1,1,1,0,0,26.69,0
tx_09204,20211,9.9140317664118,5812,0.45,2,1,1,1,1,0,0,6.23,0
tx_09205,8274,9.020994200245264,7995,0.3,20,0,1,1,1,0,0,13.48,0
tx_09206,6134,8.721765357145012,5411,0.1,4,1,1,1,1,0,0,15.13,0
tx_09207,9242,9.131621787264777,5812,0.45,9,0,0,1,1,0,0,2.16,0
tx_09208,5483,8.609590040682205,5411,0.1,12,1,1,1,1,0,0,68.32,0
tx_09209,25563,10.148940390770173,5812,0.45,20,0,2,1,1,0,0,62.05,0
tx_09210,48430,10.787895383542557,5814,0.3,15,0,2,1,1,0,0,1.58,0
tx_09211,32289,10.382512863752321,5311,0.4,4,1,1,1,1,0,0,5.28,0
tx_09212,1055,6.962243464266207,7995,0.3,6,1,0,-1,0,0,0,6.41,0
tx_09213,5378,8.590257762273243,6011,0.85,4,1,2,-1,1,0,0,2.35,0
tx_09214,8177,9.009202900924588,6011,0.85,14,0,3,0,1,0,0,3.22,0
tx_09215,12646,9.445175311879977,4900,0.1,17,1,1,1,0,0,0,90.13,0
tx_09216,1578,7.364547014255642,5814,0.3,17,0,0,1,1,0,0,2.84,0
tx_09217,1554,7.349230824613334,4814,0.55,18,0,4,1,1,0,0,52.09,0
tx_09218,28187,10.246651634446913,4814,0.55,16,0,1,-1,1,0,0,22.03,0
tx_09219,4789,8.474285690404962,7995,0.3,21,1,1,-1,1,0,0,8.83,0
tx_09220,1983,7.592870287844818,4829,0.8,21,1,0,1,1,0,0,25.29,0
tx_09221,2855,7.957177323459475,6011,0.85,6,0,2,1,1,0,0,15.45,0
tx_09222,11803,9.376193736062831,5412,0.2,7,1,2,1,1,0,0,10.58,0
tx_09223,3728,8.22389538017882,5311,0.4,1,1,2,1,1,0,0,17.78,0
tx_09224,10247,9.234837843576571,4814,0.55,6,1,2,1,0,0,0,2.85,0
tx_09225,3214,8.07558263667172,5812,0.45,12,0,2,1,1,0,0,4.12,0
tx_09226,1553,7.348587530927593,5814,0.3,15,0,4,1,0,0,0,0.98,0
tx_09227,31519,10.358377543971816,5412,0.2,21,1,1,0,1,0,0,12.64,0
tx_09228,11890,9.38353709043758,5968,0.7,14,1,8,0,1,0,0,2.45,0
tx_09229,5932,8.688285266258644,5311,0.4,23,1,6,0,1,0,0,0.88,0
tx_09230,4964,8.510168576479273,5691,0.35,13,1,0,1,1,0,0,10.74,0
tx_09231,32755,10.39684143039008,5311,0.4,20,0,1,1,-1,0,0,3.79,0
tx_09232,14287,9.567175303116281,5712,0.25,19,0,4,1,1,0,0,37.78,0
tx_09233,24213,10.094686257267686,4814,0.55,11,1,1,1,1,0,0,15.03,0
tx_09234,4678,8.450839690866216,5412,0.2,20,1,2,-1,1,0,0,27.78,0
tx_09235,8547,9.053452616439039,5691,0.35,20,0,1,1,1,0,0,4.76,0
tx_09236,11935,9.387314322443542,5691,0.35,7,0,3,1,1,0,0,7.6,0
tx_09237,4830,8.482808764554406,5412,0.2,5,0,5,1,1,0,0,16.56,0
tx_09238,7438,8.914491710191342,5812,0.45,2,1,1,1,1,0,0,0.27,0
tx_09239,4679,8.451053388911692,5691,0.35,22,0,3,1,1,0,0,0.79,0
tx_09240,11900,9.38437770918244,4900,0.1,10,1,0,1,1,1,0,1633.83,0
tx_09241,2321,7.7501841622578365,4900,0.1,13,0,1,1,1,0,0,0.69,0
tx_09242,14024,9.548596730390898,5812,0.45,6,0,2,1,0,0,0,1.99,0
tx_09243,10942,9.300455261418444,7995,0.3,9,0,1,1,1,0,0,10.62,0
tx_09244,6715,8.812248018197431,5814,0.3,9,0,1,1,1,0,0,8.02,0
tx_09245,12484,9.432283202713874,5712,0.25,13,1,5,0,-1,0,0,11.89,0
tx_09246,5759,8.658692753689937,6011,0.85,4,1,2,1,1,0,0,1.39,0
tx_09247,4309,8.368693183097793,6011,0.85,18,1,1,1,1,0,0,15.39,0
tx_09248,13653,9.521787797978225,5691,0.35,9,1,1,1,-1,0,0,1.97,0
tx_09249,14226,9.562896846651167,4814,0.55,5,0,2,1,1,0,0,10.36,0
tx_09250,5030,8.523374050491318,5712,0.25,0,0,1,1,1,0,0,12.26,0
tx_09251,4637,8.442038517815478,5712,0.25,2,1,2,1,1,0,0,66.94,0
tx_09252,6845,8.831419819090131,4900,0.1,6,1,1,-1,1,0,0,42.11,0
tx_09253,4821,8.480944058741116,5968,0.7,17,1,4,1,1,0,0,12.36,0
tx_09254,34684,10.454062595819401,6011,0.85,20,1,1,1,1,0,0,3.56,0
tx_09255,11002,9.305923241869912,5311,0.4,22,0,5,0,0,0,0,6.22,0
tx_09256,8259,9.019179866515024,5412,0.2,7,0,2,1,1,0,0,8.23,0
tx_09257,3358,8.119398589612294,4829,0.8,15,0,0,1,1,0,0,2.53,0
tx_09258,16436,9.707290170206525,4829,0.8,6,0,5,1,1,0,0,11.7,0
tx_09259,4556,8.424419791263883,4900,0.1,3,1,1,1,0,0,0,13.21,0
tx_09260,4381,8.385260520155413,5411,0.1,13,0,6,1,1,0,0,13.19,0
tx_09261,16969,9.739202358228273,4900,0.1,15,0,1,-1,1,0,0,1.39,0
tx_09262,11768,9.373224234877663,4829,0.8,18,1,1,1,1,0,0,5.0,0
tx_09263,755,6.628041376179533,5412,0.2,2,0,1,1,1,0,0,16.47,0
tx_09264,7011,8.855378246041125,5712,0.25,17,0,1,-1,1,0,0,12.98,0
tx_09265,9177,9.124564594954778,5311,0.4,7,1,0,1,-1,0,0,4.28,0
tx_09266,5899,8.68270762989381,5691,0.35,6,1,2,1,1,0,0,4.88,0
tx_09267,9485,9.157572306437528,4900,0.1,0,1,0,-1,1,1,0,4768.16,1
tx_09268,1460,7.2868764117507,5812,0.45,4,0,2,1,1,0,0,10.52,0
tx_09269,553,6.317164686747284,5812,0.45,11,1,6,0,1,0,0,0.72,0
tx_09270,3224,8.078688229229872,7995,0.3,4,0,2,1,1,0,0,1.62,0
tx_09271,10650,9.273409063443166,4121,0.2,7,1,3,1,-1,1,0,3314.57,1
tx_09272,380,5.942799375126701,5968,0.7,12,1,0,-1,1,0,0,9.95,0
tx_09273,3655,8.204124932574041,5311,0.4,2,0,5,1,0,0,0,29.22,0
tx_09274,1311,7.179307969504034,4121,0.2,21,0,2,0,0,0,1,7.96,0
tx_09275,6468,8.774776816043985,5812,0.45,7,1,4,0,1,0,0,1.23,0
tx_09276,52322,10.865191323936779,4829,0.8,18,0,1,1,1,0,0,3.92,0
tx_09277,6627,8.799058378546453,4829,0.8,15,1,3,0,1,0,0,1.65,0
tx_09278,7354,8.903135633035538,7995,0.3,18,1,0,-1,-1,0,0,3.71,0
tx_09279,18078,9.802506322682014,4900,0.1,6,0,7,0,0,0,0,1.66,0
tx_09280,8312,9.025575833531088,5691,0.35,4,1,3,1,1,0,0,3.23,0
tx_09281,6640,8.801017833540714,4829,0.8,3,0,1,1,1,0,0,1.85,0
tx_09282,19643,9.885527227159136,4814,0.55,5,0,2,1,1,0,0,58.51,0
tx_09283,12752,9.4535218170269,4121,0.2,13,0,3,1,1,0,0,8.16,0
tx_09284,10715,9.2794932306645,4121,0.2,14,0,2,-1,-1,0,0,1.76,0
tx_09285,7139,8.87346805533363,5412,0.2,18,1,1,-1,1,0,0,4.76,0
tx_09286,5863,8.676587243566487,5412,0.2,23,0,0,1,1,0,0,41.39,0
tx_09287,19467,9.876527370953346,4121,0.2,19,1,0,1,1,0,0,14.15,0
tx_09288,5917,8.685753832960154,5311,0.4,8,0,1,-1,1,0,0,4.12,0
tx_09289,26235,10.174887792413626,4900,0.1,11,1,3,1,1,0,0,2.56,0
tx_09290,3012,8.0106915391303,5691,0.35,22,1,5,1,1,0,0,7.43,0
tx_09291,31801,10.367284459872343,7995,0.3,17,0,0,1,0,0,0,2.68,0
tx_09292,12754,9.453678630575912,5812,0.45,10,0,1,1,1,0,0,20.12,0
tx_09293,3246,8.085486772102845,6011,0.85,19,1,0,-1,1,0,0,106.48,0
tx_09294,13210,9.488805094878353,4829,0.8,3,1,2,1,1,0,1,6.3,0
tx_09295,4391,8.387539983189367,4900,0.1,16,0,2,1,1,0,0,5.7,0
tx_09296,8408,9.037057839832897,5814,0.3,22,1,13,0,1,0,0,1.22,0
tx_09297,5130,8.543055850941965,5311,0.4,12,1,7,0,1,0,0,32.63,0
tx_09298,7179,8.87905466204227,5968,0.7,14,0,2,-1,1,0,0,9.8,0
tx_09299,19921,9.89957992770511,5412,0.2,1,1,4,0,1,0,0,0.64,0
tx_09300,13330,9.497847429113676,4829,0.8,14,0,1,1,0,0,1,7.79,0
tx_09301,2796,7.936302693201959,5968,0.7,6,1,1,-1,1,0,0,5.0,0
tx_09302,2953,7.9909154630913255,5691,0.35,23,1,1,1,1,0,0,6.05,0
tx_09303,10534,9.26245832623829,5968,0.7,7,0,1,1,0,0,0,3.13,0
tx_09304,11285,9.331318298529085,5412,0.2,7,0,0,1,1,0,0,5.81,0
tx_09305,4292,8.36474106822456,4814,0.55,9,0,1,1,1,0,0,1.41,0
tx_09306,36935,10.516941964186826,5812,0.45,16,1,2,1,1,0,0,5.75,0
tx_09307,17641,9.778037701818713,4814,0.55,22,0,10,0,1,0,0,13.55,0
tx_09308,4496,8.411165786770708,5812,0.45,8,1,0,1,1,0,1,4.08,0
tx_09309,4101,8.319229938632326,5411,0.1,5,1,3,1,-1,0,0,2.18,0
tx_09310,6560,8.788898309344878,5968,0.7,18,0,1,-1,1,0,0,28.4,0
tx_09311,5943,8.690137586397595,6011,0.85,12,0,3,0,0,0,0,20.1,0
tx_09312,26863,10.198542379317322,5411,0.1,10,1,2,0,1,0,0,1.48,0
tx_09313,20753,9.940494278165223,6011,0.85,23,1,2,1,1,0,0,3.13,0
tx_09314,8421,9.038602608721874,4814,0.55,11,0,2,1,1,0,0,5.35,0
tx_09315,15509,9.649240256170584,4814,0.55,14,0,0,1,1,0,0,7.28,0
tx_09316,17801,9.787066089518877,7995,0.3,23,1,4,0,-1,0,0,10.93,0
tx_09317,8609,9.060679597421776,5712,0.25,5,1,5,0,1,0,0,3.59,0
tx_09318,11940,9.387733135533384,5412,0.2,21,1,0,1,-1,0,0,1.65,0
tx_09319,14323,9.569691731118324,4829,0.8,23,0,2,1,1,0,0,7.12,0
tx_09320,12944,9.468464892185638,5311,0.4,11,1,3,1,-1,0,0,2.13,0
tx_09321,3887,8.265650165580329,5812,0.45,8,0,1,1,1,0,1,10.37,0
tx_09322,4278,8.361474616416817,5968,0.7,3,1,1,1,1,0,0,9.92,0
tx_09323,6192,8.731174900938061,6011,0.85,1,1,1,1,-1,0,0,43.96,0
tx_09324,4162,8.333991247194975,5411,0.1,23,0,0,1,1,0,0,25.52,0
tx_09325,2010,7.606387389772652,5412,0.2,10,0,3,1,0,0,0,11.75,0
tx_09326,15480,9.647368744540465,4829,0.8,16,0,0,1,1,0,0,3.34,0
tx_09327,11319,9.334326351757174,4814,0.55,5,0,4,1,1,0,0,1.9,0
tx_09328,2282,7.733245646529795,5412,0.2,7,0,4,1,1,1,0,2625.78,1
tx_09329,6479,8.776475789346321,5712,0.25,19,1,2,1,1,0,0,8.46,0
tx_09330,6837,8.830250570199247,4814,0.55,15,0,3,1,1,0,0,2.0,0
tx_09331,9682,9.17812704961153,5411,0.1,5,0,4,1,0,0,0,6.21,1
tx_09332,2914,7.977625098784593,5712,0.25,0,1,1,-1,1,0,0,4.25,0
tx_09333,2250,7.719129840906732,5968,0.7,19,1,1,1,-1,0,0,3.57,0
tx_09334,13345,9.498971993463552,7995,0.3,1,1,6,0,1,0,0,6.1,0
tx_09335,1897,7.5485559791698735,5311,0.4,0,1,2,1,1,0,0,2.42,0
tx_09336,6530,8.784315349902657,5411,0.1,7,1,5,1,1,0,0,1.23,0
tx_09337,5975,8.695506726812653,6011,0.85,22,0,2,1,-1,0,0,48.35,0
tx_09338,7245,8.888204871455022,5812,0.45,15,1,3,1,1,1,0,2264.03,0
tx_09339,10355,9.245321340871428,4900,0.1,1,0,1,1,-1,0,0,10.6,0
tx_09340,37191,10.52384896337042,5812,0.45,22,0,3,1,1,0,0,0.8,0
tx_09341,1782,7.48605261786314,4829,0.8,22,0,2,1,1,0,0,1.02,0
tx_09342,18731,9.837988570303432,5412,0.2,16,0,1,-1,1,0,0,1.7,0
tx_09343,749,6.620073206530356,5311,0.4,1,0,1,1,1,0,1,1.65,0
tx_09344,30613,10.329212699651652,7995,0.3,0,0,5,1,1,0,0,1.52,0
tx_09345,1170,7.065613363597717,4121,0.2,20,0,1,1,1,0,0,1.65,0
tx_09346,82433,11.319753252152003,5968,0.7,19,1,2,1,1,0,0,13.06,0
tx_09347,5625,8.635153989049803,4900,0.1,19,1,5,0,0,0,0,2.08,1
tx_09348,27751,10.231063188649586,4121,0.2,11,1,1,1,1,0,0,0.37,0
tx_09349,22814,10.035173493361503,5812,0.45,14,0,1,1,1,0,0,5.81,0
tx_09350,5380,8.59062950948942,5812,0.45,4,0,0,1,1,0,0,2.81,0
tx_09351,5787,8.663542087751374,4814,0.55,0,1,3,1,1,0,0,31.09,0
tx_09352,3677,8.210124405164267,4121,0.2,5,0,3,-1,0,1,0,2092.59,1
tx_09353,17209,9.753245889205585,4814,0.55,14,1,1,1,1,1,0,826.68,0
tx_09354,5447,8.60300384782935,5411,0.1,9,0,3,1,-1,0,0,3.69,0
tx_09355,3741,8.227375506834035,4814,0.55,14,0,0,1,1,0,0,2.42,0
tx_09356,13570,9.51569044208137,5812,0.45,10,0,0,1,1,0,0,10.13,0
tx_09357,3473,8.153061946801051,4814,0.55,13,1,1,1,1,0,0,1.12,0
tx_09358,5959,8.692825760059396,5968,0.7,22,0,1,1,0,0,0,19.15,0
tx_09359,9017,9.106977858981029,6011,0.85,15,0,2,1,1,0,0,3.13,0
tx_09360,4424,8.39502555744203,5814,0.3,22,0,0,1,1,0,0,0.77,0
tx_09361,5106,8.538367426647644,7995,0.3,23,0,5,0,1,0,0,9.23,0
tx_09362,35011,10.463446138852328,7995,0.3,14,1,0,1,-1,0,0,3.84,0
tx_09363,6709,8.811354229965728,4121,0.2,23,1,6,0,1,0,0,1.17,0
tx_09364,5788,8.663714844079005,5311,0.4,5,0,1,1,1,0,0,8.07,0
tx_09365,6897,8.838986793496787,5814,0.3,12,0,2,1,1,0,0,2.72,0
tx_09366,12543,9.436997742590188,5311,0.4,1,0,0,-1,1,0,0,11.62,0
tx_09367,3050,8.02322468471667,5814,0.3,2,0,2,1,1,0,0,4.2,0
tx_09368,12222,9.411074701777263,5814,0.3,3,1,1,1,1,0,0,8.53,1
tx_09369,10386,9.248310303227811,7995,0.3,3,1,1,1,1,0,0,3.5,0
tx_09370,1489,7.306531398939505,5311,0.4,9,1,1,1,1,0,0,0.8,0
tx_09371,44789,10.709740179201345,5311,0.4,17,1,2,1,1,1,1,3275.94,1
tx_09372,32629,10.392987389587367,4121,0.2,23,1,1,1,1,0,0,2.02,0
tx_09373,3807,8.244859395911256,4900,0.1,23,1,2,1,1,0,0,0.44,0
tx_09374,2804,7.9391588179567965,4900,0.1,4,1,1,1,1,0,1,3.05,0
tx_09375,10115,9.221873607789856,5412,0.2,10,1,1,1,1,0,0,2.17,0
tx_09376,2102,7.6511201757027,5411,0.1,10,1,1,1,1,0,0,14.58,0
tx_09377,29769,10.301256454009822,5968,0.7,2,1,8,0,1,0,0,2.24,0
tx_09378,5219,8.560252680876685,5814,0.3,0,0,3,1,1,0,0,4.3,0
tx_09379,38021,10.545920218551572,5814,0.3,8,1,0,1,1,1,0,1214.51,1
tx_09380,3722,8.222285073872717,4121,0.2,20,1,0,1,1,0,0,5.27,0
tx_09381,7322,8.89877535906107,5412,0.2,9,0,6,0,-1,0,0,16.7,0
tx_09382,27147,10.209058657823649,5814,0.3,9,1,2,1,0,0,0,17.53,0
tx_09383,5991,8.698180525197055,4900,0.1,23,1,0,-1,1,0,0,1.61,0
tx_09384,10548,9.263786347681808,5411,0.1,9,0,6,0,1,0,0,7.65,0
tx_09385,22999,10.043249494911286,5814,0.3,16,1,1,1,1,0,0,34.79,0
tx_09386,4803,8.477204183199873,5968,0.7,23,1,9,0,1,0,0,1.78,0
tx_09387,2457,7.80710329012598,5968,0.7,2,0,2,1,1,0,0,1.25,0
tx_09388,2037,7.61972421378267,5412,0.2,12,0,3,1,1,1,0,2297.28,1
tx_09389,14178,9.559517275737559,5411,0.1,8,0,1,-1,1,0,0,2.0,0
tx_09390,11784,9.374582815370232,5411,0.1,2,0,3,0,1,0,0,53.76,0
tx_09391,22331,10.01377590643025,5812,0.45,1,0,0,1,0,0,0,3.27,0
tx_09392,6278,8.744966011114109,5411,0.1,15,1,4,0,1,0,0,1.65,0
tx_09393,2092,7.646353722445999,5411,0.1,15,0,0,1,1,0,0,2.62,0
tx_09394,871,6.77078942390898,4829,0.8,13,1,8,0,1,0,0,27.6,0
tx_09395,124211,11.72974506217175,5412,0.2,16,0,2,-1,1,0,0,1.07,0
tx_09396,13437,9.505841793480096,4900,0.1,17,1,6,0,1,0,0,3.26,0
tx_09397,9275,9.135185698375423,5691,0.35,1,0,0,1,1,0,0,3.64,0
tx_09398,10613,9.26992916338784,6011,0.85,0,0,1,1,1,0,0,0.23,0
tx_09399,2091,7.645875825184813,5814,0.3,8,1,8,0,1,0,0,2.78,0
tx_09400,3828,8.250358951477294,5412,0.2,13,1,0,1,1,0,0,3.94,0
tx_09401,42674,10.661368547662642,7995,0.3,21,0,0,-1,1,0,0,1.75,0
tx_09402,15224,9.630694092578098,7995,0.3,23,0,1,1,0,0,0,11.8,0
tx_09403,3943,8.279950715722526,5412,0.2,19,0,3,1,1,0,0,12.84,0
tx_09404,2539,7.8399193600125825,5814,0.3,6,1,1,1,1,0,0,5.86,0
tx_09405,4990,8.515391569469609,5311,0.4,13,1,0,1,1,0,0,1.23,0
tx_09406,6036,8.705662478796427,6011,0.85,2,1,2,1,1,0,0,1.67,0
tx_09407,57060,10.95187615002577,5411,0.1,11,0,1,1,1,0,0,18.0,0
tx_09408,6811,8.826441041782578,4900,0.1,2,1,3,-1,-1,0,0,80.2,0
tx_09409,2631,7.875499292445208,4814,0.55,23,1,0,1,1,0,0,15.07,0
tx_09410,7704,8.949624747754216,5968,0.7,10,0,3,1,-1,0,0,8.66,0
tx_09411,10470,9.256364810287462,5311,0.4,17,1,0,1,1,0,0,1.53,0
tx_09412,2413,7.789040401657477,5968,0.7,2,1,1,1,1,0,0,5.56,0
tx_09413,11935,9.387314322443542,4814,0.55,22,1,0,1,1,0,0,1.03,0
tx_09414,25684,10.153662442901368,5691,0.35,12,0,8,0,1,0,0,9.71,0
tx_09415,9292,9.13701670755734,5411,0.1,1,0,1,1,1,0,1,3.16,0
tx_09416,3820,8.2482674474469,5412,0.2,8,0,3,1,1,0,0,1.19,0
tx_09417,4928,8.502891406705377,4829,0.8,5,0,2,1,1,0,0,2.87,0
tx_09418,1685,7.430114138561801,4814,0.55,1,1,3,1,1,0,0,7.92,0
tx_09419,7173,8.878218658092228,5311,0.4,0,1,0,1,-1,0,0,6.27,0
tx_09420,10943,9.30054663986233,5412,0.2,17,1,1,1,1,0,1,5.25,0
tx_09421,3475,8.153637486385282,5968,0.7,20,0,3,1,1,0,0,7.35,0
tx_09422,51425,10.847899160126937,5412,0.2,15,1,4,0,1,0,0,1.33,0
tx_09423,17289,9.757883578677337,4900,0.1,16,0,3,1,1,0,0,1.45,0
tx_09424,1483,7.302496423727326,4900,0.1,0,1,0,1,1,0,0,1.69,0
tx_09425,1513,7.322510433997394,5712,0.25,4,0,1,1,-1,0,0,0.99,0
tx_09426,3198,8.070593539949519,5412,0.2,0,1,4,1,1,0,0,4.87,1
tx_09427,36304,10.499710751814348,6011,0.85,23,1,0,-1,1,0,0,0.83,0
tx_09428,18988,9.851615143125416,5412,0.2,17,0,3,1,1,0,0,6.45,0
tx_09429,38090,10.5477333127379,5691,0.35,22,1,2,1,1,0,0,0.74,0
tx_09430,8224,9.014933575633572,4121,0.2,21,1,1,1,1,0,0,11.78,0
tx_09431,6675,8.806274284781725,4829,0.8,5,1,4,1,1,0,0,6.68,0
tx_09432,2490,7.820439515262181,5968,0.7,12,1,0,1,1,0,0,0.8,0
tx_09433,11355,9.337501517592862,5311,0.4,15,1,0,1,1,0,0,8.56,0
tx_09434,6760,8.818926087090677,5411,0.1,17,1,1,1,1,0,0,4.29,0
tx_09435,6517,8.782322859397507,5712,0.25,16,0,3,0,1,0,0,19.17,0
tx_09436,37885,10.542336929688224,4121,0.2,10,0,2,1,1,0,0,4.21,0
tx_09437,7224,8.885302512980633,5691,0.35,0,1,6,1,1,0,0,0.66,0
tx_09438,28842,10.269622608180354,5311,0.4,22,0,2,1,1,0,0,2.89,0
tx_09439,1802,7.497207223203318,4829,0.8,16,1,0,1,1,0,0,3.9,0
tx_09440,104702,11.55888304974326,5411,0.1,20,1,2,1,1,0,1,2.6,0
tx_09441,5713,8.65067458279072,5412,0.2,5,0,3,0,1,0,0,9.23,0
tx_09442,15947,9.677088708501246,4829,0.8,2,0,7,0,1,0,0,16.8,0
tx_09443,18548,9.828171158226679,5691,0.35,21,0,2,1,1,0,0,8.74,0
tx_09444,5078,8.532869670801245,5814,0.3,19,0,2,1,1,0,0,1.44,0
tx_09445,17734,9.783295367207723,4900,0.1,20,0,3,1,1,0,0,7.52,0
tx_09446,18632,9.832689481227412,7995,0.3,10,1,2,1,1,0,0,4.49,0
tx_09447,4137,8.327967858305488,5712,0.25,21,1,8,0,-1,0,0,1.92,0
tx_09448,4184,8.339261982923576,5814,0.3,5,1,4,0,1,0,0,27.73,0
tx_09449,8503,9.048291920021784,4121,0.2,18,0,8,0,1,0,0,5.45,0
tx_09450,7299,8.895629627136483,5814,0.3,11,1,1,1,1,0,0,1.88,0
tx_09451,30597,10.328689926327325,5311,0.4,3,0,4,-1,1,0,1,4.23,0
tx_09452,15878,9.672752760526098,5812,0.45,17,1,0,-1,1,0,0,6.41,0
tx_09453,7618,8.93840040647301,5968,0.7,8,1,1,1,1,0,0,36.71,0
tx_09454,14486,9.581006974541651,4900,0.1,3,0,1,1,0,0,0,9.21,0
tx_09455,1165,7.061334366910438,4900,0.1,17,1,6,0,0,1,1,3637.26,1
tx_09456,4540,8.420902531097951,4121,0.2,18,1,1,1,-1,0,0,10.95,0
tx_09457,10706,9.27865301215827,5712,0.25,7,0,2,1,1,0,0,5.9,0
tx_09458,23500,10.064798252418377,5814,0.3,23,0,1,1,-1,0,0,0.76,0
tx_09459,9847,9.19502366786429,5411,0.1,17,1,3,1,1,0,0,0.99,0
tx_09460,32549,10.390532647636716,4829,0.8,0,0,3,0,1,0,0,1.91,0
tx_09461,18578,9.82978718960617,5311,0.4,8,1,4,0,-1,1,0,1882.5,1
tx_09462,5122,8.541495483939203,5411,0.1,23,0,1,-1,-1,0,0,1.33,0
tx_09463,7131,8.872346978983032,6011,0.85,4,0,1,1,1,0,1,8.51,0
tx_09464,12006,9.393245092030718,4814,0.55,22,1,7,0,1,0,0,15.36,0
tx_09465,5319,8.57922858233569,5311,0.4,12,1,1,1,1,0,0,1.05,0
tx_09466,34888,10.459926872262475,5712,0.25,16,1,0,1,1,0,0,4.16,0
tx_09467,2841,7.952263308657046,4900,0.1,16,1,0,-1,1,0,0,20.88,0
tx_09468,10998,9.305559638557117,6011,0.85,12,1,8,0,1,0,0,14.2,0
tx_09469,16380,9.703877405604631,6011,0.85,12,1,0,1,-1,0,0,3.38,0
tx_09470,6047,8.70748291785937,5411,0.1,13,1,1,1,1,0,0,2.77,0
tx_09471,4882,8.49351506406166,5814,0.3,15,1,0,1,1,0,0,30.57,0
tx_09472,7577,8.933004591578547,5814,0.3,17,0,2,1,1,0,0,25.75,0
tx_09473,17616,9.77661962392714,5812,0.45,10,1,3,1,1,0,1,30.02,0
tx_09474,5066,8.53050420547591,4829,0.8,10,1,2,1,1,0,0,3.82,0
tx_09475,2950,7.989899374942939,4121,0.2,18,1,2,0,1,0,0,3.8,1
tx_09476,24300,10.098272780745283,5311,0.4,18,0,0,1,0,0,0,1.31,0
tx_09477,11902,9.384545748167879,4814,0.55,15,1,2,1,1,0,0,6.76,0
tx_09478,21219,9.962699412167973,5311,0.4,11,0,3,1,-1,0,0,2.96,0
tx_09479,16756,9.726571360400724,5712,0.25,13,0,1,1,0,0,0,4.97,0
tx_09480,64606,11.076078043033393,5712,0.25,13,0,1,1,1,0,0,0.31,0
tx_09481,23491,10.06441521664241,4829,0.8,10,0,0,1,1,0,0,3.02,0
tx_09482,4094,8.31752199628717,4121,0.2,4,1,1,1,1,0,0,24.17,0
tx_09483,12733,9.45203086057697,4900,0.1,12,1,0,1,-1,0,0,5.97,0
tx_09484,4796,8.475746001502063,5412,0.2,10,0,3,1,1,0,0,0.18,0
tx_09485,5291,8.573951525234847,5814,0.3,1,1,8,0,0,0,0,11.22,1
tx_09486,2129,7.6638772587034705,5411,0.1,22,1,0,1,-1,0,1,22.32,0
tx_09487,6207,8.733594061863055,5311,0.4,16,0,0,1,1,0,0,0.8,0
tx_09488,13670,9.523032079931992,5691,0.35,2,1,1,1,-1,0,0,6.53,0
tx_09489,7650,8.942591637231851,4814,0.55,4,0,0,1,0,0,0,3.45,0
tx_09490,2866,7.96102146588337,4900,0.1,13,1,2,1,1,0,0,8.87,0
tx_09491,1917,7.559038255443384,4121,0.2,20,0,4,-1,-1,0,1,11.46,0
tx_09492,60562,11.011439424532995,5691,0.35,11,1,3,1,1,0,0,4.05,0
tx_09493,11093,9.31415970061518,5412,0.2,19,0,0,1,1,0,0,5.38,0
tx_09494,3723,8.222553638396958,5712,0.25,3,1,1,1,1,0,0,43.05,0
tx_09495,12630,9.443909388773974,5712,0.25,12,0,7,0,1,0,0,635.3,0
tx_09496,65179,11.084907952391552,5411,0.1,19,0,3,1,1,0,0,12.98,0
tx_09497,14685,9.594649938011555,6011,0.85,20,1,2,1,1,0,0,7.12,0
tx_09498,577,6.359573868672378,6011,0.85,5,1,1,1,1,0,0,2.57,0
tx_09499,101199,11.524854035835503,4814,0.55,16,0,6,0,1,0,1,4.69,0
tx_09500,1406,7.249215057114389,6011,0.85,0,0,2,1,1,0,0,5.56,0
tx_09501,6697,8.80956425335415,4829,0.8,3,1,2,-1,1,0,0,6.15,0
tx_09502,2775,7.9287663216266955,4900,0.1,21,0,7,0,0,0,0,0.38,0
tx_09503,4033,8.302513718514158,5691,0.35,17,1,0,1,1,0,0,2.51,0
tx_09504,10672,9.275472466913964,4121,0.2,4,1,2,1,1,0,0,3.84,0
tx_09505,1139,7.038783541388542,5411,0.1,23,1,1,-1,1,0,0,3.38,0
tx_09506,7476,8.919586920999915,4829,0.8,23,0,1,1,-1,0,0,8.04,0
tx_09507,24225,10.095181715576748,5412,0.2,0,1,3,1,1,0,0,44.41,0
tx_09508,3656,8.204398418149381,5968,0.7,0,0,1,1,1,0,0,10.47,0
tx_09509,2174,7.684783943522785,6011,0.85,5,0,1,1,1,0,0,9.07,0
tx_09510,7135,8.872907674259846,4829,0.8,19,0,2,1,1,0,0,13.0,0
tx_09511,5906,8.683893367307235,5691,0.35,14,1,9,0,1,0,0,28.08,0
tx_09512,4627,8.439880088313567,5412,0.2,12,0,3,1,1,0,0,164.3,0
tx_09513,2634,7.876638460975463,5411,0.1,9,1,0,1,1,0,0,7.43,0
tx_09514,13338,9.498447354141044,5712,0.25,11,1,2,1,1,0,0,7.2,0
tx_09515,14338,9.57073837671504,7995,0.3,15,0,4,1,1,1,0,3884.06,0
tx_09516,2960,7.993282328101591,5411,0.1,1,1,2,1,1,0,1,8.33,0
tx_09517,3375,8.124446855715847,4121,0.2,14,1,1,1,1,0,0,2.25,0
tx_09518,9273,9.134970064951407,6011,0.85,5,0,7,-1,1,0,0,5.92,0
tx_09519,3257,8.08886878916199,7995,0.3,18,1,5,0,1,0,0,2.23,0
tx_09520,9652,9.175024026848615,5311,0.4,4,0,0,1,1,0,0,17.68,0
tx_09521,32854,10.399859219331969,5691,0.35,1,1,0,1,1,0,0,238.32,0
tx_09522,7695,8.948455992345542,6011,0.85,10,0,2,1,1,0,0,7.82,0
tx_09523,2571,7.85243908535751,5691,0.35,10,0,2,1,1,0,0,15.02,0
tx_09524,11821,9.377717481384314,5412,0.2,12,0,6,0,1,0,0,23.42,0
tx_09525,6880,8.83651926920248,6011,0.85,20,0,0,-1,0,0,0,1.52,0
tx_09526,7062,8.862625169408922,5968,0.7,16,0,1,-1,1,0,0,13.73,0
tx_09527,12794,9.456809748593889,5691,0.35,8,1,0,1,1,0,0,8.87,0
tx_09528,15704,9.661734411972747,4829,0.8,17,1,2,1,0,0,0,0.88,0
tx_09529,8424,9.038958755220563,5412,0.2,12,0,3,1,1,0,0,4.3,0
tx_09530,7689,8.94767606249969,5812,0.45,5,1,2,1,1,0,0,0.23,0
tx_09531,57846,10.965556873023031,4900,0.1,0,0,1,1,1,0,0,0.65,0
tx_09532,25481,10.145727599541326,5691,0.35,0,0,0,-1,0,0,0,1.11,0
tx_09533,17980,9.797070923831638,5812,0.45,5,1,4,0,1,0,0,0.89,0
tx_09534,9226,9.129889247578555,4814,0.55,19,0,2,0,1,0,0,27.8,0
tx_09535,3133,8.050065422915965,5691,0.35,11,1,1,1,-1,0,0,1.2,0
tx_09536,23770,10.076221629305257,5814,0.3,10,0,2,1,-1,0,0,7.03,0
tx_09537,9342,9.142382678792956,4900,0.1,9,0,3,1,0,1,0,4949.37,1
tx_09538,4707,8.457018468380168,5691,0.35,6,1,2,1,1,0,0,4.25,0
tx_09539,6465,8.774312958285378,5812,0.45,17,0,2,1,1,0,0,2.85,0
tx_09540,3253,8.087640287778983,4121,0.2,0,0,1,1,1,0,0,2.11,0
tx_09541,22240,10.009692711382444,5812,0.45,14,1,1,1,1,0,0,12.25,0
tx_09542,15585,9.654128354403506,4900,0.1,22,1,1,1,1,0,0,0.26,0
tx_09543,9679,9.177817180270623,5411,0.1,21,1,2,-1,0,0,0,17.03,0
tx_09544,7821,8.96469555531546,5812,0.45,8,1,4,0,1,0,0,2.94,0
tx_09545,4266,8.358666283188,4121,0.2,20,0,3,1,1,0,0,6.43,0
tx_09546,1077,6.982862751468942,4121,0.2,5,1,1,1,1,0,0,11.11,0
tx_09547,2128,7.663407664893479,5412,0.2,5,1,2,1,1,0,0,23.75,0
tx_09548,4022,8.299783171949787,7995,0.3,8,1,5,0,1,0,0,2.03,0
tx_09549,3487,8.15708378502887,4121,0.2,0,0,3,1,1,0,0,2.96,0
tx_09550,10722,9.280146246220145,5968,0.7,6,1,2,1,0,0,0,0.75,0
tx_09551,17608,9.776165413960777,4814,0.55,20,1,1,0,1,0,0,7.85,0
tx_09552,7209,8.883224230278994,5412,0.2,18,1,0,1,1,0,0,57.07,0
tx_09553,31059,10.343676096702678,5412,0.2,7,1,4,0,1,1,0,4075.61,1
tx_09554,3872,8.261784679514752,5412,0.2,7,0,3,0,1,0,0,3.71,0
tx_09555,7161,8.876544550558378,4814,0.55,8,1,1,0,-1,0,0,8.78,0
tx_09556,7760,8.95686647085414,5814,0.3,2,1,1,-1,1,0,0,4.46,0
tx_09557,22988,10.042771119638514,4900,0.1,3,1,8,0,1,0,0,13.02,0
tx_09558,9007,9.105868350379472,5814,0.3,23,1,2,1,-1,0,1,4.69,0
tx_09559,9247,9.13216259091216,5812,0.45,16,0,3,1,1,0,0,16.08,0
tx_09560,1691,7.433666540166168,5691,0.35,16,0,2,1,1,0,0,2.84,0
tx_09561,3464,8.150467911624004,5311,0.4,6,0,1,1,-1,0,0,5.56,0
tx_09562,23071,10.046375040084676,5812,0.45,20,1,1,1,1,0,0,1.57,0
tx_09563,1134,7.034387929915503,7995,0.3,4,1,2,1,1,0,0,2.28,0
tx_09564,29173,10.281033180646158,6011,0.85,23,1,2,1,1,0,0,5.68,0
tx_09565,13093,9.479909389001037,6011,0.85,12,0,7,0,1,0,0,4.97,0
tx_09566,4004,8.29529885950246,4900,0.1,7,0,0,1,0,0,0,16.09,0
tx_09567,3695,8.215006432761575,5712,0.25,18,1,3,1,1,0,0,7.41,0
tx_09568,49332,10.806348507298559,5411,0.1,10,0,2,1,0,0,0,4.3,0
tx_09569,31132,10.346023628853391,7995,0.3,6,0,0,1,1,0,0,2.81,0
tx_09570,7271,8.891786635857315,7995,0.3,16,0,3,1,0,0,0,5.95,0
tx_09571,9256,9.133135301067211,6011,0.85,17,0,2,1,1,0,1,15.24,0
tx_09572,4409,8.391629968440892,4829,0.8,14,1,4,0,1,0,0,2.2,0
tx_09573,9258,9.133351330448047,5311,0.4,11,1,3,1,1,0,1,137.49,0
tx_09574,4294,8.365206834418355,5812,0.45,7,1,3,1,1,0,1,0.97,0
tx_09575,7559,8.930626469173578,5814,0.3,9,0,2,1,1,0,1,1.88,0
tx_09576,45478,10.725005959935844,5311,0.4,20,1,2,0,1,1,0,1390.85,1
tx_09577,7438,8.914491710191342,4814,0.55,8,1,0,1,1,0,0,15.24,0
tx_09578,3010,8.010027528481734,4814,0.55,23,0,3,1,1,0,0,28.56,0
tx_09579,2224,7.707512194600341,5812,0.45,3,0,3,1,1,0,0,3.32,0
tx_09580,9191,9.126088819528592,5412,0.2,3,1,1,1,1,0,0,1.75,0
tx_09581,3953,8.282483003730562,5412,0.2,7,0,1,1,1,0,1,1.67,0
tx_09582,10295,9.239510749275963,5968,0.7,0,0,3,1,1,0,0,15.6,0
tx_09583,1749,7.4673710669175595,4121,0.2,21,0,1,1,1,0,0,1.14,0
tx_09584,15692,9.66097003203872,5814,0.3,8,1,3,1,1,0,0,7.09,0
tx_09585,2975,7.998335395952982,4900,0.1,2,0,4,0,1,0,0,7.9,0
tx_09586,8511,9.049232211581426,7995,0.3,14,0,2,1,1,0,0,7.52,0
tx_09587,5906,8.683893367307235,7995,0.3,22,1,1,1,1,0,0,1.93,0
tx_09588,41674,10.637656707618994,5691,0.35,23,0,1,1,1,0,0,1.1,0
tx_09589,9586,9.168163293076997,5311,0.4,2,0,1,1,-1,0,0,4.97,0
tx_09590,51708,10.853387126584051,4900,0.1,19,0,2,-1,1,0,0,10.43,0
tx_09591,13875,9.53791600808964,4829,0.8,8,0,0,1,1,0,0,3.17,0
tx_09592,31549,10.35932886796936,7995,0.3,20,1,5,0,0,0,0,10.63,0
tx_09593,6680,8.807022955925477,4829,0.8,14,1,0,1,1,1,0,4875.15,1
tx_09594,11309,9.333442569110167,5412,0.2,17,1,2,1,1,0,0,10.2,0
tx_09595,25923,10.162924459547607,5412,0.2,20,0,6,0,1,0,1,1.41,0
tx_09596,19243,9.864954602819344,5812,0.45,21,0,4,0,-1,0,0,3.79,0
tx_09597,13489,9.509703949201802,5968,0.7,3,0,2,0,1,0,0,38.32,0
tx_09598,5965,8.693831965074693,5691,0.35,17,0,3,1,1,0,0,2.45,0
tx_09599,7005,8.854522203757432,5814,0.3,3,1,3,1,0,0,0,7.62,0
tx_09600,24003,10.085975762109403,5691,0.35,22,0,2,1,1,0,0,4.8,0
tx_09601,29254,10.283805778222337,5412,0.2,15,1,1,1,-1,0,0,2.69,0
tx_09602,4638,8.442254104751743,4829,0.8,4,1,0,1,-1,0,0,13.43,0
tx_09603,4018,8.2987883944492,4829,0.8,7,0,1,1,1,0,0,2.2,0
tx_09604,3450,8.146419323098003,5412,0.2,21,0,3,1,1,0,0,18.28,0
tx_09605,17915,9.793449447327191,4121,0.2,15,1,3,0,1,0,0,11.67,0
tx_09606,3368,8.122371243406553,5311,0.4,5,1,0,-1,1,0,0,0.95,0
tx_09607,17710,9.781941194456632,5412,0.2,19,1,3,1,1,0,0,12.98,0
tx_09608,13678,9.523617089089445,5412,0.2,17,1,0,1,1,0,0,5.63,0
tx_09609,4853,8.487558386286548,5968,0.7,1,0,1,1,1,0,0,1.36,0
tx_09610,35984,10.490857463941905,7995,0.3,6,0,5,1,1,0,0,2.6,0
tx_09611,2030,7.616283561580385,5814,0.3,20,0,3,1,1,0,1,1.85,0
tx_09612,39408,10.581749495596627,4814,0.55,8,1,1,-1,0,0,0,7.52,0
tx_09613,11027,9.308192772143688,5411,0.1,0,1,2,1,1,0,0,50.04,0
tx_09614,1136,7.036148493750536,5814,0.3,14,0,1,1,1,0,0,4.84,0
tx_09615,36955,10.517483294790635,5712,0.25,21,0,2,1,1,0,0,2.58,0
tx_09616,20512,9.928814110482136,5412,0.2,13,0,3,1,1,0,0,4.83,0
tx_09617,5423,8.598588829620232,5412,0.2,23,1,4,0,1,0,0,4.3,0
tx_09618,3257,8.08886878916199,5411,0.1,2,0,5,0,1,0,0,9.56,0
tx_09619,1835,7.515344571180436,5712,0.25,16,0,0,1,1,0,0,2.93,0
tx_09620,80809,11.299855999227493,4829,0.8,15,1,1,1,1,0,0,0.15,0
tx_09621,3388,8.128290171607052,5691,0.35,23,0,6,0,-1,0,0,5.54,0
tx_09622,2452,7.8050670442584895,4829,0.8,12,1,1,1,-1,0,0,3.44,0
tx_09623,10506,9.259796980688776,5812,0.45,19,1,1,1,1,0,0,1.32,0
tx_09624,1718,7.449498005382849,6011,0.85,3,0,0,1,1,0,0,3.6,0
tx_09625,3206,8.073091199693154,5691,0.35,1,1,0,1,1,0,0,21.65,0
tx_09626,20960,9.950418847220561,5411,0.1,17,1,3,1,1,0,0,1.74,0
tx_09627,12660,9.446281681520253,7995,0.3,0,0,0,1,1,0,0,4.26,0
tx_09628,5643,8.638348312972704,5812,0.45,20,0,0,1,1,0,1,2.93,0
tx_09629,8288,9.022684613591526,5411,0.1,0,0,3,1,1,0,0,0.94,0
tx_09630,5350,8.585038738311304,4121,0.2,16,1,0,1,-1,0,0,6.73,0
tx_09631,7679,8.946374826141717,4121,0.2,10,1,3,0,1,0,0,4.59,0
tx_09632,3950,8.281723990411392,4900,0.1,15,0,3,0,1,0,0,74.73,0
tx_09633,4694,8.454253391642363,4900,0.1,14,1,3,1,0,0,0,11.56,0
tx_09634,4560,8.4252971767117,5814,0.3,10,0,2,1,1,0,0,13.21,0
tx_09635,4087,8.31581113188354,5691,0.35,11,0,1,1,1,0,0,1.82,0
tx_09636,21958,9.996932357245992,7995,0.3,12,1,3,0,0,0,0,12.08,1
tx_09637,16929,9.736842475127181,5691,0.35,16,0,1,1,1,0,0,9.62,0
tx_09638,3359,8.11969625295725,6011,0.85,17,1,12,0,1,0,0,0.27,0
tx_09639,2619,7.8709295967551425,5691,0.35,10,1,1,-1,1,0,0,19.23,0
tx_09640,7015,8.855948534052018,5411,0.1,8,1,1,1,1,1,0,2486.33,0
tx_09641,63114,11.052713738186963,5814,0.3,1,0,1,1,1,0,0,1.68,0
tx_09642,3068,8.029107054619736,5412,0.2,18,0,1,1,0,0,0,4.37,0
tx_09643,6988,8.85209276347713,4900,0.1,5,0,2,1,0,0,0,2.35,0
tx_09644,8861,9.089527751759436,5412,0.2,10,1,1,1,1,0,0,7.43,0
tx_09645,7346,8.902047345620277,5812,0.45,23,0,1,1,1,0,0,3.07,0
tx_09646,5270,8.569975376855206,5411,0.1,18,0,13,0,-1,0,0,38.84,0
tx_09647,24404,10.102543308321248,5812,0.45,8,0,0,1,-1,0,0,39.07,0
tx_09648,12543,9.436997742590188,7995,0.3,11,1,1,1,1,0,0,6.72,0
tx_09649,18191,9.808737215990318,5411,0.1,7,1,2,1,0,0,0,9.83,0
tx_09650,14258,9.565143565282119,5311,0.4,15,1,2,1,0,0,0,37.71,0
tx_09651,19042,9.854454858958817,5411,0.1,3,0,1,1,1,1,0,3352.35,0
tx_09652,36694,10.510395784979163,5968,0.7,22,1,1,1,1,0,0,4.01,0
tx_09653,28844,10.26969194669099,4829,0.8,23,1,2,1,-1,0,0,10.26,0
tx_09654,74142,11.21375093987313,7995,0.3,7,0,4,1,1,0,0,4.65,0
tx_09655,25891,10.1616893196654,5411,0.1,5,0,0,1,1,0,0,6.83,0
tx_09656,4312,8.369388996647842,5968,0.7,12,1,2,0,-1,0,0,3.32,0
tx_09657,18217,9.810165395304756,5968,0.7,15,0,2,1,0,0,0,1.52,0
tx_09658,15996,9.680156483641596,5814,0.3,15,0,5,0,1,0,0,1.47,0
tx_09659,50486,10.829471156381183,6011,0.85,1,1,1,1,1,0,0,20.66,0
tx_09660,3250,8.086717920303906,4829,0.8,17,0,0,1,0,0,0,7.94,0
tx_09661,13839,9.535318229171661,5712,0.25,1,1,4,1,1,0,0,14.78,0
tx_09662,4265,8.358431899031295,4814,0.55,8,1,0,1,1,1,0,4064.68,0
tx_09663,13254,9.492130118723125,5311,0.4,17,0,1,1,0,0,0,8.69,0
tx_09664,6642,8.80131894766524,4121,0.2,21,1,4,0,1,0,0,10.32,0
tx_09665,12844,9.460709909543985,5812,0.45,15,0,0,1,1,0,0,2.29,0
tx_09666,2133,7.665753431861699,5712,0.25,3,0,2,1,1,0,0,2.79,0
tx_09667,17305,9.758808541166685,5814,0.3,16,1,1,1,0,0,0,28.81,0
tx_09668,9906,9.20099685697303,4829,0.8,0,0,8,1,1,0,0,3.89,0
tx_09669,9412,9.14984699154722,5311,0.4,5,1,4,1,1,0,0,11.75,0
tx_09670,51942,10.857902242501392,5812,0.45,2,0,1,1,0,0,0,1.84,0
tx_09671,5664,8.642062173462106,5968,0.7,23,1,1,1,0,0,0,28.12,0
tx_09672,11275,9.330431852234003,6011,0.85,8,1,4,0,1,0,0,3.17,0
tx_09673,8959,9.100525505968976,4814,0.55,13,1,2,1,1,0,0,4.14,0
tx_09674,9831,9.19339765124587,5411,0.1,18,0,0,1,1,0,1,8.85,0
tx_09675,67231,11.115904603644728,4121,0.2,23,0,4,1,1,0,0,144.29,0
tx_09676,8654,9.06589246761031,5968,0.7,23,1,1,1,-1,0,0,2.79,0
tx_09677,4752,8.46653127661401,4814,0.55,3,1,5,0,1,0,0,5.32,0
tx_09678,48172,10.782553977112013,5968,0.7,9,1,4,0,1,0,0,22.99,0
tx_09679,6081,8.71308886823731,4829,0.8,9,0,1,1,1,0,0,5.94,0
tx_09680,1773,7.480992162869525,4121,0.2,19,0,1,1,1,0,0,5.68,0
tx_09681,4029,8.301521654940728,6011,0.85,8,0,1,1,1,0,0,66.35,0
tx_09682,2492,7.821242083523558,5412,0.2,5,1,6,0,1,0,0,24.78,1
tx_09683,1473,7.295735072749282,5411,0.1,18,1,3,1,1,0,0,73.59,0
tx_09684,5769,8.660427359502146,5812,0.45,11,0,1,1,0,0,0,2.59,0
tx_09685,7619,8.938531648680692,4900,0.1,17,0,1,1,0,0,0,15.37,0
tx_09686,25001,10.126711100650509,5812,0.45,9,1,7,0,1,0,0,5.81,0
tx_09687,14811,9.603192942033504,5412,0.2,11,0,0,-1,1,0,0,4.76,0
tx_09688,14183,9.559869847754044,4900,0.1,0,0,0,1,1,0,0,5.37,0
tx_09689,3486,8.156797046675651,5411,0.1,0,0,6,1,1,0,0,12.93,0
tx_09690,18880,9.845911404398532,4121,0.2,0,1,1,1,0,0,0,5.73,0
tx_09691,30541,10.326858064513127,5311,0.4,4,1,0,1,1,0,0,1.98,0
tx_09692,11849,9.380083146563278,5712,0.25,8,0,4,1,1,0,0,2.02,0
tx_09693,12168,9.4066470133368,4814,0.55,1,1,2,1,1,0,0,1.36,0
tx_09694,2450,7.804251383528112,4814,0.55,3,1,8,0,1,0,0,5.46,0
tx_09695,22179,10.006946260904359,5812,0.45,20,1,2,-1,1,0,0,11.6,0
tx_09696,44221,10.6969776817921,5411,0.1,20,0,2,0,1,0,0,20.58,0
tx_09697,11070,9.312084355859467,4814,0.55,6,0,0,1,1,0,1,9.71,0
tx_09698,4631,8.440744019252831,5814,0.3,22,1,1,1,1,0,0,7.22,0
tx_09699,6983,8.851377097519439,5814,0.3,2,0,1,1,1,0,0,21.64,0
tx_09700,5463,8.605936401250625,4121,0.2,0,1,3,1,1,0,0,1.01,0
tx_09701,5783,8.6628507638386,4829,0.8,8,1,3,1,1,0,0,10.15,0
tx_09702,15074,9.620793021595386,5411,0.1,6,1,4,0,1,0,0,9.12,0
tx_09703,10622,9.270776740780013,5814,0.3,1,1,2,1,1,0,0,1.31,0
tx_09704,21140,9.958969561995133,4814,0.55,20,0,1,1,1,0,0,0.57,0
tx_09705,11586,9.357639058997062,5968,0.7,23,0,2,1,1,0,0,4.96,0
tx_09706,3584,8.184513753033722,5311,0.4,6,0,3,1,1,0,0,11.91,0
tx_09707,5062,8.529714471969909,4814,0.55,7,0,1,1,1,0,0,1.05,0
tx_09708,4772,8.470730317005897,6011,0.85,17,1,0,1,1,0,0,2.42,0
tx_09709,6823,8.828201089171515,4814,0.55,22,0,1,1,1,0,0,4.91,0
tx_09710,44808,10.710164291083952,4814,0.55,6,0,2,1,1,0,0,18.1,0
tx_09711,52173,10.862339565494358,7995,0.3,16,0,7,1,1,0,0,8.78,0
tx_09712,18033,9.800014144059851,5691,0.35,0,0,1,-1,1,0,0,8.58,0
tx_09713,9118,9.118115427933665,5412,0.2,13,1,6,0,1,0,0,3.74,0
tx_09714,2234,7.711996507047669,5812,0.45,23,0,2,1,-1,0,0,31.6,0
tx_09715,10038,9.214232786691527,5712,0.25,11,1,6,0,1,0,0,8.4,0
tx_09716,3846,8.255048902752295,5712,0.25,15,0,0,1,-1,0,0,2.67,0
tx_09717,38337,10.554196850398105,4121,0.2,16,1,0,-1,1,0,0,3.07,0
tx_09718,1771,7.4798641311650265,5691,0.35,15,1,0,1,1,0,0,4.34,0
tx_09719,11736,9.370501524100124,4900,0.1,16,0,0,1,1,0,0,3.64,0
tx_09720,3550,8.174984532943087,5968,0.7,21,1,0,1,1,0,1,0.66,0
tx_09721,8072,8.996280439395015,5691,0.35,0,0,1,-1,1,1,0,801.67,0
tx_09722,15336,9.638023488650779,4814,0.55,21,1,1,-1,1,0,0,8.88,0
tx_09723,21505,9.976087244950472,6011,0.85,21,1,1,1,1,0,0,1.98,0
tx_09724,7689,8.94767606249969,4900,0.1,21,0,1,1,1,0,0,5.8,0
tx_09725,16786,9.728360056322414,4900,0.1,8,0,3,1,1,0,0,1.33,0
tx_09726,4341,8.376090350438238,7995,0.3,13,1,2,0,1,0,0,0.39,0
tx_09727,10285,9.23853902633486,5814,0.3,8,1,2,1,1,0,0,3.5,1
tx_09728,21105,9.957312639231036,6011,0.85,20,1,1,1,1,0,0,6.4,0
tx_09729,11166,9.320718279445792,5812,0.45,9,1,0,1,0,0,1,2.68,1
tx_09730,4926,8.502485562543963,6011,0.85,7,0,4,1,1,0,0,1.51,0
tx_09731,6248,8.740176729929082,4814,0.55,16,0,1,1,0,0,1,10.73,0
tx_09732,21376,9.97007085667928,5712,0.25,1,1,6,0,1,0,0,4.79,0
tx_09733,2887,7.968319500012717,5311,0.4,9,0,1,-1,1,0,0,10.77,0
tx_09734,3321,8.10832229017324,5411,0.1,4,1,1,1,0,0,0,48.55,0
tx_09735,14424,9.5767180913763,4900,0.1,8,0,9,0,1,0,0,8.68,0
tx_09736,5367,8.588210678651517,4829,0.8,10,1,2,1,1,0,0,8.77,0
tx_09737,2048,7.6251071482389,5412,0.2,1,1,0,1,1,0,0,2.1,0
tx_09738,29391,10.288477807454907,6011,0.85,20,0,4,1,1,0,0,4.83,0
tx_09739,2866,7.96102146588337,5712,0.25,9,0,3,1,1,0,0,1.13,0
tx_09740,6739,8.815815203906352,5311,0.4,8,1,1,-1,-1,0,0,1.51,0
tx_09741,4522,8.416930769477844,5412,0.2,3,0,2,1,0,0,0,7.04,0
tx_09742,6139,8.722580021141189,5691,0.35,23,0,2,1,1,0,0,3.45,0
tx_09743,3515,8.165079258805068,4900,0.1,20,0,3,1,1,0,0,2.45,0
tx_09744,16054,9.683775606523614,5691,0.35,11,1,3,1,1,0,0,5.76,0
tx_09745,9049,9.110520036693972,5812,0.45,8,1,3,1,1,0,0,2.55,0
tx_09746,20736,9.93967482329784,4900,0.1,11,1,1,1,1,0,0,3.65,0
tx_09747,4566,8.426611813185,5712,0.25,23,1,4,0,0,0,0,7.02,0
tx_09748,61793,11.031561551353857,5812,0.45,5,1,0,1,1,0,0,2.82,0
tx_09749,1334,7.19668657083435,5691,0.35,16,1,1,1,1,0,0,1.6,0
tx_09750,1807,7.4999765409521215,5311,0.4,21,1,0,1,1,0,0,22.19,0
tx_09751,43071,10.6706284130044,5691,0.35,18,1,0,1,1,0,0,50.75,0
tx_09752,12778,9.455558477608703,5968,0.7,20,1,4,1,1,0,1,4.95,0
tx_09753,11265,9.329544619454659,4900,0.1,22,0,1,1,1,0,0,4.05,0
tx_09754,12270,9.414994033976548,5712,0.25,1,0,6,0,1,0,0,5.17,0
tx_09755,14014,9.547883463598888,5812,0.45,5,0,0,1,1,0,0,2.15,0
tx_09756,10829,9.290075339995036,5311,0.4,3,0,4,0,1,0,0,19.93,0
tx_09757,3254,8.08794755464267,5411,0.1,13,0,5,-1,1,0,0,15.41,0
tx_09758,17720,9.782505655975346,6011,0.85,9,1,1,1,1,0,0,2.83,0
tx_09759,15257,9.632859234650175,5411,0.1,0,1,1,1,0,0,0,3.34,0
tx_09760,31640,10.362209026944724,5712,0.25,13,0,2,1,1,0,0,7.84,0
tx_09761,43530,10.681228606945007,4829,0.8,2,1,1,1,0,0,0,20.36,0
tx_09762,11149,9.319194776888265,6011,0.85,9,1,1,1,-1,0,0,8.39,0
tx_09763,2538,7.839525581704678,5712,0.25,8,0,6,1,1,0,0,9.81,0
tx_09764,43874,10.689099960768168,5814,0.3,21,0,2,1,-1,0,0,8.24,0
tx_09765,3096,8.038189179973203,5712,0.25,16,1,0,1,1,0,0,6.37,0
tx_09766,11229,9.326344047732489,5311,0.4,14,1,0,1,0,0,0,7.88,0
tx_09767,6382,8.761393485256058,5311,0.4,19,0,5,1,1,0,0,12.93,0
tx_09768,5410,8.596189197642735,5812,0.45,4,1,4,0,0,0,0,7.39,0
tx_09769,16836,9.7313341246578,6011,0.85,6,1,6,0,1,0,0,3.9,0
tx_09770,10274,9.237469039364436,4814,0.55,18,1,5,0,1,0,0,84.98,0
tx_09771,13263,9.492808877375076,5968,0.7,17,1,0,1,-1,1,0,2480.75,1
tx_09772,3753,8.230577217146454,5968,0.7,0,0,4,1,-1,0,0,14.51,0
tx_09773,6904,8.840001065843392,4814,0.55,5,1,2,1,1,0,0,2.81,0
tx_09774,3921,8.274357006756292,4814,0.55,5,0,1,1,1,0,0,0.7,0
tx_09775,6742,8.816260208734581,5812,0.45,0,1,1,1,-1,0,0,0.43,0
tx_09776,7276,8.892473968347087,5968,0.7,15,1,7,0,1,0,0,3.99,0
tx_09777,46970,10.757285668979632,5411,0.1,1,1,1,-1,1,0,0,58.29,0
tx_09778,6366,8.758883680017025,5712,0.25,20,1,0,-1,1,0,0,45.15,0
tx_09779,1081,6.9865664594064265,7995,0.3,14,1,0,1,1,0,0,2.56,0
tx_09780,30654,10.330551060196788,5311,0.4,18,1,3,1,1,0,0,2.44,0
tx_09781,12481,9.432042885493988,4900,0.1,11,1,3,1,1,0,0,3.13,0
tx_09782,7192,8.880863609867356,7995,0.3,23,1,4,0,1,0,0,6.44,0
tx_09783,5377,8.59007183682881,4900,0.1,6,0,2,1,1,0,0,51.05,0
tx_09784,3313,8.105911197986508,5412,0.2,13,0,5,0,1,0,0,15.79,0
tx_09785,51345,10.846342315535834,5412,0.2,0,0,2,-1,1,0,0,11.02,0
tx_09786,8556,9.054504940418054,5691,0.35,19,1,0,1,1,0,0,6.86,0
tx_09787,1563,7.355001921105257,4900,0.1,13,1,2,1,1,0,0,0.51,0
tx_09788,11120,9.316590491818841,5812,0.45,4,0,6,0,0,0,0,0.5,0
tx_09789,25618,10.151089542682712,5812,0.45,19,1,7,1,1,0,0,1.99,0
tx_09790,9450,9.153875834995056,4829,0.8,23,0,2,1,1,0,1,1.17,0
tx_09791,3459,8.14902386805177,5412,0.2,1,1,2,1,0,0,0,0.68,0
tx_09792,3177,8.064007347096661,4121,0.2,20,1,2,1,1,0,0,15.93,0
tx_09793,3407,8.133880887949207,4900,0.1,17,0,1,-1,1,0,0,3.79,0
tx_09794,34570,10.450770459312455,7995,0.3,8,0,2,1,0,0,0,1.8,0
tx_09795,7609,8.937218450855731,5691,0.35,15,0,2,1,1,0,0,1.07,0
tx_09796,1653,7.4109518755836366,5712,0.25,18,0,2,-1,1,0,0,12.06,0
tx_09797,11732,9.370160663423624,6011,0.85,11,0,2,1,-1,0,0,4.64,0
tx_09798,9313,9.139273923542323,5812,0.45,15,0,7,0,1,0,0,0.84,0
tx_09799,5317,8.578852571802965,5968,0.7,1,1,1,-1,0,0,0,2.89,0
tx_09800,3090,8.036249942132116,5812,0.45,22,1,3,1,1,0,0,47.35,0
tx_09801,2965,7.994969522697877,5412,0.2,22,0,0,1,1,0,0,17.1,0
tx_09802,22868,10.037537560656384,5712,0.25,5,1,0,1,1,0,1,5.32,0
tx_09803,10304,9.240384493324559,5311,0.4,11,0,1,1,1,0,0,7.8,0
tx_09804,12834,9.45993109330524,6011,0.85,5,0,0,1,0,0,0,2.91,0
tx_09805,10277,9.237760967552175,4829,0.8,9,0,9,1,0,0,0,3.59,0
tx_09806,11120,9.316590491818841,6011,0.85,6,1,5,1,1,0,0,1.27,0
tx_09807,5220,8.560444233410552,6011,0.85,20,0,1,0,1,0,0,2.18,0
tx_09808,6698,8.809713540508268,4814,0.55,16,0,3,1,1,0,0,8.93,0
tx_09809,24633,10.11188288150143,5812,0.45,20,0,1,1,1,0,0,27.54,0
tx_09810,31227,10.349070407240182,7995,0.3,19,1,1,1,1,0,0,7.54,0
tx_09811,2551,7.844632644464681,5712,0.25,17,1,1,1,1,0,0,15.96,0
tx_09812,6683,8.807471889715284,5311,0.4,3,0,0,1,1,0,0,0.42,0
tx_09813,18079,9.802561633946167,6011,0.85,19,0,1,1,1,0,0,8.83,0
tx_09814,48686,10.793167332983991,5691,0.35,18,0,4,-1,1,0,0,7.43,0
tx_09815,44269,10.698062525726186,4814,0.55,2,0,9,0,1,0,0,1.96,1
tx_09816,3825,8.249575150000199,4900,0.1,2,1,2,1,-1,1,1,3341.59,1
tx_09817,27350,10.216508370253013,5812,0.45,18,0,9,0,1,0,0,24.55,0
tx_09818,8612,9.061027968789174,5412,0.2,9,0,1,1,1,0,0,8.25,0
tx_09819,21969,9.997433165378656,4900,0.1,7,0,0,1,1,0,0,3.34,0
tx_09820,17224,9.75411709588186,5968,0.7,9,1,2,1,1,0,1,44.87,0
tx_09821,2451,7.804659297056102,4814,0.55,20,1,10,0,1,0,0,5.1,0
tx_09822,13734,9.527702598529375,4900,0.1,8,1,0,-1,0,0,1,30.57,0
tx_09823,21175,9.960623743906938,5412,0.2,8,1,1,1,1,0,0,3.11,0
tx_09824,7991,8.98619632032839,4121,0.2,9,1,0,1,-1,0,0,5.18,0
tx_09825,6446,8.77137018531062,5411,0.1,1,1,0,1,1,0,1,29.4,0
tx_09826,1830,7.5126175446745105,6011,0.85,0,0,1,1,0,0,0,1.53,0
tx_09827,15593,9.654641503869545,7995,0.3,9,1,1,1,1,0,1,85.03,0
tx_09828,9932,9.203617826215355,6011,0.85,0,1,2,1,1,0,0,2.02,0
tx_09829,3392,8.129469764784231,5311,0.4,18,0,4,1,0,0,0,11.1,0
tx_09830,5977,8.695841342843883,4121,0.2,10,0,0,1,1,0,0,9.45,0
tx_09831,9433,9.152075463844207,5968,0.7,12,1,3,0,1,0,0,1.29,0
tx_09832,4791,8.474703139795285,5411,0.1,8,0,1,1,1,0,0,0.79,0
tx_09833,8166,9.007856923358275,5814,0.3,18,0,0,1,1,0,0,1.07,0
tx_09834,1545,7.343426229147367,4814,0.55,10,1,2,1,1,0,0,3.89,0
tx_09835,29352,10.287150034683448,5812,0.45,0,1,3,1,-1,0,0,11.3,0
tx_09836,8269,9.020389788017736,5712,0.25,11,0,10,0,1,0,0,3.53,0
tx_09837,2866,7.96102146588337,6011,0.85,4,1,5,1,0,0,0,2.58,1
tx_09838,787,6.669498089857879,4814,0.55,14,1,2,0,1,0,0,2.3,0
tx_09839,21652,9.98289929196029,5411,0.1,13,0,0,1,1,0,0,3.86,0
tx_09840,13841,9.535462727401809,7995,0.3,11,1,10,0,1,0,0,3.28,0
tx_09841,9950,9.205428327615163,5411,0.1,9,0,3,1,1,0,0,2.86,0
tx_09842,18502,9.825688160081716,5812,0.45,14,1,2,1,0,0,0,1.45,0
tx_09843,18454,9.8230906154641,4829,0.8,16,0,0,1,0,0,0,1.84,0
tx_09844,9798,9.190035618635818,5814,0.3,21,1,6,0,1,0,0,13.42,0
tx_09845,6398,8.76389700713946,4900,0.1,23,0,4,1,0,0,0,2.16,0
tx_09846,5480,8.609042845046117,5712,0.25,1,1,0,1,1,0,0,13.15,0
tx_09847,12150,9.405166749908611,6011,0.85,15,0,1,1,1,0,0,5.69,0
tx_09848,30710,10.33237617558788,5812,0.45,2,1,4,0,1,0,0,49.22,0
tx_09849,7387,8.90761234131913,5412,0.2,10,1,0,1,1,0,0,5.96,0
tx_09850,33118,10.407862414806656,4829,0.8,17,0,0,1,1,0,0,9.94,0
tx_09851,11610,9.359708203627006,5311,0.4,13,0,6,0,1,0,0,1.39,0
tx_09852,11694,9.36691667901828,5968,0.7,19,0,2,1,1,0,0,0.95,0
tx_09853,80019,11.290031882411226,4900,0.1,21,1,0,1,1,0,0,48.55,0
tx_09854,39152,10.575232326835637,5812,0.45,23,1,1,0,1,0,0,14.84,0
tx_09855,40129,10.599879463260962,5412,0.2,16,1,2,1,1,0,0,1.05,0
tx_09856,3818,8.247743887225516,5311,0.4,16,1,2,1,1,0,0,10.78,0
tx_09857,65365,11.087757524586195,5814,0.3,19,0,1,1,1,0,0,12.06,0
tx_09858,7533,8.927181388251986,5411,0.1,5,1,0,1,1,0,0,34.2,0
tx_09859,6562,8.789203094473724,5311,0.4,7,0,5,0,1,0,0,1.77,0
tx_09860,1047,6.954638864880987,5691,0.35,8,0,0,1,1,0,1,4.12,0
tx_09861,11105,9.315240781801553,5814,0.3,17,0,1,1,-1,0,1,2.69,0
tx_09862,2910,7.976251943745623,6011,0.85,8,0,2,1,1,0,0,6.44,0
tx_09863,12004,9.393078508655353,5712,0.25,3,0,2,1,1,0,0,3.09,0
tx_09864,2702,7.902117546276448,5812,0.45,19,0,1,1,0,0,0,11.68,0
tx_09865,44936,10.713016787836828,5968,0.7,17,0,2,1,1,0,0,0.93,0
tx_09866,13755,9.529230371552156,4900,0.1,14,0,1,-1,1,0,0,6.09,0
tx_09867,71044,11.171068758072176,4900,0.1,21,0,4,1,1,0,0,0.93,0
tx_09868,3082,8.03365842788615,5412,0.2,19,1,1,1,1,0,0,20.13,0
tx_09869,35486,10.476921711213846,5712,0.25,21,0,5,0,-1,0,0,3.61,0
tx_09870,1469,7.293017679772782,5812,0.45,6,1,2,1,1,0,0,4.07,0
tx_09871,9925,9.202912856147385,4829,0.8,2,1,1,1,1,1,0,4334.38,1
tx_09872,4470,8.405367376233981,5814,0.3,8,0,2,-1,-1,0,0,6.35,0
tx_09873,5322,8.579792333172758,5411,0.1,19,1,3,0,0,0,0,4.99,0
tx_09874,4987,8.514790306799927,6011,0.85,22,0,0,1,1,0,0,2.42,0
tx_09875,3416,8.136518252115291,5814,0.3,2,0,1,1,1,0,0,3.87,0
tx_09876,2461,7.808729306744399,7995,0.3,20,1,1,1,1,0,0,1.55,0
tx_09877,5350,8.585038738311304,5712,0.25,11,1,1,1,1,0,0,1.48,0
tx_09878,9094,9.115480090952223,5691,0.35,19,1,2,1,1,0,0,7.48,0
tx_09879,24604,10.110704953300079,4829,0.8,16,1,1,1,1,0,0,0.99,0
tx_09880,10783,9.285818833152089,5411,0.1,1,0,7,0,1,0,0,3.83,0
tx_09881,24671,10.113424276363055,6011,0.85,11,0,1,1,1,0,0,6.54,0
tx_09882,2000,7.601402334583733,5411,0.1,2,1,2,0,1,0,0,7.49,1
tx_09883,5398,8.593969030218288,4121,0.2,8,0,3,1,1,0,0,0.31,0
tx_09884,16004,9.680656452403964,4900,0.1,18,0,1,1,1,0,0,2.23,0
tx_09885,11285,9.331318298529085,5712,0.25,16,0,2,1,1,0,1,13.26,0
tx_09886,3594,8.187299270155147,5712,0.25,16,0,3,1,1,0,0,9.92,0
tx_09887,19782,9.892578262028092,7995,0.3,15,0,1,1,1,0,0,5.22,0
tx_09888,4917,8.500657222776137,7995,0.3,0,0,2,1,1,0,0,2.64,0
tx_09889,3892,8.266935347610456,5691,0.35,13,1,7,0,1,0,0,3.92,0
tx_09890,12936,9.467846701917901,5691,0.35,11,0,8,0,1,0,0,7.81,0
tx_09891,8193,9.011157458106817,5968,0.7,12,1,2,1,1,0,0,3.17,0
tx_09892,4956,8.508555998020574,4121,0.2,5,1,6,1,1,0,1,9.07,1
tx_09893,4799,8.476371196895983,5712,0.25,16,1,2,-1,0,0,0,15.46,0
tx_09894,2948,7.989221408815276,5412,0.2,14,1,5,1,1,0,0,3.29,0
tx_09895,5593,8.629449873761905,5814,0.3,9,0,2,1,1,0,0,9.73,0
tx_09896,23160,10.050225108647712,5968,0.7,1,1,6,0,1,0,0,2.65,0
tx_09897,10275,9.237566358229774,5812,0.45,1,1,3,1,1,0,0,3.22,0
tx_09898,20248,9.915860688599269,5812,0.45,8,1,0,1,0,0,0,10.06,0
tx_09899,13299,9.495519314209846,5812,0.45,12,0,3,1,1,0,0,50.83,0
tx_09900,4553,8.423761246623686,5712,0.25,23,1,3,1,1,0,1,3.83,0
tx_09901,1700,7.438971592395862,4900,0.1,17,0,2,1,1,0,0,86.18,0
tx_09902,3377,8.125039097367745,4900,0.1,11,0,1,1,1,0,0,2.58,0
tx_09903,4305,8.367764677924308,5814,0.3,7,0,2,0,1,1,0,2890.63,1
tx_09904,4000,8.294299608857235,5712,0.25,4,1,2,1,1,0,0,17.22,0
tx_09905,20684,9.937164078895512,4900,0.1,3,1,0,1,1,0,0,22.24,0
tx_09906,20481,9.927301730635383,6011,0.85,1,1,1,1,1,0,0,3.2,0
tx_09907,66600,11.106474871430772,7995,0.3,21,1,2,1,1,0,0,9.22,0
tx_09908,3943,8.279950715722526,5712,0.25,0,1,1,1,1,0,1,6.17,0
tx_09909,37151,10.522772884497618,4900,0.1,20,1,4,1,1,0,0,4.15,0
tx_09910,36933,10.516887815005818,7995,0.3,14,0,0,-1,1,0,0,4.56,0
tx_09911,6532,8.78462153484075,4900,0.1,14,1,1,1,1,0,1,0.95,0
tx_09912,12772,9.455088847042777,5412,0.2,23,1,6,0,1,0,0,4.56,0
tx_09913,26473,10.183918398273716,6011,0.85,18,0,4,1,1,0,0,3.03,0
tx_09914,7702,8.949365142352965,5691,0.35,3,1,1,1,0,0,0,3.77,0
tx_09915,7155,8.87570644462861,4900,0.1,23,0,4,0,1,1,0,3910.16,1
tx_09916,4488,8.409385238781931,4814,0.55,4,1,0,1,1,0,0,3.45,0
tx_09917,865,6.763884908562435,5411,0.1,13,1,11,0,1,0,0,6.98,0
tx_09918,8709,9.072227069846548,5812,0.45,15,0,2,1,1,1,1,4366.69,1
tx_09919,4150,8.33110454805304,5814,0.3,5,1,3,1,1,0,0,7.31,0
tx_09920,2932,7.983781068977451,4900,0.1,15,0,0,1,1,0,0,5.69,0
tx_09921,12164,9.406318255217624,4829,0.8,15,1,5,1,1,0,0,3.29,0
tx_09922,2052,7.627057417018934,5812,0.45,23,0,2,1,1,0,0,9.95,0
tx_09923,17517,9.770984202723035,4829,0.8,21,0,1,-1,1,0,0,15.88,0
tx_09924,12895,9.464672464746409,4121,0.2,9,0,9,0,1,0,0,2.91,0
tx_09925,5569,8.62515033292133,5412,0.2,16,1,4,0,1,0,0,2.14,0
tx_09926,7670,8.945202263959297,5691,0.35,19,0,2,1,1,0,0,10.46,0
tx_09927,2629,7.874739125171811,4900,0.1,0,0,1,1,0,0,0,2.41,0
tx_09928,16614,9.718061180788695,4829,0.8,16,1,2,0,0,0,0,1.17,0
tx_09929,9732,9.183277452426493,4900,0.1,22,0,0,1,1,0,0,11.51,0
tx_09930,10446,9.254070134837509,5311,0.4,2,1,2,1,1,0,0,2.63,0
tx_09931,13121,9.482045489904824,4121,0.2,18,0,0,1,1,1,0,746.18,0
tx_09932,4424,8.39502555744203,4121,0.2,1,0,1,-1,0,0,0,1.01,0
tx_09933,1924,7.562681246721884,5411,0.1,9,0,3,0,1,0,0,6.61,0
tx_09934,20224,9.914674741926692,4121,0.2,19,0,2,1,1,0,0,4.99,0
tx_09935,15669,9.659503335350067,5311,0.4,23,1,2,-1,-1,0,0,13.09,0
tx_09936,4898,8.496786381638575,5712,0.25,17,0,8,0,1,0,0,0.62,0
tx_09937,12014,9.39391114817057,4121,0.2,17,1,3,1,-1,0,0,1.04,0
tx_09938,26910,10.200290403937228,5712,0.25,6,1,0,1,1,0,0,21.46,0
tx_09939,24027,10.086975095970052,5712,0.25,19,0,4,1,1,0,0,4.41,0
tx_09940,4764,8.469052816088302,5712,0.25,15,0,1,1,1,0,0,1.25,0
tx_09941,1980,7.591357046698551,5712,0.25,22,0,5,1,0,0,0,8.03,0
tx_09942,2330,7.754052639035757,5968,0.7,14,0,2,1,1,0,0,2.69,0
tx_09943,6057,8.709134991587183,4121,0.2,0,1,1,1,1,0,0,2.11,0
tx_09944,32675,10.39439614246176,4829,0.8,12,1,2,1,1,0,0,36.05,0
tx_09945,4077,8.3133619511344,5311,0.4,18,0,2,1,1,0,0,2.85,0
tx_09946,4622,8.438799123988225,5812,0.45,18,1,6,0,1,0,0,0.45,0
tx_09947,4533,8.419359831067474,6011,0.85,9,0,1,1,1,0,0,3.28,0
tx_09948,4915,8.500250470685925,6011,0.85,4,0,7,0,1,0,0,1.89,0
tx_09949,8059,8.994668835500674,5712,0.25,20,0,2,-1,1,0,0,0.29,0
tx_09950,2414,7.789454566086673,5411,0.1,19,0,5,0,1,0,0,10.87,0
tx_09951,22818,10.035348801246425,5411,0.1,21,1,3,1,1,0,0,22.08,0
tx_09952,7098,8.867709208039386,4121,0.2,16,0,5,0,1,0,0,7.45,0
tx_09953,85849,11.360356866325622,5412,0.2,19,1,2,0,0,0,0,3.96,0
tx_09954,2671,7.890582534656536,5691,0.35,9,1,3,0,1,0,0,2.82,0
tx_09955,36884,10.515560243318403,4829,0.8,18,0,0,1,1,0,0,3.84,0
tx_09956,30545,10.326989023130391,5814,0.3,11,1,1,1,0,0,0,13.61,0
tx_09957,5509,8.61431990214696,5968,0.7,19,1,0,1,0,0,0,0.39,0
tx_09958,5596,8.62998601889136,5311,0.4,3,1,2,1,1,0,1,4.68,0
tx_09959,3395,8.130353547431238,6011,0.85,7,1,0,1,1,0,0,17.05,0
tx_09960,3432,8.141189793457691,4814,0.55,5,1,3,1,0,0,0,0.98,0
tx_09961,8140,9.004668301573977,6011,0.85,9,0,4,0,0,0,0,14.58,0
tx_09962,8307,9.024974184996003,5814,0.3,19,0,3,1,1,0,0,33.38,0
tx_09963,1777,7.48324441607385,4900,0.1,2,1,3,1,1,0,0,2.42,0
tx_09964,71970,11.184018539083658,5812,0.45,17,0,3,1,1,0,0,0.95,0
tx_09965,6365,8.758726607842037,5311,0.4,19,0,1,1,-1,0,0,2.3,0
tx_09966,8669,9.067624069774588,5968,0.7,16,1,0,1,1,0,0,7.39,0
tx_09967,4493,8.410498452745275,4829,0.8,15,1,0,-1,0,0,0,95.97,0
tx_09968,6320,8.751632702472298,4900,0.1,3,1,1,1,1,0,0,1.92,0
tx_09969,5798,8.66544076787644,5311,0.4,14,1,4,1,1,0,0,2.03,0
tx_09970,8122,9.002454823050954,4829,0.8,5,0,1,1,1,0,0,4.26,0
tx_09971,8033,8.991437814919227,5311,0.4,5,0,0,1,1,0,0,5.7,0
tx_09972,17497,9.76984186766621,5712,0.25,20,1,1,1,1,0,0,4.81,0
tx_09973,10107,9.221082468508085,5712,0.25,14,1,3,-1,0,0,0,0.66,0
tx_09974,15903,9.674325928896355,5691,0.35,23,1,1,1,1,0,1,1.13,0
tx_09975,8070,8.996032669324372,4829,0.8,10,1,5,1,1,0,0,12.99,0
tx_09976,10146,9.224933374279082,4829,0.8,8,0,7,0,-1,1,0,3290.01,1
tx_09977,6476,8.776012719182917,6011,0.85,23,0,4,1,1,0,0,1.0,0
tx_09978,21123,9.958165113826825,4900,0.1,14,1,3,1,0,0,0,21.23,0
tx_09979,11066,9.311722986264785,4814,0.55,20,1,1,-1,1,0,0,0.3,0
tx_09980,7009,8.855092980028635,5412,0.2,1,1,2,1,1,0,0,6.76,0
tx_09981,6813,8.826734598220911,4121,0.2,12,1,3,1,1,0,0,3.3,0
tx_09982,7342,8.90150275745161,5311,0.4,19,0,3,-1,-1,0,0,7.51,0
tx_09983,8384,9.034199674257309,5968,0.7,19,1,6,1,1,0,1,0.96,0
tx_09984,7720,8.951699168308815,4900,0.1,17,0,2,1,1,0,0,12.93,0
tx_09985,4790,8.474494436883122,5812,0.45,3,1,2,1,-1,0,0,3.36,0
tx_09986,16845,9.73186851887531,5412,0.2,13,0,2,1,1,0,0,1.93,0
tx_09987,17887,9.791885375954825,5311,0.4,2,0,1,1,1,0,0,2.81,0
tx_09988,44349,10.699867987737726,5812,0.45,19,1,4,0,1,0,0,11.79,0
tx_09989,4590,8.431853144249223,5712,0.25,15,0,1,-1,1,0,0,4.51,0
tx_09990,15341,9.63834944451924,5311,0.4,4,0,1,1,1,0,0,7.2,0
tx_09991,1328,7.192182058713246,4900,0.1,17,0,1,-1,1,0,0,11.16,0
tx_09992,17904,9.792835282432533,6011,0.85,17,1,5,1,1,0,0,2.05,0
tx_09993,2041,7.621684998724611,4829,0.8,1,1,0,1,1,0,0,2.28,0
tx_09994,3197,8.0702808933939,7995,0.3,2,1,1,1,1,0,0,108.75,0
tx_09995,11168,9.320897362540826,5412,0.2,4,1,1,1,1,0,0,0.97,0
tx_09996,4513,8.414938957377482,7995,0.3,1,1,0,1,0,0,0,0.38,0
tx_09997,3963,8.285008895449879,5311,0.4,12,1,3,1,1,0,0,1.89,0
tx_09998,5139,8.544808358449211,5691,0.35,21,0,0,-1,1,0,0,3.32,0
tx_09999,16290,9.69836808706617,5712,0.25,1,0,1,1,1,0,0,11.71,0
